{
  "contains-subfigure": false,
  "Img-text": [],
  "paper-ID": "1001.3503v1",
  "figure-ID": "1001.3503v1-Figure15-1.png",
  "figure-type": "Graph Plot",
  "0-originally-extracted": "Fig. 15 Precision and recall graph",
  "1-lowercase-and-token-and-remove-figure-index": {
    "caption": "precision and recall graph .",
    "sentence": [
      "precision and recall graph ."
    ],
    "token": [
      "precision",
      "and",
      "recall",
      "graph",
      "."
    ]
  },
  "2-normalized": {
    "2-1-basic-num": {
      "caption": "precision and recall graph .",
      "sentence": [
        "precision and recall graph ."
      ],
      "token": [
        "precision",
        "and",
        "recall",
        "graph",
        "."
      ]
    },
    "2-2-advanced-euqation-bracket": {
      "caption": "precision and recall graph .",
      "sentence": [
        "precision and recall graph ."
      ],
      "tokens": [
        "precision",
        "and",
        "recall",
        "graph",
        "."
      ]
    }
  }
}