{
  "contains-subfigure": false,
  "Img-text": [
    "MKL",
    "(1",
    "N-EP",
    "core)",
    "CUDA",
    "(C1060",
    "GPU)",
    "RapidMind",
    "(C1060",
    "GPU)",
    "RapidMind",
    "(8",
    "N-EP",
    "cores)",
    "RapidMind",
    "(Cell,",
    "8",
    "SPUs)",
    "Fast",
    "Fourier",
    "Transformation",
    "(mod2f,",
    "sp)",
    "Length",
    "/s",
    "o",
    "p",
    "G",
    "Fl",
    "256",
    "1024",
    "4096",
    "16384",
    "65536",
    "262144",
    "1048576",
    "100",
    "10",
    "1",
    "0.1",
    "0.01",
    "0.001"
  ],
  "paper-ID": "1001.1902v2",
  "figure-ID": "1001.1902v2-Figure6-1.png",
  "figure-type": "Graph Plot",
  "0-originally-extracted": "Fig. 6. Performance comparison of the one-dimensional Fast Fourier Transformation. The RapidMind implementation is compared to a CUDA version of mod2f based on cuFFT and the corresponding MKL implementation. The gap between the RapidMind cuda-results and the highly-optimized cuFFT version is a factor of 5, the difference between the x86-results and the MKL version is again less than a factor of 3.",
  "1-lowercase-and-token-and-remove-figure-index": {
    "caption": "performance comparison of the one-dimensional fast fourier transformation . the rapidmind implementation is compared to a cuda version of mod2f based on cufft and the corresponding mkl implementation . the gap between the rapidmind cuda-results and the highly-optimized cufft version is a factor of 5 , the difference between the x8-results and the mkl version is again less than a factor of 3 .",
    "sentence": [
      "performance comparison of the one-dimensional fast fourier transformation .",
      "the rapidmind implementation is compared to a cuda version of mod2f based on cufft and the corresponding mkl implementation .",
      "the gap between the rapidmind cuda-results and the highly-optimized cufft version is a factor of 5 , the difference between the x8-results and the mkl version is again less than a factor of 3 ."
    ],
    "token": [
      "performance",
      "comparison",
      "of",
      "the",
      "one-dimensional",
      "fast",
      "fourier",
      "transformation",
      ".",
      "the",
      "rapidmind",
      "implementation",
      "is",
      "compared",
      "to",
      "a",
      "cuda",
      "version",
      "of",
      "mod2f",
      "based",
      "on",
      "cufft",
      "and",
      "the",
      "corresponding",
      "mkl",
      "implementation",
      ".",
      "the",
      "gap",
      "between",
      "the",
      "rapidmind",
      "cuda-results",
      "and",
      "the",
      "highly-optimized",
      "cufft",
      "version",
      "is",
      "a",
      "factor",
      "of",
      "5",
      ",",
      "the",
      "difference",
      "between",
      "the",
      "x8-results",
      "and",
      "the",
      "mkl",
      "version",
      "is",
      "again",
      "less",
      "than",
      "a",
      "factor",
      "of",
      "3",
      "."
    ]
  },
  "2-normalized": {
    "2-1-basic-num": {
      "caption": "performance comparison of the one-dimensional fast fourier transformation . the rapidmind implementation is compared to a cuda version of mod2f based on cufft and the corresponding mkl implementation . the gap between the rapidmind cuda-results and the highly-optimized cufft version is a factor of NUM-TK , the difference between the x8-results and the mkl version is again less than a factor of NUM-TK .",
      "sentence": [
        "performance comparison of the one-dimensional fast fourier transformation .",
        "the rapidmind implementation is compared to a cuda version of mod2f based on cufft and the corresponding mkl implementation .",
        "the gap between the rapidmind cuda-results and the highly-optimized cufft version is a factor of NUM-TK , the difference between the x8-results and the mkl version is again less than a factor of NUM-TK ."
      ],
      "token": [
        "performance",
        "comparison",
        "of",
        "the",
        "one-dimensional",
        "fast",
        "fourier",
        "transformation",
        ".",
        "the",
        "rapidmind",
        "implementation",
        "is",
        "compared",
        "to",
        "a",
        "cuda",
        "version",
        "of",
        "mod2f",
        "based",
        "on",
        "cufft",
        "and",
        "the",
        "corresponding",
        "mkl",
        "implementation",
        ".",
        "the",
        "gap",
        "between",
        "the",
        "rapidmind",
        "cuda-results",
        "and",
        "the",
        "highly-optimized",
        "cufft",
        "version",
        "is",
        "a",
        "factor",
        "of",
        "NUM-TK",
        ",",
        "the",
        "difference",
        "between",
        "the",
        "x8-results",
        "and",
        "the",
        "mkl",
        "version",
        "is",
        "again",
        "less",
        "than",
        "a",
        "factor",
        "of",
        "NUM-TK",
        "."
      ]
    },
    "2-2-advanced-euqation-bracket": {
      "caption": "performance comparison of the one-dimensional fast fourier transformation . the rapidmind implementation is compared to a cuda version of mod2f based on cufft and the corresponding mkl implementation . the gap between the rapidmind cuda-results and the highly-optimized cufft version is a factor of NUM , the difference between the x8-results and the mkl version is again less than a factor of NUM .",
      "sentence": [
        "performance comparison of the one-dimensional fast fourier transformation .",
        "the rapidmind implementation is compared to a cuda version of mod2f based on cufft and the corresponding mkl implementation .",
        "the gap between the rapidmind cuda-results and the highly-optimized cufft version is a factor of NUM , the difference between the x8-results and the mkl version is again less than a factor of NUM ."
      ],
      "tokens": [
        "performance",
        "comparison",
        "of",
        "the",
        "one-dimensional",
        "fast",
        "fourier",
        "transformation",
        ".",
        "the",
        "rapidmind",
        "implementation",
        "is",
        "compared",
        "to",
        "a",
        "cuda",
        "version",
        "of",
        "mod2f",
        "based",
        "on",
        "cufft",
        "and",
        "the",
        "corresponding",
        "mkl",
        "implementation",
        ".",
        "the",
        "gap",
        "between",
        "the",
        "rapidmind",
        "cuda-results",
        "and",
        "the",
        "highly-optimized",
        "cufft",
        "version",
        "is",
        "a",
        "factor",
        "of",
        "NUM",
        ",",
        "the",
        "difference",
        "between",
        "the",
        "x8-results",
        "and",
        "the",
        "mkl",
        "version",
        "is",
        "again",
        "less",
        "than",
        "a",
        "factor",
        "of",
        "NUM",
        "."
      ]
    }
  }
}