{
  "contains-subfigure": false,
  "Img-text": [
    "O,T",
    "2",
    "Input",
    "Code",
    "C\u2019",
    "Output",
    "Code",
    "C",
    "O,T",
    "2",
    "Input",
    "Code",
    "C",
    "Output",
    "Code",
    "C\u2019",
    "BER",
    "at",
    "Sink",
    "T",
    "2",
    "k",
    "T",
    "2",
    "t",
    "S",
    "in",
    "R",
    "a",
    "B",
    "E",
    "Probability",
    "of",
    "an",
    "edge",
    "being",
    "in",
    "error",
    "(p",
    "e",
    ")",
    "5",
    "00.050.10.150.20.250.3",
    "0",
    "0.05",
    "0.1",
    "0.15",
    "0.2",
    "0.25",
    "0.3",
    "0.35",
    "0.4",
    "0.45",
    "0.5"
  ],
  "paper-ID": "1001.1026v1",
  "figure-ID": "1001.1026v1-Figure3-1.png",
  "figure-type": "Graph Plot",
  "0-originally-extracted": "Fig. 3. BER at SinkT2 for two CNECCs (Table II)",
  "1-lowercase-and-token-and-remove-figure-index": {
    "caption": "ber at sinkt2 for two cneccs ( table ii ) .",
    "sentence": [
      "ber at sinkt2 for two cneccs ( table ii ) ."
    ],
    "token": [
      "ber",
      "at",
      "sinkt2",
      "for",
      "two",
      "cneccs",
      "(",
      "table",
      "ii",
      ")",
      "."
    ]
  },
  "2-normalized": {
    "2-1-basic-num": {
      "caption": "ber at sinkt2 for NUM-TK cneccs ( table ii ) .",
      "sentence": [
        "ber at sinkt2 for NUM-TK cneccs ( table ii ) ."
      ],
      "token": [
        "ber",
        "at",
        "sinkt2",
        "for",
        "NUM-TK",
        "cneccs",
        "(",
        "table",
        "ii",
        ")",
        "."
      ]
    },
    "2-2-advanced-euqation-bracket": {
      "caption": "ber at sinkt2 for NUM cneccs BRACKET-TK .",
      "sentence": [
        "ber at sinkt2 for NUM cneccs BRACKET-TK ."
      ],
      "tokens": [
        "ber",
        "at",
        "sinkt2",
        "for",
        "NUM",
        "cneccs",
        "BRACKET-TK",
        "."
      ]
    }
  }
}