{
  "contains-subfigure": false,
  "Img-text": [],
  "paper-ID": "1001.2938v1",
  "figure-ID": "1001.2938v1-Figure9-1.png",
  "figure-type": "Graph Plot",
  "0-originally-extracted": "Fig. 9. Bandwidth allocation in the half-duplex relaying schemes with respect to the relay location.",
  "1-lowercase-and-token-and-remove-figure-index": {
    "caption": "bandwidth allocation in the half-duplex relaying schemes with respect to the relay location .",
    "sentence": [
      "bandwidth allocation in the half-duplex relaying schemes with respect to the relay location ."
    ],
    "token": [
      "bandwidth",
      "allocation",
      "in",
      "the",
      "half-duplex",
      "relaying",
      "schemes",
      "with",
      "respect",
      "to",
      "the",
      "relay",
      "location",
      "."
    ]
  },
  "2-normalized": {
    "2-1-basic-num": {
      "caption": "bandwidth allocation in the half-duplex relaying schemes with respect to the relay location .",
      "sentence": [
        "bandwidth allocation in the half-duplex relaying schemes with respect to the relay location ."
      ],
      "token": [
        "bandwidth",
        "allocation",
        "in",
        "the",
        "half-duplex",
        "relaying",
        "schemes",
        "with",
        "respect",
        "to",
        "the",
        "relay",
        "location",
        "."
      ]
    },
    "2-2-advanced-euqation-bracket": {
      "caption": "bandwidth allocation in the half-duplex relaying schemes with respect to the relay location .",
      "sentence": [
        "bandwidth allocation in the half-duplex relaying schemes with respect to the relay location ."
      ],
      "tokens": [
        "bandwidth",
        "allocation",
        "in",
        "the",
        "half-duplex",
        "relaying",
        "schemes",
        "with",
        "respect",
        "to",
        "the",
        "relay",
        "location",
        "."
      ]
    }
  }
}