{
  "contains-subfigure": false,
  "Img-text": [
    "lf=1",
    "lf=2",
    "lf=4",
    "lf=8",
    "lf=16",
    "r",
    "E",
    "rro",
    "Number",
    "of",
    "iterations",
    "10",
    "0",
    "10",
    "-1",
    "10",
    "-2",
    "10",
    "-3",
    "0",
    "0.5",
    "1",
    "1.5",
    "2",
    "2.5",
    "x",
    "10",
    "4"
  ],
  "paper-ID": "1001.4301v1",
  "figure-ID": "1001.4301v1-Figure12-1.png",
  "figure-type": "Graph Plot",
  "0-originally-extracted": "Fig. 12 Experimental results for (A3)",
  "1-lowercase-and-token-and-remove-figure-index": {
    "caption": "experimental results for ( a3 ) .",
    "sentence": [
      "experimental results for ( a3 ) ."
    ],
    "token": [
      "experimental",
      "results",
      "for",
      "(",
      "a3",
      ")",
      "."
    ]
  },
  "2-normalized": {
    "2-1-basic-num": {
      "caption": "experimental results for ( a3 ) .",
      "sentence": [
        "experimental results for ( a3 ) ."
      ],
      "token": [
        "experimental",
        "results",
        "for",
        "(",
        "a3",
        ")",
        "."
      ]
    },
    "2-2-advanced-euqation-bracket": {
      "caption": "experimental results for BRACKET-TK .",
      "sentence": [
        "experimental results for BRACKET-TK ."
      ],
      "tokens": [
        "experimental",
        "results",
        "for",
        "BRACKET-TK",
        "."
      ]
    }
  }
}