{
  "contains-subfigure": false,
  "Img-text": [],
  "paper-ID": "1001.4122v1",
  "figure-ID": "1001.4122v1-Figure4-1.png",
  "figure-type": "Graph Plot",
  "0-originally-extracted": "Fig. 4. Empirical cumulative distribution functions for the eigenvalues of the two-stars graph (blue) and the graph returned by our algorithm (red).",
  "1-lowercase-and-token-and-remove-figure-index": {
    "caption": "empirical cumulative distribution functions for the eigenvalues of the two-stars graph ( blue ) and the graph returned by our algorithm ( red ) .",
    "sentence": [
      "empirical cumulative distribution functions for the eigenvalues of the two-stars graph ( blue ) and the graph returned by our algorithm ( red ) ."
    ],
    "token": [
      "empirical",
      "cumulative",
      "distribution",
      "functions",
      "for",
      "the",
      "eigenvalues",
      "of",
      "the",
      "two-stars",
      "graph",
      "(",
      "blue",
      ")",
      "and",
      "the",
      "graph",
      "returned",
      "by",
      "our",
      "algorithm",
      "(",
      "red",
      ")",
      "."
    ]
  },
  "2-normalized": {
    "2-1-basic-num": {
      "caption": "empirical cumulative distribution functions for the eigenvalues of the two-stars graph ( blue ) and the graph returned by our algorithm ( red ) .",
      "sentence": [
        "empirical cumulative distribution functions for the eigenvalues of the two-stars graph ( blue ) and the graph returned by our algorithm ( red ) ."
      ],
      "token": [
        "empirical",
        "cumulative",
        "distribution",
        "functions",
        "for",
        "the",
        "eigenvalues",
        "of",
        "the",
        "two-stars",
        "graph",
        "(",
        "blue",
        ")",
        "and",
        "the",
        "graph",
        "returned",
        "by",
        "our",
        "algorithm",
        "(",
        "red",
        ")",
        "."
      ]
    },
    "2-2-advanced-euqation-bracket": {
      "caption": "empirical cumulative distribution functions for the eigenvalues of the two-stars graph BRACKET-TK and the graph returned by our algorithm BRACKET-TK .",
      "sentence": [
        "empirical cumulative distribution functions for the eigenvalues of the two-stars graph BRACKET-TK and the graph returned by our algorithm BRACKET-TK ."
      ],
      "tokens": [
        "empirical",
        "cumulative",
        "distribution",
        "functions",
        "for",
        "the",
        "eigenvalues",
        "of",
        "the",
        "two-stars",
        "graph",
        "BRACKET-TK",
        "and",
        "the",
        "graph",
        "returned",
        "by",
        "our",
        "algorithm",
        "BRACKET-TK",
        "."
      ]
    }
  }
}