{
  "contains-subfigure": false,
  "Img-text": [
    "pf=1",
    "pf=2",
    "pf=3",
    "pf=4",
    "pf=5",
    "r",
    "E",
    "rro",
    "Number",
    "of",
    "iterations",
    "10",
    "5",
    "10",
    "0",
    "10",
    "-5",
    "10",
    "-10",
    "10",
    "-15",
    "10",
    "-20",
    "0",
    "0.5",
    "1",
    "1.5",
    "2",
    "2.5",
    "x",
    "10",
    "4"
  ],
  "paper-ID": "1001.4301v1",
  "figure-ID": "1001.4301v1-Figure8-1.png",
  "figure-type": "Graph Plot",
  "0-originally-extracted": "Fig. 8 Experimental results for (A5)",
  "1-lowercase-and-token-and-remove-figure-index": {
    "caption": "experimental results for ( a5 ) .",
    "sentence": [
      "experimental results for ( a5 ) ."
    ],
    "token": [
      "experimental",
      "results",
      "for",
      "(",
      "a5",
      ")",
      "."
    ]
  },
  "2-normalized": {
    "2-1-basic-num": {
      "caption": "experimental results for ( a5 ) .",
      "sentence": [
        "experimental results for ( a5 ) ."
      ],
      "token": [
        "experimental",
        "results",
        "for",
        "(",
        "a5",
        ")",
        "."
      ]
    },
    "2-2-advanced-euqation-bracket": {
      "caption": "experimental results for BRACKET-TK .",
      "sentence": [
        "experimental results for BRACKET-TK ."
      ],
      "tokens": [
        "experimental",
        "results",
        "for",
        "BRACKET-TK",
        "."
      ]
    }
  }
}