{
  "contains-subfigure": false,
  "Img-text": [
    "ONE_STATE_Simulation",
    "CBCJR_Simulation",
    "TWO_STATES_Simulation",
    "SNR",
    "(dB)",
    "R",
    "B",
    "E",
    "-30",
    "-25",
    "-20",
    "-15",
    "-10",
    "-5",
    "0",
    "5",
    "10",
    "15",
    "20",
    "25",
    "0.5",
    "0.4",
    "0.3",
    "0.2",
    "0.1",
    "0"
  ],
  "paper-ID": "1001.3550v2",
  "figure-ID": "1001.3550v2-Figure3-1.png",
  "figure-type": "Graph Plot",
  "0-originally-extracted": "Figure 3: Performance comparison of different causal decoders.",
  "1-lowercase-and-token-and-remove-figure-index": {
    "caption": "performance comparison of different causal decoders .",
    "sentence": [
      "performance comparison of different causal decoders ."
    ],
    "token": [
      "performance",
      "comparison",
      "of",
      "different",
      "causal",
      "decoders",
      "."
    ]
  },
  "2-normalized": {
    "2-1-basic-num": {
      "caption": "performance comparison of different causal decoders .",
      "sentence": [
        "performance comparison of different causal decoders ."
      ],
      "token": [
        "performance",
        "comparison",
        "of",
        "different",
        "causal",
        "decoders",
        "."
      ]
    },
    "2-2-advanced-euqation-bracket": {
      "caption": "performance comparison of different causal decoders .",
      "sentence": [
        "performance comparison of different causal decoders ."
      ],
      "tokens": [
        "performance",
        "comparison",
        "of",
        "different",
        "causal",
        "decoders",
        "."
      ]
    }
  }
}