{
  "contains-subfigure": false,
  "Img-text": [
    "Lemma",
    "4.12",
    "vertex",
    "w",
    "vertex",
    "v",
    "(0)",
    "(",
    "2\u230aaj(v)3",
    "\u230b",
    ")",
    "(",
    "\u230aaj(v)3",
    "\u230b",
    ")",
    "(aj(v))",
    "Lemm",
    "a",
    "4.12",
    "Lemm",
    "a",
    "4.12",
    "i+",
    "i\u2212",
    "i",
    "i\u2032",
    "j"
  ],
  "paper-ID": "1001.2785v2",
  "figure-ID": "1001.2785v2-Figure5-1.png",
  "figure-type": "Graph Plot",
  "0-originally-extracted": "Fig. 5. Proof scheme of Lemma 4.13: vertical axes denote time, the value between brackets are lower bounds for the counter a.",
  "1-lowercase-and-token-and-remove-figure-index": {
    "caption": "proof scheme of lemma 4.13 : vertical axes denote time , the value between brackets are lower bounds for the counter a .",
    "sentence": [
      "proof scheme of lemma 4.13 : vertical axes denote time , the value between brackets are lower bounds for the counter a ."
    ],
    "token": [
      "proof",
      "scheme",
      "of",
      "lemma",
      "4.13",
      ":",
      "vertical",
      "axes",
      "denote",
      "time",
      ",",
      "the",
      "value",
      "between",
      "brackets",
      "are",
      "lower",
      "bounds",
      "for",
      "the",
      "counter",
      "a",
      "."
    ]
  },
  "2-normalized": {
    "2-1-basic-num": {
      "caption": "proof scheme of lemma NUM-TK : vertical axes denote time , the value between brackets are lower bounds for the counter a .",
      "sentence": [
        "proof scheme of lemma NUM-TK : vertical axes denote time , the value between brackets are lower bounds for the counter a ."
      ],
      "token": [
        "proof",
        "scheme",
        "of",
        "lemma",
        "NUM-TK",
        ":",
        "vertical",
        "axes",
        "denote",
        "time",
        ",",
        "the",
        "value",
        "between",
        "brackets",
        "are",
        "lower",
        "bounds",
        "for",
        "the",
        "counter",
        "a",
        "."
      ]
    },
    "2-2-advanced-euqation-bracket": {
      "caption": "proof scheme of lemma NUM : vertical axes denote time , the value between brackets are lower bounds for the counter a .",
      "sentence": [
        "proof scheme of lemma NUM : vertical axes denote time , the value between brackets are lower bounds for the counter a ."
      ],
      "tokens": [
        "proof",
        "scheme",
        "of",
        "lemma",
        "NUM",
        ":",
        "vertical",
        "axes",
        "denote",
        "time",
        ",",
        "the",
        "value",
        "between",
        "brackets",
        "are",
        "lower",
        "bounds",
        "for",
        "the",
        "counter",
        "a",
        "."
      ]
    }
  }
}