{
  "contains-subfigure": false,
  "Img-text": [],
  "paper-ID": "1001.1603v1",
  "figure-ID": "1001.1603v1-Figure6-1.png",
  "figure-type": "Graph Plot",
  "0-originally-extracted": "Fig. 6. Demodulator output BER of the rate 3/4 MIMO codes in 16-QAM constellation mapping.",
  "1-lowercase-and-token-and-remove-figure-index": {
    "caption": "demodulator output ber of the rate 3/4 mimo codes in 1-qam constellation mapping .",
    "sentence": [
      "demodulator output ber of the rate 3/4 mimo codes in 1-qam constellation mapping ."
    ],
    "token": [
      "demodulator",
      "output",
      "ber",
      "of",
      "the",
      "rate",
      "3/4",
      "mimo",
      "codes",
      "in",
      "1-qam",
      "constellation",
      "mapping",
      "."
    ]
  },
  "2-normalized": {
    "2-1-basic-num": {
      "caption": "demodulator output ber of the rate NUM-TK mimo codes in 1-qam constellation mapping .",
      "sentence": [
        "demodulator output ber of the rate NUM-TK mimo codes in 1-qam constellation mapping ."
      ],
      "token": [
        "demodulator",
        "output",
        "ber",
        "of",
        "the",
        "rate",
        "NUM-TK",
        "mimo",
        "codes",
        "in",
        "1-qam",
        "constellation",
        "mapping",
        "."
      ]
    },
    "2-2-advanced-euqation-bracket": {
      "caption": "demodulator output ber of the rate NUM mimo codes in 1-qam constellation mapping .",
      "sentence": [
        "demodulator output ber of the rate NUM mimo codes in 1-qam constellation mapping ."
      ],
      "tokens": [
        "demodulator",
        "output",
        "ber",
        "of",
        "the",
        "rate",
        "NUM",
        "mimo",
        "codes",
        "in",
        "1-qam",
        "constellation",
        "mapping",
        "."
      ]
    }
  }
}