{
  "contains-subfigure": false,
  "Img-text": [
    "EP",
    "O(1)",
    "ENoCSIS",
    "(1,",
    "20)",
    "ENoCSIS",
    "(1,",
    "10)",
    "ECSIS",
    "(1)",
    "EAWGN",
    "(1)",
    "p1",
    "=",
    "0.5;",
    "N",
    "=",
    "1;",
    "\u03b3s",
    "=",
    "0",
    "dB",
    "t",
    "e",
    "n",
    "o",
    "n",
    "E",
    "x",
    "p",
    "o",
    "r",
    "E",
    "rr",
    "\u03b3c",
    "(dB)",
    "0.12",
    "0.103",
    "0.083",
    "0.063",
    "2",
    "4",
    "6",
    "8",
    "10",
    "12",
    "0.043"
  ],
  "paper-ID": "1001.3173v2",
  "figure-ID": "1001.3173v2-Figure5-1.png",
  "figure-type": "Graph Plot",
  "0-originally-extracted": "Fig. 5. Optimal Rayleigh performance, AWGN performance andRicean no CSIS performance with one antenna at the FC.",
  "1-lowercase-and-token-and-remove-figure-index": {
    "caption": "optimal rayleigh performance , awgn performance andricean no csis performance with one antenna at the fc .",
    "sentence": [
      "optimal rayleigh performance , awgn performance andricean no csis performance with one antenna at the fc ."
    ],
    "token": [
      "optimal",
      "rayleigh",
      "performance",
      ",",
      "awgn",
      "performance",
      "andricean",
      "no",
      "csis",
      "performance",
      "with",
      "one",
      "antenna",
      "at",
      "the",
      "fc",
      "."
    ]
  },
  "2-normalized": {
    "2-1-basic-num": {
      "caption": "optimal rayleigh performance , awgn performance andricean no csis performance with NUM-TK antenna at the fc .",
      "sentence": [
        "optimal rayleigh performance , awgn performance andricean no csis performance with NUM-TK antenna at the fc ."
      ],
      "token": [
        "optimal",
        "rayleigh",
        "performance",
        ",",
        "awgn",
        "performance",
        "andricean",
        "no",
        "csis",
        "performance",
        "with",
        "NUM-TK",
        "antenna",
        "at",
        "the",
        "fc",
        "."
      ]
    },
    "2-2-advanced-euqation-bracket": {
      "caption": "optimal rayleigh performance , awgn performance andricean no csis performance with NUM antenna at the fc .",
      "sentence": [
        "optimal rayleigh performance , awgn performance andricean no csis performance with NUM antenna at the fc ."
      ],
      "tokens": [
        "optimal",
        "rayleigh",
        "performance",
        ",",
        "awgn",
        "performance",
        "andricean",
        "no",
        "csis",
        "performance",
        "with",
        "NUM",
        "antenna",
        "at",
        "the",
        "fc",
        "."
      ]
    }
  }
}