{
  "contains-subfigure": false,
  "Img-text": [
    "User",
    "1",
    "Rk+l+1",
    "X\u0302k+l",
    "X\u0302k+2",
    "X\u0302k+1",
    "X\u0302k",
    "X\u03022X\u03021",
    "YYYY",
    "Rk+l",
    "Rk+l\u22121",
    "Rk+2",
    "Rk+1",
    "R2R1",
    "R3",
    "Rk",
    "Userk",
    "+",
    "l",
    "Userk",
    "+",
    "2",
    "Userk",
    "+",
    "1",
    "aX",
    "Encoder",
    "User",
    "2",
    "Userk"
  ],
  "paper-ID": "1001.1679v1",
  "figure-ID": "1001.1679v1-Figure6-1.png",
  "figure-type": "Graph Plot",
  "0-originally-extracted": "Fig. 6. A triangular rate distortion problem withk + l users, where the side informationY is known to the encoder and to Users1, 2, ..., k, but not to Usersk + 1, k + 2, ..., k + l.",
  "1-lowercase-and-token-and-remove-figure-index": {
    "caption": "a triangular rate distortion problem withk + l users , where the side informationy is known to the encoder and to users1 , 2 , ... , k , but not to usersk + 1 , k + 2 , ... , k + l .",
    "sentence": [
      "a triangular rate distortion problem withk + l users , where the side informationy is known to the encoder and to users1 , 2 , ... , k , but not to usersk + 1 , k + 2 , ... , k + l ."
    ],
    "token": [
      "a",
      "triangular",
      "rate",
      "distortion",
      "problem",
      "withk",
      "+",
      "l",
      "users",
      ",",
      "where",
      "the",
      "side",
      "informationy",
      "is",
      "known",
      "to",
      "the",
      "encoder",
      "and",
      "to",
      "users1",
      ",",
      "2",
      ",",
      "...",
      ",",
      "k",
      ",",
      "but",
      "not",
      "to",
      "usersk",
      "+",
      "1",
      ",",
      "k",
      "+",
      "2",
      ",",
      "...",
      ",",
      "k",
      "+",
      "l",
      "."
    ]
  },
  "2-normalized": {
    "2-1-basic-num": {
      "caption": "a triangular rate distortion problem withk + l users , where the side informationy is known to the encoder and to users1 , NUM-TK , ... , k , but not to usersk + NUM-TK , k + NUM-TK , ... , k + l .",
      "sentence": [
        "a triangular rate distortion problem withk + l users , where the side informationy is known to the encoder and to users1 , NUM-TK , ... , k , but not to usersk + NUM-TK , k + NUM-TK , ... , k + l ."
      ],
      "token": [
        "a",
        "triangular",
        "rate",
        "distortion",
        "problem",
        "withk",
        "+",
        "l",
        "users",
        ",",
        "where",
        "the",
        "side",
        "informationy",
        "is",
        "known",
        "to",
        "the",
        "encoder",
        "and",
        "to",
        "users1",
        ",",
        "NUM-TK",
        ",",
        "...",
        ",",
        "k",
        ",",
        "but",
        "not",
        "to",
        "usersk",
        "+",
        "NUM-TK",
        ",",
        "k",
        "+",
        "NUM-TK",
        ",",
        "...",
        ",",
        "k",
        "+",
        "l",
        "."
      ]
    },
    "2-2-advanced-euqation-bracket": {
      "caption": "a triangular rate distortion problem withk + l users , where the side informationy is known to the encoder and to users1 , NUM , ... , k , but not to usersk + NUM , k + NUM , ... , k + l .",
      "sentence": [
        "a triangular rate distortion problem withk + l users , where the side informationy is known to the encoder and to users1 , NUM , ... , k , but not to usersk + NUM , k + NUM , ... , k + l ."
      ],
      "tokens": [
        "a",
        "triangular",
        "rate",
        "distortion",
        "problem",
        "withk",
        "+",
        "l",
        "users",
        ",",
        "where",
        "the",
        "side",
        "informationy",
        "is",
        "known",
        "to",
        "the",
        "encoder",
        "and",
        "to",
        "users1",
        ",",
        "NUM",
        ",",
        "...",
        ",",
        "k",
        ",",
        "but",
        "not",
        "to",
        "usersk",
        "+",
        "NUM",
        ",",
        "k",
        "+",
        "NUM",
        ",",
        "...",
        ",",
        "k",
        "+",
        "l",
        "."
      ]
    }
  }
}