{
  "contains-subfigure": false,
  "Img-text": [
    "\u03ba\u2217(0.44)",
    "\u03bb\u2217(0.44)",
    "\u03ba",
    "\u2217(0.44)",
    "\u03bb\u2217(0.44)",
    "\u2212",
    "0",
    ".4",
    "1",
    "9",
    "1",
    "e",
    "=",
    "sl",
    "op",
    "6",
    "0",
    ".2",
    "1",
    "5",
    "7",
    "e",
    "=",
    "\u2212",
    "0",
    ".1",
    "0",
    "9",
    "8",
    "6",
    "sl",
    "op",
    "e",
    "=",
    "sl",
    "op",
    "?",
    "0",
    ".1",
    "0",
    "4",
    "8",
    "e",
    "=",
    "sl",
    "op",
    "s",
    ")",
    "=",
    "\u2212",
    "0.2202",
    "?",
    "h",
    "\u2032",
    "(x",
    "u)",
    "=",
    "0.",
    "19",
    "84",
    "0",
    ".2",
    "0",
    "5",
    "4",
    "h",
    "\u2032",
    "(x",
    "x",
    "u",
    "=",
    "0",
    ".3",
    "2",
    "6",
    "5",
    "x",
    "s",
    "=",
    "0.0",
    "0.01",
    "0.00",
    "-0.01",
    "-0.02",
    "0.1",
    "0.2",
    "0.3",
    "0.4",
    "-0.03"
  ],
  "paper-ID": "1001.1826v2",
  "figure-ID": "1001.1826v2-Figure11-1.png",
  "figure-type": "Graph Plot",
  "0-originally-extracted": "Fig. 11. Pictorial representation of the various quantities which appear in Lemma 32. We use the (3, 6) ensemble to transmit over a BEC with erasure probability = 0.44. The function h(x) = 0.44(1 \u2212 (1 \u2212 x)5)2 \u2212 x is represented in the figure by the smooth bold curve. The roots of h(x) = 0 or, equivalently, the FPs of DE are given by 0, xu(0.44) \u2248 0.2054, and xs(0.44) \u2248 0.3265. There are only two stationary points of h(x), i.e., only two points at which h\u2032(x) = 0. They are given by x\u2217(0.44) \u2248 0.0697 and x\u2217(0.44) \u2248 0.2673. Along with the curve h(x), the figure contains three dashed lines representing the tangents at the points 0, xu(0.44) and xs(0.44). The slopes of the tangents at 0, xu(0.44) and xs(0.44) are h\u2032(0) = \u22121, h\u2032(xu) = 0.1984 and h\u2032(xs) = \u22120.2202, respectively. Also shown are the four lines which bound h(x) in the various regions. These lines are given (their end-points) by: {(0, 0), (x\u2217, h(x\u2217))} , {(x\u2217, h(x\u2217)), (xu(0.44), 0)}, {(xu(0.44), 0), (x\u2217, h(x\u2217))} and {(x\u2217, h(x\u2217)), (xs(0.44), 0)} and have slopes \u22120.4191, 0.2157, 0.1048 and \u22120.1098 respectively. Thus we have \u03ba\u2217(0.44) = 0.1048, \u03bb\u2217(0.44) = 0.1098, \u03ba\u2217(0.44) = 0.4191 and \u03bb\u2217(0.44) = 0.1984.",
  "1-lowercase-and-token-and-remove-figure-index": {
    "caption": "pictorial representation of the various quantities which appear in lemma 32. we use the ( 3 , 6 ) ensemble to transmit over a bec with erasure probability = 0.44. the function h ( x ) = 0.44 ( 1 \u2212 ( 1 \u2212 x ) 5 ) 2 \u2212 x is represented in the figure by the smooth bold curve . the roots of h ( x ) = 0 or , equivalently , the fps of de are given by 0 , xu ( 0.44 ) \u2248 0.2054 , and xs ( 0.44 ) \u2248 0.3265. there are only two stationary points of h ( x ) , i.e. , only two points at which h\u2032 ( x ) = 0. they are given by x\u2217 ( 0.44 ) \u2248 0.0697 and x\u2217 ( 0.44 ) \u2248 0.2673. along with the curve h ( x ) , the figure contains three dashed lines representing the tangents at the points 0 , xu ( 0.44 ) and xs ( 0.44 ) . the slopes of the tangents at 0 , xu ( 0.44 ) and xs ( 0.44 ) are h\u2032 ( 0 ) = \u22121 , h\u2032 ( xu ) = 0.1984 and h\u2032 ( xs ) = \u22120.2202 , respectively . also shown are the four lines which bound h ( x ) in the various regions . these lines are given ( their end-points ) by : { ( 0 , 0 ) , ( x\u2217 , h ( x\u2217 ) ) } , { ( x\u2217 , h ( x\u2217 ) ) , ( xu ( 0.44 ) , 0 ) } , { ( xu ( 0.44 ) , 0 ) , ( x\u2217 , h ( x\u2217 ) ) } and { ( x\u2217 , h ( x\u2217 ) ) , ( xs ( 0.44 ) , 0 ) } and have slopes \u22120.4191 , 0.2157 , 0.1048 and \u22120.1098 respectively . thus we have \u03ba\u2217 ( 0.44 ) = 0.1048 , \u03bb\u2217 ( 0.44 ) = 0.1098 , \u03ba\u2217 ( 0.44 ) = 0.4191 and \u03bb\u2217 ( 0.44 ) = 0.1984 .",
    "sentence": [
      "pictorial representation of the various quantities which appear in lemma 32. we use the ( 3 , 6 ) ensemble to transmit over a bec with erasure probability = 0.44. the function h ( x ) = 0.44 ( 1 \u2212 ( 1 \u2212 x ) 5 ) 2 \u2212 x is represented in the figure by the smooth bold curve .",
      "the roots of h ( x ) = 0 or , equivalently , the fps of de are given by 0 , xu ( 0.44 ) \u2248 0.2054 , and xs ( 0.44 ) \u2248 0.3265. there are only two stationary points of h ( x ) , i.e.",
      ", only two points at which h\u2032 ( x ) = 0. they are given by x\u2217 ( 0.44 ) \u2248 0.0697 and x\u2217 ( 0.44 ) \u2248 0.2673. along with the curve h ( x ) , the figure contains three dashed lines representing the tangents at the points 0 , xu ( 0.44 ) and xs ( 0.44 ) .",
      "the slopes of the tangents at 0 , xu ( 0.44 ) and xs ( 0.44 ) are h\u2032 ( 0 ) = \u22121 , h\u2032 ( xu ) = 0.1984 and h\u2032 ( xs ) = \u22120.2202 , respectively .",
      "also shown are the four lines which bound h ( x ) in the various regions .",
      "these lines are given ( their end-points ) by : { ( 0 , 0 ) , ( x\u2217 , h ( x\u2217 ) ) } , { ( x\u2217 , h ( x\u2217 ) ) , ( xu ( 0.44 ) , 0 ) } , { ( xu ( 0.44 ) , 0 ) , ( x\u2217 , h ( x\u2217 ) ) } and { ( x\u2217 , h ( x\u2217 ) ) , ( xs ( 0.44 ) , 0 ) } and have slopes \u22120.4191 , 0.2157 , 0.1048 and \u22120.1098 respectively .",
      "thus we have \u03ba\u2217 ( 0.44 ) = 0.1048 , \u03bb\u2217 ( 0.44 ) = 0.1098 , \u03ba\u2217 ( 0.44 ) = 0.4191 and \u03bb\u2217 ( 0.44 ) = 0.1984 ."
    ],
    "token": [
      "pictorial",
      "representation",
      "of",
      "the",
      "various",
      "quantities",
      "which",
      "appear",
      "in",
      "lemma",
      "32.",
      "we",
      "use",
      "the",
      "(",
      "3",
      ",",
      "6",
      ")",
      "ensemble",
      "to",
      "transmit",
      "over",
      "a",
      "bec",
      "with",
      "erasure",
      "probability",
      "=",
      "0.44.",
      "the",
      "function",
      "h",
      "(",
      "x",
      ")",
      "=",
      "0.44",
      "(",
      "1",
      "\u2212",
      "(",
      "1",
      "\u2212",
      "x",
      ")",
      "5",
      ")",
      "2",
      "\u2212",
      "x",
      "is",
      "represented",
      "in",
      "the",
      "figure",
      "by",
      "the",
      "smooth",
      "bold",
      "curve",
      ".",
      "the",
      "roots",
      "of",
      "h",
      "(",
      "x",
      ")",
      "=",
      "0",
      "or",
      ",",
      "equivalently",
      ",",
      "the",
      "fps",
      "of",
      "de",
      "are",
      "given",
      "by",
      "0",
      ",",
      "xu",
      "(",
      "0.44",
      ")",
      "\u2248",
      "0.2054",
      ",",
      "and",
      "xs",
      "(",
      "0.44",
      ")",
      "\u2248",
      "0.3265.",
      "there",
      "are",
      "only",
      "two",
      "stationary",
      "points",
      "of",
      "h",
      "(",
      "x",
      ")",
      ",",
      "i.e",
      ".",
      ",",
      "only",
      "two",
      "points",
      "at",
      "which",
      "h\u2032",
      "(",
      "x",
      ")",
      "=",
      "0.",
      "they",
      "are",
      "given",
      "by",
      "x\u2217",
      "(",
      "0.44",
      ")",
      "\u2248",
      "0.0697",
      "and",
      "x\u2217",
      "(",
      "0.44",
      ")",
      "\u2248",
      "0.2673.",
      "along",
      "with",
      "the",
      "curve",
      "h",
      "(",
      "x",
      ")",
      ",",
      "the",
      "figure",
      "contains",
      "three",
      "dashed",
      "lines",
      "representing",
      "the",
      "tangents",
      "at",
      "the",
      "points",
      "0",
      ",",
      "xu",
      "(",
      "0.44",
      ")",
      "and",
      "xs",
      "(",
      "0.44",
      ")",
      ".",
      "the",
      "slopes",
      "of",
      "the",
      "tangents",
      "at",
      "0",
      ",",
      "xu",
      "(",
      "0.44",
      ")",
      "and",
      "xs",
      "(",
      "0.44",
      ")",
      "are",
      "h\u2032",
      "(",
      "0",
      ")",
      "=",
      "\u22121",
      ",",
      "h\u2032",
      "(",
      "xu",
      ")",
      "=",
      "0.1984",
      "and",
      "h\u2032",
      "(",
      "xs",
      ")",
      "=",
      "\u22120.2202",
      ",",
      "respectively",
      ".",
      "also",
      "shown",
      "are",
      "the",
      "four",
      "lines",
      "which",
      "bound",
      "h",
      "(",
      "x",
      ")",
      "in",
      "the",
      "various",
      "regions",
      ".",
      "these",
      "lines",
      "are",
      "given",
      "(",
      "their",
      "end-points",
      ")",
      "by",
      ":",
      "{",
      "(",
      "0",
      ",",
      "0",
      ")",
      ",",
      "(",
      "x\u2217",
      ",",
      "h",
      "(",
      "x\u2217",
      ")",
      ")",
      "}",
      ",",
      "{",
      "(",
      "x\u2217",
      ",",
      "h",
      "(",
      "x\u2217",
      ")",
      ")",
      ",",
      "(",
      "xu",
      "(",
      "0.44",
      ")",
      ",",
      "0",
      ")",
      "}",
      ",",
      "{",
      "(",
      "xu",
      "(",
      "0.44",
      ")",
      ",",
      "0",
      ")",
      ",",
      "(",
      "x\u2217",
      ",",
      "h",
      "(",
      "x\u2217",
      ")",
      ")",
      "}",
      "and",
      "{",
      "(",
      "x\u2217",
      ",",
      "h",
      "(",
      "x\u2217",
      ")",
      ")",
      ",",
      "(",
      "xs",
      "(",
      "0.44",
      ")",
      ",",
      "0",
      ")",
      "}",
      "and",
      "have",
      "slopes",
      "\u22120.4191",
      ",",
      "0.2157",
      ",",
      "0.1048",
      "and",
      "\u22120.1098",
      "respectively",
      ".",
      "thus",
      "we",
      "have",
      "\u03ba\u2217",
      "(",
      "0.44",
      ")",
      "=",
      "0.1048",
      ",",
      "\u03bb\u2217",
      "(",
      "0.44",
      ")",
      "=",
      "0.1098",
      ",",
      "\u03ba\u2217",
      "(",
      "0.44",
      ")",
      "=",
      "0.4191",
      "and",
      "\u03bb\u2217",
      "(",
      "0.44",
      ")",
      "=",
      "0.1984",
      "."
    ]
  },
  "2-normalized": {
    "2-1-basic-num": {
      "caption": "pictorial representation of the various quantities which appear in lemma NUM-TK we use the ( NUM-TK , NUM-TK ) ensemble to transmit over a bec with erasure probability = NUM-TK the function h ( x ) = NUM-TK ( NUM-TK \u2212 ( NUM-TK \u2212 x ) NUM-TK ) NUM-TK \u2212 x is represented in the figure by the smooth bold curve . the roots of h ( x ) = NUM-TK or , equivalently , the fps of de are given by NUM-TK , xu ( NUM-TK ) \u2248 NUM-TK , and xs ( NUM-TK ) \u2248 NUM-TK there are only NUM-TK stationary points of h ( x ) , i.e . , only NUM-TK points at which h\u2032 ( x ) = NUM-TK they are given by x\u2217 ( NUM-TK ) \u2248 NUM-TK and x\u2217 ( NUM-TK ) \u2248 NUM-TK along with the curve h ( x ) , the figure contains NUM-TK dashed lines representing the tangents at the points NUM-TK , xu ( NUM-TK ) and xs ( NUM-TK ) . the slopes of the tangents at NUM-TK , xu ( NUM-TK ) and xs ( NUM-TK ) are h\u2032 ( NUM-TK ) = \u22121 , h\u2032 ( xu ) = NUM-TK and h\u2032 ( xs ) = \u22120.2202 , respectively . also shown are the NUM-TK lines which bound h ( x ) in the various regions . these lines are given ( their end-points ) by : { ( NUM-TK , NUM-TK ) , ( x\u2217 , h ( x\u2217 ) ) } , { ( x\u2217 , h ( x\u2217 ) ) , ( xu ( NUM-TK ) , NUM-TK ) } , { ( xu ( NUM-TK ) , NUM-TK ) , ( x\u2217 , h ( x\u2217 ) ) } and { ( x\u2217 , h ( x\u2217 ) ) , ( xs ( NUM-TK ) , NUM-TK ) } and have slopes \u22120.4191 , NUM-TK , NUM-TK and \u22120.1098 respectively . thus we have \u03ba\u2217 ( NUM-TK ) = NUM-TK , \u03bb\u2217 ( NUM-TK ) = NUM-TK , \u03ba\u2217 ( NUM-TK ) = NUM-TK and \u03bb\u2217 ( NUM-TK ) = NUM-TK .",
      "sentence": [
        "pictorial representation of the various quantities which appear in lemma NUM-TK we use the ( NUM-TK , NUM-TK ) ensemble to transmit over a bec with erasure probability = NUM-TK the function h ( x ) = NUM-TK ( NUM-TK \u2212 ( NUM-TK \u2212 x ) NUM-TK ) NUM-TK \u2212 x is represented in the figure by the smooth bold curve .",
        "the roots of h ( x ) = NUM-TK or , equivalently , the fps of de are given by NUM-TK , xu ( NUM-TK ) \u2248 NUM-TK , and xs ( NUM-TK ) \u2248 NUM-TK there are only NUM-TK stationary points of h ( x ) , i.e .",
        ", only NUM-TK points at which h\u2032 ( x ) = NUM-TK they are given by x\u2217 ( NUM-TK ) \u2248 NUM-TK and x\u2217 ( NUM-TK ) \u2248 NUM-TK along with the curve h ( x ) , the figure contains NUM-TK dashed lines representing the tangents at the points NUM-TK , xu ( NUM-TK ) and xs ( NUM-TK ) .",
        "the slopes of the tangents at NUM-TK , xu ( NUM-TK ) and xs ( NUM-TK ) are h\u2032 ( NUM-TK ) = \u22121 , h\u2032 ( xu ) = NUM-TK and h\u2032 ( xs ) = \u22120.2202 , respectively .",
        "also shown are the NUM-TK lines which bound h ( x ) in the various regions .",
        "these lines are given ( their end-points ) by : { ( NUM-TK , NUM-TK ) , ( x\u2217 , h ( x\u2217 ) ) } , { ( x\u2217 , h ( x\u2217 ) ) , ( xu ( NUM-TK ) , NUM-TK ) } , { ( xu ( NUM-TK ) , NUM-TK ) , ( x\u2217 , h ( x\u2217 ) ) } and { ( x\u2217 , h ( x\u2217 ) ) , ( xs ( NUM-TK ) , NUM-TK ) } and have slopes \u22120.4191 , NUM-TK , NUM-TK and \u22120.1098 respectively .",
        "thus we have \u03ba\u2217 ( NUM-TK ) = NUM-TK , \u03bb\u2217 ( NUM-TK ) = NUM-TK , \u03ba\u2217 ( NUM-TK ) = NUM-TK and \u03bb\u2217 ( NUM-TK ) = NUM-TK ."
      ],
      "token": [
        "pictorial",
        "representation",
        "of",
        "the",
        "various",
        "quantities",
        "which",
        "appear",
        "in",
        "lemma",
        "NUM-TK",
        "we",
        "use",
        "the",
        "(",
        "NUM-TK",
        ",",
        "NUM-TK",
        ")",
        "ensemble",
        "to",
        "transmit",
        "over",
        "a",
        "bec",
        "with",
        "erasure",
        "probability",
        "=",
        "NUM-TK",
        "the",
        "function",
        "h",
        "(",
        "x",
        ")",
        "=",
        "NUM-TK",
        "(",
        "NUM-TK",
        "\u2212",
        "(",
        "NUM-TK",
        "\u2212",
        "x",
        ")",
        "NUM-TK",
        ")",
        "NUM-TK",
        "\u2212",
        "x",
        "is",
        "represented",
        "in",
        "the",
        "figure",
        "by",
        "the",
        "smooth",
        "bold",
        "curve",
        ".",
        "the",
        "roots",
        "of",
        "h",
        "(",
        "x",
        ")",
        "=",
        "NUM-TK",
        "or",
        ",",
        "equivalently",
        ",",
        "the",
        "fps",
        "of",
        "de",
        "are",
        "given",
        "by",
        "NUM-TK",
        ",",
        "xu",
        "(",
        "NUM-TK",
        ")",
        "\u2248",
        "NUM-TK",
        ",",
        "and",
        "xs",
        "(",
        "NUM-TK",
        ")",
        "\u2248",
        "NUM-TK",
        "there",
        "are",
        "only",
        "NUM-TK",
        "stationary",
        "points",
        "of",
        "h",
        "(",
        "x",
        ")",
        ",",
        "i.e",
        ".",
        ",",
        "only",
        "NUM-TK",
        "points",
        "at",
        "which",
        "h\u2032",
        "(",
        "x",
        ")",
        "=",
        "NUM-TK",
        "they",
        "are",
        "given",
        "by",
        "x\u2217",
        "(",
        "NUM-TK",
        ")",
        "\u2248",
        "NUM-TK",
        "and",
        "x\u2217",
        "(",
        "NUM-TK",
        ")",
        "\u2248",
        "NUM-TK",
        "along",
        "with",
        "the",
        "curve",
        "h",
        "(",
        "x",
        ")",
        ",",
        "the",
        "figure",
        "contains",
        "NUM-TK",
        "dashed",
        "lines",
        "representing",
        "the",
        "tangents",
        "at",
        "the",
        "points",
        "NUM-TK",
        ",",
        "xu",
        "(",
        "NUM-TK",
        ")",
        "and",
        "xs",
        "(",
        "NUM-TK",
        ")",
        ".",
        "the",
        "slopes",
        "of",
        "the",
        "tangents",
        "at",
        "NUM-TK",
        ",",
        "xu",
        "(",
        "NUM-TK",
        ")",
        "and",
        "xs",
        "(",
        "NUM-TK",
        ")",
        "are",
        "h\u2032",
        "(",
        "NUM-TK",
        ")",
        "=",
        "\u22121",
        ",",
        "h\u2032",
        "(",
        "xu",
        ")",
        "=",
        "NUM-TK",
        "and",
        "h\u2032",
        "(",
        "xs",
        ")",
        "=",
        "\u22120.2202",
        ",",
        "respectively",
        ".",
        "also",
        "shown",
        "are",
        "the",
        "NUM-TK",
        "lines",
        "which",
        "bound",
        "h",
        "(",
        "x",
        ")",
        "in",
        "the",
        "various",
        "regions",
        ".",
        "these",
        "lines",
        "are",
        "given",
        "(",
        "their",
        "end-points",
        ")",
        "by",
        ":",
        "{",
        "(",
        "NUM-TK",
        ",",
        "NUM-TK",
        ")",
        ",",
        "(",
        "x\u2217",
        ",",
        "h",
        "(",
        "x\u2217",
        ")",
        ")",
        "}",
        ",",
        "{",
        "(",
        "x\u2217",
        ",",
        "h",
        "(",
        "x\u2217",
        ")",
        ")",
        ",",
        "(",
        "xu",
        "(",
        "NUM-TK",
        ")",
        ",",
        "NUM-TK",
        ")",
        "}",
        ",",
        "{",
        "(",
        "xu",
        "(",
        "NUM-TK",
        ")",
        ",",
        "NUM-TK",
        ")",
        ",",
        "(",
        "x\u2217",
        ",",
        "h",
        "(",
        "x\u2217",
        ")",
        ")",
        "}",
        "and",
        "{",
        "(",
        "x\u2217",
        ",",
        "h",
        "(",
        "x\u2217",
        ")",
        ")",
        ",",
        "(",
        "xs",
        "(",
        "NUM-TK",
        ")",
        ",",
        "NUM-TK",
        ")",
        "}",
        "and",
        "have",
        "slopes",
        "\u22120.4191",
        ",",
        "NUM-TK",
        ",",
        "NUM-TK",
        "and",
        "\u22120.1098",
        "respectively",
        ".",
        "thus",
        "we",
        "have",
        "\u03ba\u2217",
        "(",
        "NUM-TK",
        ")",
        "=",
        "NUM-TK",
        ",",
        "\u03bb\u2217",
        "(",
        "NUM-TK",
        ")",
        "=",
        "NUM-TK",
        ",",
        "\u03ba\u2217",
        "(",
        "NUM-TK",
        ")",
        "=",
        "NUM-TK",
        "and",
        "\u03bb\u2217",
        "(",
        "NUM-TK",
        ")",
        "=",
        "NUM-TK",
        "."
      ]
    },
    "2-2-advanced-euqation-bracket": {
      "caption": "pictorial representation of the various quantities which appear in lemma NUM we use the ( NUMBRACKET-TK ensemble to transmit over a bec with erasure EQUAT-TK the function h BRACKET-TK = NUM ( NUM \u2212 ( NUM \u2212 xBRACKET-TK NUMBRACKET-TK NUM \u2212 x is represented in the figure by the smooth bold curve . the roots of h BRACKET-TK = NUM or , equivalently , the fps of de are given by NUM , xu ( NUMBRACKET-TK \u2248 NUM , and xs ( NUMBRACKET-TK \u2248 NUM there are only NUM stationary points of h BRACKET-TK , i.e . , only NUM points at which h\u2032 BRACKET-TK = NUM they are given by x\u2217 ( NUMBRACKET-TK \u2248 NUM and x\u2217 ( NUMBRACKET-TK \u2248 NUM along with the curve h BRACKET-TK , the figure contains NUM dashed lines representing the tangents at the points NUM , xu ( NUMBRACKET-TK and xs ( NUMBRACKET-TK . the slopes of the tangents at NUM , xu ( NUMBRACKET-TK and xs ( NUMBRACKET-TK are h\u2032 ( NUMBRACKET-TK = \u22121 , h\u2032 ( xuBRACKET-TK = NUM and h\u2032 BRACKET-TK = \u22120.2202 , respectively . also shown are the NUM lines which bound h BRACKET-TK in the various regions . these lines are given ( their end-pointsBRACKET-TK by : { ( NUMBRACKET-TK , ( x\u2217 , h ( x\u2217BRACKET-TKBRACKET-TKBRACKET-TK , { ( x\u2217 , h ( x\u2217BRACKET-TKBRACKET-TK , ( xu ( NUMBRACKET-TKBRACKET-TKBRACKET-TK , BRACKET-TKBRACKET-TK , ( x\u2217 , h ( x\u2217BRACKET-TKBRACKET-TKBRACKET-TK and { ( x\u2217 , h ( x\u2217BRACKET-TKBRACKET-TKBRACKET-TKBRACKET-TKBRACKET-TK and have slopes \u22120.4191 , NUM , NUM and \u22120.1098 respectively . thus we have \u03ba\u2217 ( NUMBRACKET-TK = NUM , \u03bb\u2217 ( NUMBRACKET-TK = NUM , \u03ba\u2217 ( NUMBRACKET-TK = NUM and \u03bb\u2217 ( NUMBRACKET-TK = NUM .",
      "sentence": [
        "pictorial representation of the various quantities which appear in lemma NUM we use the ( NUMBRACKET-TK ensemble to transmit over a bec with erasure EQUAT-TK the function h BRACKET-TK = NUM ( NUM \u2212 ( NUM \u2212 xBRACKET-TK NUMBRACKET-TK NUM \u2212 x is represented in the figure by the smooth bold curve .",
        "the roots of h BRACKET-TK = NUM or , equivalently , the fps of de are given by NUM , xu ( NUMBRACKET-TK \u2248 NUM , and xs ( NUMBRACKET-TK \u2248 NUM there are only NUM stationary points of h BRACKET-TK , i.e .",
        ", only NUM points at which h\u2032 BRACKET-TK = NUM they are given by x\u2217 ( NUMBRACKET-TK \u2248 NUM and x\u2217 ( NUMBRACKET-TK \u2248 NUM along with the curve h BRACKET-TK , the figure contains NUM dashed lines representing the tangents at the points NUM , xu ( NUMBRACKET-TK and xs ( NUMBRACKET-TK .",
        "the slopes of the tangents at NUM , xu ( NUMBRACKET-TK and xs ( NUMBRACKET-TK are h\u2032 ( NUMBRACKET-TK = \u22121 , h\u2032 ( xuBRACKET-TK = NUM and h\u2032 BRACKET-TK = \u22120.2202 , respectively .",
        "also shown are the NUM lines which bound h BRACKET-TK in the various regions .",
        "these lines are given ( their end-pointsBRACKET-TK by : { ( NUMBRACKET-TK , ( x\u2217 , h ( x\u2217BRACKET-TKBRACKET-TKBRACKET-TK , { ( x\u2217 , h ( x\u2217BRACKET-TKBRACKET-TK , ( xu ( NUMBRACKET-TKBRACKET-TKBRACKET-TK , BRACKET-TKBRACKET-TK , ( x\u2217 , h ( x\u2217BRACKET-TKBRACKET-TKBRACKET-TK and { ( x\u2217 , h ( x\u2217BRACKET-TKBRACKET-TKBRACKET-TKBRACKET-TKBRACKET-TK and have slopes \u22120.4191 , NUM , NUM and \u22120.1098 respectively .",
        "thus we have \u03ba\u2217 ( NUMBRACKET-TK = NUM , \u03bb\u2217 ( NUMBRACKET-TK = NUM , \u03ba\u2217 ( NUMBRACKET-TK = NUM and \u03bb\u2217 ( NUMBRACKET-TK = NUM ."
      ],
      "tokens": [
        "pictorial",
        "representation",
        "of",
        "the",
        "various",
        "quantities",
        "which",
        "appear",
        "in",
        "lemma",
        "NUM",
        "we",
        "use",
        "the",
        "(",
        "NUMBRACKET-TK",
        "ensemble",
        "to",
        "transmit",
        "over",
        "a",
        "bec",
        "with",
        "erasure",
        "EQUAT-TK",
        "the",
        "function",
        "h",
        "BRACKET-TK",
        "=",
        "NUM",
        "(",
        "NUM",
        "\u2212",
        "(",
        "NUM",
        "\u2212",
        "xBRACKET-TK",
        "NUMBRACKET-TK",
        "NUM",
        "\u2212",
        "x",
        "is",
        "represented",
        "in",
        "the",
        "figure",
        "by",
        "the",
        "smooth",
        "bold",
        "curve",
        ".",
        "the",
        "roots",
        "of",
        "h",
        "BRACKET-TK",
        "=",
        "NUM",
        "or",
        ",",
        "equivalently",
        ",",
        "the",
        "fps",
        "of",
        "de",
        "are",
        "given",
        "by",
        "NUM",
        ",",
        "xu",
        "(",
        "NUMBRACKET-TK",
        "\u2248",
        "NUM",
        ",",
        "and",
        "xs",
        "(",
        "NUMBRACKET-TK",
        "\u2248",
        "NUM",
        "there",
        "are",
        "only",
        "NUM",
        "stationary",
        "points",
        "of",
        "h",
        "BRACKET-TK",
        ",",
        "i.e",
        ".",
        ",",
        "only",
        "NUM",
        "points",
        "at",
        "which",
        "h\u2032",
        "BRACKET-TK",
        "=",
        "NUM",
        "they",
        "are",
        "given",
        "by",
        "x\u2217",
        "(",
        "NUMBRACKET-TK",
        "\u2248",
        "NUM",
        "and",
        "x\u2217",
        "(",
        "NUMBRACKET-TK",
        "\u2248",
        "NUM",
        "along",
        "with",
        "the",
        "curve",
        "h",
        "BRACKET-TK",
        ",",
        "the",
        "figure",
        "contains",
        "NUM",
        "dashed",
        "lines",
        "representing",
        "the",
        "tangents",
        "at",
        "the",
        "points",
        "NUM",
        ",",
        "xu",
        "(",
        "NUMBRACKET-TK",
        "and",
        "xs",
        "(",
        "NUMBRACKET-TK",
        ".",
        "the",
        "slopes",
        "of",
        "the",
        "tangents",
        "at",
        "NUM",
        ",",
        "xu",
        "(",
        "NUMBRACKET-TK",
        "and",
        "xs",
        "(",
        "NUMBRACKET-TK",
        "are",
        "h\u2032",
        "(",
        "NUMBRACKET-TK",
        "=",
        "\u22121",
        ",",
        "h\u2032",
        "(",
        "xuBRACKET-TK",
        "=",
        "NUM",
        "and",
        "h\u2032",
        "BRACKET-TK",
        "=",
        "\u22120.2202",
        ",",
        "respectively",
        ".",
        "also",
        "shown",
        "are",
        "the",
        "NUM",
        "lines",
        "which",
        "bound",
        "h",
        "BRACKET-TK",
        "in",
        "the",
        "various",
        "regions",
        ".",
        "these",
        "lines",
        "are",
        "given",
        "(",
        "their",
        "end-pointsBRACKET-TK",
        "by",
        ":",
        "{",
        "(",
        "NUMBRACKET-TK",
        ",",
        "(",
        "x\u2217",
        ",",
        "h",
        "(",
        "x\u2217BRACKET-TKBRACKET-TKBRACKET-TK",
        ",",
        "{",
        "(",
        "x\u2217",
        ",",
        "h",
        "(",
        "x\u2217BRACKET-TKBRACKET-TK",
        ",",
        "(",
        "xu",
        "(",
        "NUMBRACKET-TKBRACKET-TKBRACKET-TK",
        ",",
        "BRACKET-TKBRACKET-TK",
        ",",
        "(",
        "x\u2217",
        ",",
        "h",
        "(",
        "x\u2217BRACKET-TKBRACKET-TKBRACKET-TK",
        "and",
        "{",
        "(",
        "x\u2217",
        ",",
        "h",
        "(",
        "x\u2217BRACKET-TKBRACKET-TKBRACKET-TKBRACKET-TKBRACKET-TK",
        "and",
        "have",
        "slopes",
        "\u22120.4191",
        ",",
        "NUM",
        ",",
        "NUM",
        "and",
        "\u22120.1098",
        "respectively",
        ".",
        "thus",
        "we",
        "have",
        "\u03ba\u2217",
        "(",
        "NUMBRACKET-TK",
        "=",
        "NUM",
        ",",
        "\u03bb\u2217",
        "(",
        "NUMBRACKET-TK",
        "=",
        "NUM",
        ",",
        "\u03ba\u2217",
        "(",
        "NUMBRACKET-TK",
        "=",
        "NUM",
        "and",
        "\u03bb\u2217",
        "(",
        "NUMBRACKET-TK",
        "=",
        "NUM",
        "."
      ]
    }
  }
}