{
  "contains-subfigure": false,
  "Img-text": [
    "[m",
    "]",
    "fs",
    "et",
    "e",
    "of",
    "ta",
    "nc",
    "D",
    "is",
    "Time",
    "[s]",
    "1200",
    "1000",
    "800",
    "600",
    "400",
    "200",
    "0",
    "50",
    "100",
    "150",
    "200",
    "250",
    "300",
    "0"
  ],
  "paper-ID": "1001.0025v1",
  "figure-ID": "1001.0025v1-Figure5-1.png",
  "figure-type": "Graph Plot",
  "0-originally-extracted": "Figure 5: Distance error of inertial mechanisms with Kalman filtering, as a function of the GNSS unavailability period.",
  "1-lowercase-and-token-and-remove-figure-index": {
    "caption": "distance error of inertial mechanisms with kalman filtering , as a function of the gnss unavailability period .",
    "sentence": [
      "distance error of inertial mechanisms with kalman filtering , as a function of the gnss unavailability period ."
    ],
    "token": [
      "distance",
      "error",
      "of",
      "inertial",
      "mechanisms",
      "with",
      "kalman",
      "filtering",
      ",",
      "as",
      "a",
      "function",
      "of",
      "the",
      "gnss",
      "unavailability",
      "period",
      "."
    ]
  },
  "2-normalized": {
    "2-1-basic-num": {
      "caption": "distance error of inertial mechanisms with kalman filtering , as a function of the gnss unavailability period .",
      "sentence": [
        "distance error of inertial mechanisms with kalman filtering , as a function of the gnss unavailability period ."
      ],
      "token": [
        "distance",
        "error",
        "of",
        "inertial",
        "mechanisms",
        "with",
        "kalman",
        "filtering",
        ",",
        "as",
        "a",
        "function",
        "of",
        "the",
        "gnss",
        "unavailability",
        "period",
        "."
      ]
    },
    "2-2-advanced-euqation-bracket": {
      "caption": "distance error of inertial mechanisms with kalman filtering , as a function of the gnss unavailability period .",
      "sentence": [
        "distance error of inertial mechanisms with kalman filtering , as a function of the gnss unavailability period ."
      ],
      "tokens": [
        "distance",
        "error",
        "of",
        "inertial",
        "mechanisms",
        "with",
        "kalman",
        "filtering",
        ",",
        "as",
        "a",
        "function",
        "of",
        "the",
        "gnss",
        "unavailability",
        "period",
        "."
      ]
    }
  }
}