{
  "contains-subfigure": false,
  "Img-text": [],
  "paper-ID": "1001.2931v3",
  "figure-ID": "1001.2931v3-Figure9-1.png",
  "figure-type": "Graph Plot",
  "0-originally-extracted": "Fig. 9. Enterprise search application: index constructionme.",
  "1-lowercase-and-token-and-remove-figure-index": {
    "caption": "enterprise search application : index constructionme .",
    "sentence": [
      "enterprise search application : index constructionme ."
    ],
    "token": [
      "enterprise",
      "search",
      "application",
      ":",
      "index",
      "constructionme",
      "."
    ]
  },
  "2-normalized": {
    "2-1-basic-num": {
      "caption": "enterprise search application : index constructionme .",
      "sentence": [
        "enterprise search application : index constructionme ."
      ],
      "token": [
        "enterprise",
        "search",
        "application",
        ":",
        "index",
        "constructionme",
        "."
      ]
    },
    "2-2-advanced-euqation-bracket": {
      "caption": "enterprise search application : index constructionme .",
      "sentence": [
        "enterprise search application : index constructionme ."
      ],
      "tokens": [
        "enterprise",
        "search",
        "application",
        ":",
        "index",
        "constructionme",
        "."
      ]
    }
  }
}