{
  "contains-subfigure": false,
  "Img-text": [],
  "paper-ID": "1001.3259v1",
  "figure-ID": "1001.3259v1-Figure1-1.png",
  "figure-type": "Graph Plot",
  "0-originally-extracted": "Figure 1: Searches for \"cloud computing\" on Google.com, taken from Google Trends",
  "1-lowercase-and-token-and-remove-figure-index": {
    "caption": "searches for `` cloud computing '' on google.com , taken from google trends .",
    "sentence": [
      "searches for `` cloud computing '' on google.com , taken from google trends ."
    ],
    "token": [
      "searches",
      "for",
      "``",
      "cloud",
      "computing",
      "``",
      "on",
      "google.com",
      ",",
      "taken",
      "from",
      "google",
      "trends",
      "."
    ]
  },
  "2-normalized": {
    "2-1-basic-num": {
      "caption": "searches for `` cloud computing `` on google.com , taken from google trends .",
      "sentence": [
        "searches for `` cloud computing `` on google.com , taken from google trends ."
      ],
      "token": [
        "searches",
        "for",
        "``",
        "cloud",
        "computing",
        "``",
        "on",
        "google.com",
        ",",
        "taken",
        "from",
        "google",
        "trends",
        "."
      ]
    },
    "2-2-advanced-euqation-bracket": {
      "caption": "searches for `` cloud computing `` on google.com , taken from google trends .",
      "sentence": [
        "searches for `` cloud computing `` on google.com , taken from google trends ."
      ],
      "tokens": [
        "searches",
        "for",
        "``",
        "cloud",
        "computing",
        "``",
        "on",
        "google.com",
        ",",
        "taken",
        "from",
        "google",
        "trends",
        "."
      ]
    }
  }
}