{
  "contains-subfigure": false,
  "Img-text": [],
  "paper-ID": "1001.2279v1",
  "figure-ID": "1001.2279v1-Figure6-1.png",
  "figure-type": "Graph Plot",
  "0-originally-extracted": "Figure 6. Composition",
  "1-lowercase-and-token-and-remove-figure-index": {
    "caption": "composition .",
    "sentence": [
      "composition ."
    ],
    "token": [
      "composition",
      "."
    ]
  },
  "2-normalized": {
    "2-1-basic-num": {
      "caption": "composition .",
      "sentence": [
        "composition ."
      ],
      "token": [
        "composition",
        "."
      ]
    },
    "2-2-advanced-euqation-bracket": {
      "caption": "composition .",
      "sentence": [
        "composition ."
      ],
      "tokens": [
        "composition",
        "."
      ]
    }
  }
}