{
  "contains-subfigure": false,
  "Img-text": [
    "c1",
    "c2",
    "c3",
    "c4",
    "cNE",
    "pi",
    "c",
    "i",
    "0",
    "0.2",
    "0.4",
    "1",
    "0.1"
  ],
  "paper-ID": "1001.1065v1",
  "figure-ID": "1001.1065v1-Figure3-1.png",
  "figure-type": "Graph Plot",
  "0-originally-extracted": "Fig 3. The expressions ci as functions of pi for n = 9 players. A Nash equilibrium solution is obtained when ci = cNE for all i \u2264 n. p1 is found by the condition c1 = cNE. Inserting this value into c2 allows for a determination of p2 as the crossing point between c2 and cNE, and so on. Or the value of cNE can be obtained in this way by finding c0 which fulfills the normalization condition \u2211 n i=1 pi = 1. The two dotted horizontal lines represent the interval within which cNE must lie if we use the expressions up to c4 instead of cn.",
  "1-lowercase-and-token-and-remove-figure-index": {
    "caption": "the expressions ci as functions of pi for n = 9 players . a nash equilibrium solution is obtained when ci = cne for all i \u2264 n. p1 is found by the condition c1 = cne . inserting this value into c2 allows for a determination of p2 as the crossing point between c2 and cne , and so on . or the value of cne can be obtained in this way by finding c0 which fulfills the normalization condition \u2211 n i=1 pi = 1. the two dotted horizontal lines represent the interval within which cne must lie if we use the expressions up to c4 instead of cn .",
    "sentence": [
      "the expressions ci as functions of pi for n = 9 players .",
      "a nash equilibrium solution is obtained when ci = cne for all i \u2264 n. p1 is found by the condition c1 = cne .",
      "inserting this value into c2 allows for a determination of p2 as the crossing point between c2 and cne , and so on .",
      "or the value of cne can be obtained in this way by finding c0 which fulfills the normalization condition \u2211 n i=1 pi = 1. the two dotted horizontal lines represent the interval within which cne must lie if we use the expressions up to c4 instead of cn ."
    ],
    "token": [
      "the",
      "expressions",
      "ci",
      "as",
      "functions",
      "of",
      "pi",
      "for",
      "n",
      "=",
      "9",
      "players",
      ".",
      "a",
      "nash",
      "equilibrium",
      "solution",
      "is",
      "obtained",
      "when",
      "ci",
      "=",
      "cne",
      "for",
      "all",
      "i",
      "\u2264",
      "n.",
      "p1",
      "is",
      "found",
      "by",
      "the",
      "condition",
      "c1",
      "=",
      "cne",
      ".",
      "inserting",
      "this",
      "value",
      "into",
      "c2",
      "allows",
      "for",
      "a",
      "determination",
      "of",
      "p2",
      "as",
      "the",
      "crossing",
      "point",
      "between",
      "c2",
      "and",
      "cne",
      ",",
      "and",
      "so",
      "on",
      ".",
      "or",
      "the",
      "value",
      "of",
      "cne",
      "can",
      "be",
      "obtained",
      "in",
      "this",
      "way",
      "by",
      "finding",
      "c0",
      "which",
      "fulfills",
      "the",
      "normalization",
      "condition",
      "\u2211",
      "n",
      "i=1",
      "pi",
      "=",
      "1.",
      "the",
      "two",
      "dotted",
      "horizontal",
      "lines",
      "represent",
      "the",
      "interval",
      "within",
      "which",
      "cne",
      "must",
      "lie",
      "if",
      "we",
      "use",
      "the",
      "expressions",
      "up",
      "to",
      "c4",
      "instead",
      "of",
      "cn",
      "."
    ]
  },
  "2-normalized": {
    "2-1-basic-num": {
      "caption": "the expressions ci as functions of pi for n = NUM-TK players . a nash equilibrium solution is obtained when ci = cne for all i \u2264 n. p1 is found by the condition c1 = cne . inserting this value into c2 allows for a determination of p2 as the crossing point between c2 and cne , and so on . or the value of cne can be obtained in this way by finding c0 which fulfills the normalization condition \u2211 n i=1 pi = NUM-TK the NUM-TK dotted horizontal lines represent the interval within which cne must lie if we use the expressions up to c4 instead of cn .",
      "sentence": [
        "the expressions ci as functions of pi for n = NUM-TK players .",
        "a nash equilibrium solution is obtained when ci = cne for all i \u2264 n. p1 is found by the condition c1 = cne .",
        "inserting this value into c2 allows for a determination of p2 as the crossing point between c2 and cne , and so on .",
        "or the value of cne can be obtained in this way by finding c0 which fulfills the normalization condition \u2211 n i=1 pi = NUM-TK the NUM-TK dotted horizontal lines represent the interval within which cne must lie if we use the expressions up to c4 instead of cn ."
      ],
      "token": [
        "the",
        "expressions",
        "ci",
        "as",
        "functions",
        "of",
        "pi",
        "for",
        "n",
        "=",
        "NUM-TK",
        "players",
        ".",
        "a",
        "nash",
        "equilibrium",
        "solution",
        "is",
        "obtained",
        "when",
        "ci",
        "=",
        "cne",
        "for",
        "all",
        "i",
        "\u2264",
        "n.",
        "p1",
        "is",
        "found",
        "by",
        "the",
        "condition",
        "c1",
        "=",
        "cne",
        ".",
        "inserting",
        "this",
        "value",
        "into",
        "c2",
        "allows",
        "for",
        "a",
        "determination",
        "of",
        "p2",
        "as",
        "the",
        "crossing",
        "point",
        "between",
        "c2",
        "and",
        "cne",
        ",",
        "and",
        "so",
        "on",
        ".",
        "or",
        "the",
        "value",
        "of",
        "cne",
        "can",
        "be",
        "obtained",
        "in",
        "this",
        "way",
        "by",
        "finding",
        "c0",
        "which",
        "fulfills",
        "the",
        "normalization",
        "condition",
        "\u2211",
        "n",
        "i=1",
        "pi",
        "=",
        "NUM-TK",
        "the",
        "NUM-TK",
        "dotted",
        "horizontal",
        "lines",
        "represent",
        "the",
        "interval",
        "within",
        "which",
        "cne",
        "must",
        "lie",
        "if",
        "we",
        "use",
        "the",
        "expressions",
        "up",
        "to",
        "c4",
        "instead",
        "of",
        "cn",
        "."
      ]
    },
    "2-2-advanced-euqation-bracket": {
      "caption": "the expressions ci as functions of pi for EQUAT-TK players . a nash equilibrium solution is obtained when ci = cne for all i \u2264 n. p1 is found by the condition c1 = cne . inserting this value into c2 allows for a determination of p2 as the crossing point between c2 and cne , and so on . or the value of cne can be obtained in this way by finding c0 which fulfills the normalization condition \u2211 n i=1 EQUAT-TK the NUM dotted horizontal lines represent the interval within which cne must lie if we use the expressions up to c4 instead of cn .",
      "sentence": [
        "the expressions ci as functions of pi for EQUAT-TK players .",
        "a nash equilibrium solution is obtained when ci = cne for all i \u2264 n. p1 is found by the condition c1 = cne .",
        "inserting this value into c2 allows for a determination of p2 as the crossing point between c2 and cne , and so on .",
        "or the value of cne can be obtained in this way by finding c0 which fulfills the normalization condition \u2211 n i=1 EQUAT-TK the NUM dotted horizontal lines represent the interval within which cne must lie if we use the expressions up to c4 instead of cn ."
      ],
      "tokens": [
        "the",
        "expressions",
        "ci",
        "as",
        "functions",
        "of",
        "pi",
        "for",
        "EQUAT-TK",
        "players",
        ".",
        "a",
        "nash",
        "equilibrium",
        "solution",
        "is",
        "obtained",
        "when",
        "ci",
        "=",
        "cne",
        "for",
        "all",
        "i",
        "\u2264",
        "n.",
        "p1",
        "is",
        "found",
        "by",
        "the",
        "condition",
        "c1",
        "=",
        "cne",
        ".",
        "inserting",
        "this",
        "value",
        "into",
        "c2",
        "allows",
        "for",
        "a",
        "determination",
        "of",
        "p2",
        "as",
        "the",
        "crossing",
        "point",
        "between",
        "c2",
        "and",
        "cne",
        ",",
        "and",
        "so",
        "on",
        ".",
        "or",
        "the",
        "value",
        "of",
        "cne",
        "can",
        "be",
        "obtained",
        "in",
        "this",
        "way",
        "by",
        "finding",
        "c0",
        "which",
        "fulfills",
        "the",
        "normalization",
        "condition",
        "\u2211",
        "n",
        "i=1",
        "EQUAT-TK",
        "the",
        "NUM",
        "dotted",
        "horizontal",
        "lines",
        "represent",
        "the",
        "interval",
        "within",
        "which",
        "cne",
        "must",
        "lie",
        "if",
        "we",
        "use",
        "the",
        "expressions",
        "up",
        "to",
        "c4",
        "instead",
        "of",
        "cn",
        "."
      ]
    }
  }
}