{
  "contains-subfigure": false,
  "Img-text": [
    "m",
    "1",
    "=",
    "4",
    "m",
    "2",
    "=",
    "3",
    "n",
    "=",
    "6",
    "T",
    "=",
    "14",
    "(0,3)",
    "(d",
    "1",
    ",d",
    "2",
    ")=",
    "(1,3)",
    "(4,0)",
    "(4,1)",
    "(4,2)",
    "(3,3)",
    "(2,3)",
    ")",
    "2(",
    "q",
    "lo",
    "g",
    "R",
    "2/",
    "R",
    "1",
    "/log",
    "2",
    "(q)",
    "40",
    "35",
    "30",
    "25",
    "20",
    "15",
    "10",
    "5",
    "0",
    "5",
    "10",
    "15",
    "20",
    "25",
    "30",
    "35",
    "40",
    "45",
    "0"
  ],
  "paper-ID": "1001.1658v2",
  "figure-ID": "1001.1658v2-Figure3-1.png",
  "figure-type": "Graph Plot",
  "0-originally-extracted": "Fig. 3. The MAC regionR\u2217 for parametersm1 = 4, m2 = 3, n = 3, T = 14.",
  "1-lowercase-and-token-and-remove-figure-index": {
    "caption": "the mac regionr\u2217 for parametersm1 = 4 , m2 = , n = , t = 14 .",
    "sentence": [
      "the mac regionr\u2217 for parametersm1 = 4 , m2 = , n = , t = 14 ."
    ],
    "token": [
      "the",
      "mac",
      "regionr\u2217",
      "for",
      "parametersm1",
      "=",
      "4",
      ",",
      "m2",
      "=",
      ",",
      "n",
      "=",
      ",",
      "t",
      "=",
      "14",
      "."
    ]
  },
  "2-normalized": {
    "2-1-basic-num": {
      "caption": "the mac regionr\u2217 for parametersm1 = NUM-TK , m2 = , n = , t = NUM-TK .",
      "sentence": [
        "the mac regionr\u2217 for parametersm1 = NUM-TK , m2 = , n = , t = NUM-TK ."
      ],
      "token": [
        "the",
        "mac",
        "regionr\u2217",
        "for",
        "parametersm1",
        "=",
        "NUM-TK",
        ",",
        "m2",
        "=",
        ",",
        "n",
        "=",
        ",",
        "t",
        "=",
        "NUM-TK",
        "."
      ]
    },
    "2-2-advanced-euqation-bracket": {
      "caption": "the mac regionr\u2217 for parametersm1 = NUM , m2 = , n = , EQUAT-TK .",
      "sentence": [
        "the mac regionr\u2217 for parametersm1 = NUM , m2 = , n = , EQUAT-TK ."
      ],
      "tokens": [
        "the",
        "mac",
        "regionr\u2217",
        "for",
        "parametersm1",
        "=",
        "NUM",
        ",",
        "m2",
        "=",
        ",",
        "n",
        "=",
        ",",
        "EQUAT-TK",
        "."
      ]
    }
  }
}