{
  "contains-subfigure": false,
  "Img-text": [
    "Attacker\u2212induced",
    "trajectory",
    "Actual",
    "trajectory",
    "]",
    "e",
    "[m",
    "in",
    "at",
    "oo",
    "rd",
    "Y",
    "c",
    "X",
    "coordinate",
    "[m]",
    "5",
    "5.38",
    "x",
    "10",
    "5.37",
    "5.36",
    "5.35",
    "5.34",
    "5.33",
    "5.32",
    "5.31",
    "5.3",
    "5.29",
    "x",
    "10",
    "6",
    "3.456",
    "3.458",
    "3.46",
    "3.462",
    "3.464",
    "3.466",
    "3.468"
  ],
  "paper-ID": "1001.0025v1",
  "figure-ID": "1001.0025v1-Figure4-1.png",
  "figure-type": "Graph Plot",
  "0-originally-extracted": "Figure 4: Illustration of location error using inertial sensors: Actual vs. estimated when under attack trajectory.",
  "1-lowercase-and-token-and-remove-figure-index": {
    "caption": "illustration of location error using inertial sensors : actual vs. estimated when under attack trajectory .",
    "sentence": [
      "illustration of location error using inertial sensors : actual vs. estimated when under attack trajectory ."
    ],
    "token": [
      "illustration",
      "of",
      "location",
      "error",
      "using",
      "inertial",
      "sensors",
      ":",
      "actual",
      "vs.",
      "estimated",
      "when",
      "under",
      "attack",
      "trajectory",
      "."
    ]
  },
  "2-normalized": {
    "2-1-basic-num": {
      "caption": "illustration of location error using inertial sensors : actual vs. estimated when under attack trajectory .",
      "sentence": [
        "illustration of location error using inertial sensors : actual vs. estimated when under attack trajectory ."
      ],
      "token": [
        "illustration",
        "of",
        "location",
        "error",
        "using",
        "inertial",
        "sensors",
        ":",
        "actual",
        "vs.",
        "estimated",
        "when",
        "under",
        "attack",
        "trajectory",
        "."
      ]
    },
    "2-2-advanced-euqation-bracket": {
      "caption": "illustration of location error using inertial sensors : actual vs. estimated when under attack trajectory .",
      "sentence": [
        "illustration of location error using inertial sensors : actual vs. estimated when under attack trajectory ."
      ],
      "tokens": [
        "illustration",
        "of",
        "location",
        "error",
        "using",
        "inertial",
        "sensors",
        ":",
        "actual",
        "vs.",
        "estimated",
        "when",
        "under",
        "attack",
        "trajectory",
        "."
      ]
    }
  }
}