{
  "contains-subfigure": false,
  "Img-text": [
    "DTN",
    "MANET",
    "A-DTN",
    "HYMAD",
    "Node",
    "Mobility",
    "si",
    "ty",
    "D",
    "en",
    "N",
    "o",
    "d",
    "e"
  ],
  "paper-ID": "1001.3405v1",
  "figure-ID": "1001.3405v1-Figure1-1.png",
  "figure-type": "Graph Plot",
  "0-originally-extracted": "Figure 1: Mobility vs Density: when different paradigms apply",
  "1-lowercase-and-token-and-remove-figure-index": {
    "caption": "mobility vs density : when different paradigms apply .",
    "sentence": [
      "mobility vs density : when different paradigms apply ."
    ],
    "token": [
      "mobility",
      "vs",
      "density",
      ":",
      "when",
      "different",
      "paradigms",
      "apply",
      "."
    ]
  },
  "2-normalized": {
    "2-1-basic-num": {
      "caption": "mobility vs density : when different paradigms apply .",
      "sentence": [
        "mobility vs density : when different paradigms apply ."
      ],
      "token": [
        "mobility",
        "vs",
        "density",
        ":",
        "when",
        "different",
        "paradigms",
        "apply",
        "."
      ]
    },
    "2-2-advanced-euqation-bracket": {
      "caption": "mobility vs density : when different paradigms apply .",
      "sentence": [
        "mobility vs density : when different paradigms apply ."
      ],
      "tokens": [
        "mobility",
        "vs",
        "density",
        ":",
        "when",
        "different",
        "paradigms",
        "apply",
        "."
      ]
    }
  }
}