{
  "contains-subfigure": false,
  "Img-text": [
    "Algorithm",
    "Progress\u2192",
    "(Each",
    "line",
    "represents",
    "elapsed",
    "time",
    "for",
    "a",
    "single",
    "virtual",
    "processor)",
    "(s",
    ")",
    "im",
    "e",
    "d",
    "T",
    "p",
    "se",
    "E",
    "la",
    "F",
    "in",
    "alize",
    "F",
    "in",
    "ish",
    "B",
    "en",
    "ch",
    "m",
    "ark",
    "E",
    "n",
    "d",
    "A",
    "lltoallv",
    "3",
    "S",
    "tep",
    "S",
    "tart",
    "2",
    "S",
    "tep",
    "F",
    "in",
    "ish",
    "m",
    "F",
    "in",
    "ish",
    "C",
    "om",
    "m",
    "S",
    "tart",
    "C",
    "om",
    "2",
    "S",
    "tep",
    "S",
    "tart",
    "1",
    "S",
    "tep",
    "F",
    "in",
    "ish",
    "S",
    "tart",
    "A",
    "lltoallv",
    "E",
    "n",
    "d",
    "A",
    "lltoall",
    "3",
    "S",
    "tep",
    "S",
    "tart",
    "2",
    "S",
    "tep",
    "F",
    "in",
    "ish",
    "F",
    "in",
    "ish",
    "D",
    "eliver",
    "S",
    "tart",
    "D",
    "eliver",
    "m",
    "S",
    "tart",
    "C",
    "om",
    "2",
    "S",
    "tep",
    "S",
    "tart",
    "1",
    "S",
    "tep",
    "F",
    "in",
    "ish",
    "S",
    "tart",
    "A",
    "lltoall",
    "E",
    "n",
    "d",
    "B",
    "cast",
    "2",
    "S",
    "tep",
    "S",
    "tart",
    "1",
    "S",
    "tep",
    "F",
    "in",
    "ish",
    "ait",
    "E",
    "n",
    "d",
    "R",
    "ootW",
    "ait",
    "S",
    "tart",
    "R",
    "ootW",
    "S",
    "tart",
    "B",
    "cast",
    "er",
    "E",
    "n",
    "d",
    "G",
    "ath",
    "2",
    "S",
    "tep",
    "S",
    "tart",
    "1",
    "S",
    "tep",
    "F",
    "in",
    "ish",
    "er",
    "S",
    "tart",
    "G",
    "ath",
    "S",
    "tart",
    "In",
    "it",
    "B",
    "en",
    "ch",
    "m",
    "ark",
    "25000",
    "20000",
    "15000",
    "10000",
    "5000",
    "0"
  ],
  "paper-ID": "1001.3364v1",
  "figure-ID": "1001.3364v1-Figure8.14-1.png",
  "figure-type": "Graph Plot",
  "0-originally-extracted": "Figure 8.14: PSRS PEMS2 (mmap) Elapsed Time Per Thread",
  "1-lowercase-and-token-and-remove-figure-index": {
    "caption": "psrs pems2 ( mmap ) elapsed time per thread .",
    "sentence": [
      "psrs pems2 ( mmap ) elapsed time per thread ."
    ],
    "token": [
      "psrs",
      "pems2",
      "(",
      "mmap",
      ")",
      "elapsed",
      "time",
      "per",
      "thread",
      "."
    ]
  },
  "2-normalized": {
    "2-1-basic-num": {
      "caption": "psrs pems2 ( mmap ) elapsed time per thread .",
      "sentence": [
        "psrs pems2 ( mmap ) elapsed time per thread ."
      ],
      "token": [
        "psrs",
        "pems2",
        "(",
        "mmap",
        ")",
        "elapsed",
        "time",
        "per",
        "thread",
        "."
      ]
    },
    "2-2-advanced-euqation-bracket": {
      "caption": "psrs pems2 BRACKET-TK elapsed time per thread .",
      "sentence": [
        "psrs pems2 BRACKET-TK elapsed time per thread ."
      ],
      "tokens": [
        "psrs",
        "pems2",
        "BRACKET-TK",
        "elapsed",
        "time",
        "per",
        "thread",
        "."
      ]
    }
  }
}