{
  "contains-subfigure": false,
  "Img-text": [
    "D",
    "B",
    "Budget",
    "Picked",
    "E",
    "TRIAL",
    "1",
    "0.8",
    "0.6",
    "0.4",
    "0.2",
    "0",
    "\u22120.2",
    "\u22120.4",
    "\u22120.6",
    "\u22120.8",
    "0",
    "10",
    "20",
    "30",
    "40",
    "50",
    "60",
    "70",
    "80",
    "90",
    "100",
    "\u22121"
  ],
  "paper-ID": "1001.1257v1",
  "figure-ID": "1001.1257v1-Figure5-1.png",
  "figure-type": "Graph Plot",
  "0-originally-extracted": "Fig. 5. Behavior of the network over 30 runs. Each time step is just one trial. Red starred dots are most frequent choice of B\u2019, green for D\u2019.",
  "1-lowercase-and-token-and-remove-figure-index": {
    "caption": "behavior of the network over 30 runs . each time step is just one trial . red starred dots are most frequent choice of b \u2019 , green for d \u2019 .",
    "sentence": [
      "behavior of the network over 30 runs .",
      "each time step is just one trial .",
      "red starred dots are most frequent choice of b \u2019 , green for d \u2019 ."
    ],
    "token": [
      "behavior",
      "of",
      "the",
      "network",
      "over",
      "30",
      "runs",
      ".",
      "each",
      "time",
      "step",
      "is",
      "just",
      "one",
      "trial",
      ".",
      "red",
      "starred",
      "dots",
      "are",
      "most",
      "frequent",
      "choice",
      "of",
      "b",
      "\u2019",
      ",",
      "green",
      "for",
      "d",
      "\u2019",
      "."
    ]
  },
  "2-normalized": {
    "2-1-basic-num": {
      "caption": "behavior of the network over NUM-TK runs . each time step is just NUM-TK trial . red starred dots are most frequent choice of b \u2019 , green for d \u2019 .",
      "sentence": [
        "behavior of the network over NUM-TK runs .",
        "each time step is just NUM-TK trial .",
        "red starred dots are most frequent choice of b \u2019 , green for d \u2019 ."
      ],
      "token": [
        "behavior",
        "of",
        "the",
        "network",
        "over",
        "NUM-TK",
        "runs",
        ".",
        "each",
        "time",
        "step",
        "is",
        "just",
        "NUM-TK",
        "trial",
        ".",
        "red",
        "starred",
        "dots",
        "are",
        "most",
        "frequent",
        "choice",
        "of",
        "b",
        "\u2019",
        ",",
        "green",
        "for",
        "d",
        "\u2019",
        "."
      ]
    },
    "2-2-advanced-euqation-bracket": {
      "caption": "behavior of the network over NUM runs . each time step is just NUM trial . red starred dots are most frequent choice of b \u2019 , green for d \u2019 .",
      "sentence": [
        "behavior of the network over NUM runs .",
        "each time step is just NUM trial .",
        "red starred dots are most frequent choice of b \u2019 , green for d \u2019 ."
      ],
      "tokens": [
        "behavior",
        "of",
        "the",
        "network",
        "over",
        "NUM",
        "runs",
        ".",
        "each",
        "time",
        "step",
        "is",
        "just",
        "NUM",
        "trial",
        ".",
        "red",
        "starred",
        "dots",
        "are",
        "most",
        "frequent",
        "choice",
        "of",
        "b",
        "\u2019",
        ",",
        "green",
        "for",
        "d",
        "\u2019",
        "."
      ]
    }
  }
}