{
  "contains-subfigure": false,
  "Img-text": [
    "10290",
    "10270",
    "10250",
    "10230",
    "0",
    "10",
    "20",
    "30",
    "40",
    "50",
    "10210",
    "s",
    "itn",
    "es",
    "um",
    "F",
    "Ma",
    "xim",
    "cheater",
    "degree"
  ],
  "paper-ID": "1001.1889v1",
  "figure-ID": "1001.1889v1-Figure4-1.png",
  "figure-type": "Graph Plot",
  "0-originally-extracted": "Figure 4. Linear regression between the cheating degree \u03c4 and the maximum fitness value of non-spurious solutions ( maxNSf ).",
  "1-lowercase-and-token-and-remove-figure-index": {
    "caption": "linear regression between the cheating degree \u03c4 and the maximum fitness value of non-spurious solutions ( maxnsf ) .",
    "sentence": [
      "linear regression between the cheating degree \u03c4 and the maximum fitness value of non-spurious solutions ( maxnsf ) ."
    ],
    "token": [
      "linear",
      "regression",
      "between",
      "the",
      "cheating",
      "degree",
      "\u03c4",
      "and",
      "the",
      "maximum",
      "fitness",
      "value",
      "of",
      "non-spurious",
      "solutions",
      "(",
      "maxnsf",
      ")",
      "."
    ]
  },
  "2-normalized": {
    "2-1-basic-num": {
      "caption": "linear regression between the cheating degree \u03c4 and the maximum fitness value of non-spurious solutions ( maxnsf ) .",
      "sentence": [
        "linear regression between the cheating degree \u03c4 and the maximum fitness value of non-spurious solutions ( maxnsf ) ."
      ],
      "token": [
        "linear",
        "regression",
        "between",
        "the",
        "cheating",
        "degree",
        "\u03c4",
        "and",
        "the",
        "maximum",
        "fitness",
        "value",
        "of",
        "non-spurious",
        "solutions",
        "(",
        "maxnsf",
        ")",
        "."
      ]
    },
    "2-2-advanced-euqation-bracket": {
      "caption": "linear regression between the cheating degree \u03c4 and the maximum fitness value of non-spurious solutions BRACKET-TK .",
      "sentence": [
        "linear regression between the cheating degree \u03c4 and the maximum fitness value of non-spurious solutions BRACKET-TK ."
      ],
      "tokens": [
        "linear",
        "regression",
        "between",
        "the",
        "cheating",
        "degree",
        "\u03c4",
        "and",
        "the",
        "maximum",
        "fitness",
        "value",
        "of",
        "non-spurious",
        "solutions",
        "BRACKET-TK",
        "."
      ]
    }
  }
}