{
  "contains-subfigure": false,
  "Img-text": [],
  "paper-ID": "1001.2447v2",
  "figure-ID": "1001.2447v2-Figure6-1.png",
  "figure-type": "Graph Plot",
  "0-originally-extracted": "Fig. 6. Spectral efficiency (bits/sec/Hz) versus energy efficiency (bits/photon) tradeoff, for a single-spatial-mode pure-loss optical channel. The black dashed line is the Holevo limit, which can\u2019t be exceeded by any modulation/receiver.",
  "1-lowercase-and-token-and-remove-figure-index": {
    "caption": "spectral efficiency ( bits/sec/hz ) versus energy efficiency ( bits/photon ) tradeoff , for a single-spatial-mode pure-loss optical channel . the black dashed line is the holevo limit , which can \u2019 t be exceeded by any modulation/receiver .",
    "sentence": [
      "spectral efficiency ( bits/sec/hz ) versus energy efficiency ( bits/photon ) tradeoff , for a single-spatial-mode pure-loss optical channel .",
      "the black dashed line is the holevo limit , which can \u2019 t be exceeded by any modulation/receiver ."
    ],
    "token": [
      "spectral",
      "efficiency",
      "(",
      "bits/sec/hz",
      ")",
      "versus",
      "energy",
      "efficiency",
      "(",
      "bits/photon",
      ")",
      "tradeoff",
      ",",
      "for",
      "a",
      "single-spatial-mode",
      "pure-loss",
      "optical",
      "channel",
      ".",
      "the",
      "black",
      "dashed",
      "line",
      "is",
      "the",
      "holevo",
      "limit",
      ",",
      "which",
      "can",
      "\u2019",
      "t",
      "be",
      "exceeded",
      "by",
      "any",
      "modulation/receiver",
      "."
    ]
  },
  "2-normalized": {
    "2-1-basic-num": {
      "caption": "spectral efficiency ( bits/sec/hz ) versus energy efficiency ( bits/photon ) tradeoff , for a single-spatial-mode pure-loss optical channel . the black dashed line is the holevo limit , which can \u2019 t be exceeded by any modulation/receiver .",
      "sentence": [
        "spectral efficiency ( bits/sec/hz ) versus energy efficiency ( bits/photon ) tradeoff , for a single-spatial-mode pure-loss optical channel .",
        "the black dashed line is the holevo limit , which can \u2019 t be exceeded by any modulation/receiver ."
      ],
      "token": [
        "spectral",
        "efficiency",
        "(",
        "bits/sec/hz",
        ")",
        "versus",
        "energy",
        "efficiency",
        "(",
        "bits/photon",
        ")",
        "tradeoff",
        ",",
        "for",
        "a",
        "single-spatial-mode",
        "pure-loss",
        "optical",
        "channel",
        ".",
        "the",
        "black",
        "dashed",
        "line",
        "is",
        "the",
        "holevo",
        "limit",
        ",",
        "which",
        "can",
        "\u2019",
        "t",
        "be",
        "exceeded",
        "by",
        "any",
        "modulation/receiver",
        "."
      ]
    },
    "2-2-advanced-euqation-bracket": {
      "caption": "spectral efficiency BRACKET-TK versus energy efficiency BRACKET-TK tradeoff , for a single-spatial-mode pure-loss optical channel . the black dashed line is the holevo limit , which can \u2019 t be exceeded by any modulation/receiver .",
      "sentence": [
        "spectral efficiency BRACKET-TK versus energy efficiency BRACKET-TK tradeoff , for a single-spatial-mode pure-loss optical channel .",
        "the black dashed line is the holevo limit , which can \u2019 t be exceeded by any modulation/receiver ."
      ],
      "tokens": [
        "spectral",
        "efficiency",
        "BRACKET-TK",
        "versus",
        "energy",
        "efficiency",
        "BRACKET-TK",
        "tradeoff",
        ",",
        "for",
        "a",
        "single-spatial-mode",
        "pure-loss",
        "optical",
        "channel",
        ".",
        "the",
        "black",
        "dashed",
        "line",
        "is",
        "the",
        "holevo",
        "limit",
        ",",
        "which",
        "can",
        "\u2019",
        "t",
        "be",
        "exceeded",
        "by",
        "any",
        "modulation/receiver",
        "."
      ]
    }
  }
}