{
  "contains-subfigure": false,
  "Img-text": [],
  "paper-ID": "1001.0317v2",
  "figure-ID": "1001.0317v2-Figure8-1.png",
  "figure-type": "Graph Plot",
  "0-originally-extracted": "Fig. 8. GP Function Best Probe Number",
  "1-lowercase-and-token-and-remove-figure-index": {
    "caption": "gp function best probe number .",
    "sentence": [
      "gp function best probe number ."
    ],
    "token": [
      "gp",
      "function",
      "best",
      "probe",
      "number",
      "."
    ]
  },
  "2-normalized": {
    "2-1-basic-num": {
      "caption": "gp function best probe number .",
      "sentence": [
        "gp function best probe number ."
      ],
      "token": [
        "gp",
        "function",
        "best",
        "probe",
        "number",
        "."
      ]
    },
    "2-2-advanced-euqation-bracket": {
      "caption": "gp function best probe number .",
      "sentence": [
        "gp function best probe number ."
      ],
      "tokens": [
        "gp",
        "function",
        "best",
        "probe",
        "number",
        "."
      ]
    }
  }
}