{
  "contains-subfigure": false,
  "Img-text": [
    "Overall",
    "profit",
    "margin:",
    "85.97%",
    ")",
    "(",
    "%",
    "tio",
    "ns",
    "A",
    "uc",
    "Profit",
    "margin",
    "(%)",
    "1.",
    "0",
    "0.",
    "8",
    "0.",
    "6",
    "0.",
    "4",
    "0.",
    "2",
    "0.",
    "0",
    "0",
    "200",
    "400",
    "600",
    "800",
    "1000"
  ],
  "paper-ID": "1001.0592v3",
  "figure-ID": "1001.0592v3-Figure1-1.png",
  "figure-type": "Graph Plot",
  "0-originally-extracted": "Figure 1: Empirical estimate of profit margins for 114,628 Swoopo ascending-price auctions. The overall profit margin is computed by summing the profit across all auctions and dividing it by the total cost.",
  "1-lowercase-and-token-and-remove-figure-index": {
    "caption": "empirical estimate of profit margins for 4,628 swoopo ascending-price auctions . the overall profit margin is computed by summing the profit across all auctions and dividing it by the total cost .",
    "sentence": [
      "empirical estimate of profit margins for 4,628 swoopo ascending-price auctions .",
      "the overall profit margin is computed by summing the profit across all auctions and dividing it by the total cost ."
    ],
    "token": [
      "empirical",
      "estimate",
      "of",
      "profit",
      "margins",
      "for",
      "4,628",
      "swoopo",
      "ascending-price",
      "auctions",
      ".",
      "the",
      "overall",
      "profit",
      "margin",
      "is",
      "computed",
      "by",
      "summing",
      "the",
      "profit",
      "across",
      "all",
      "auctions",
      "and",
      "dividing",
      "it",
      "by",
      "the",
      "total",
      "cost",
      "."
    ]
  },
  "2-normalized": {
    "2-1-basic-num": {
      "caption": "empirical estimate of profit margins for NUM-TK swoopo ascending-price auctions . the overall profit margin is computed by summing the profit across all auctions and dividing it by the total cost .",
      "sentence": [
        "empirical estimate of profit margins for NUM-TK swoopo ascending-price auctions .",
        "the overall profit margin is computed by summing the profit across all auctions and dividing it by the total cost ."
      ],
      "token": [
        "empirical",
        "estimate",
        "of",
        "profit",
        "margins",
        "for",
        "NUM-TK",
        "swoopo",
        "ascending-price",
        "auctions",
        ".",
        "the",
        "overall",
        "profit",
        "margin",
        "is",
        "computed",
        "by",
        "summing",
        "the",
        "profit",
        "across",
        "all",
        "auctions",
        "and",
        "dividing",
        "it",
        "by",
        "the",
        "total",
        "cost",
        "."
      ]
    },
    "2-2-advanced-euqation-bracket": {
      "caption": "empirical estimate of profit margins for NUM swoopo ascending-price auctions . the overall profit margin is computed by summing the profit across all auctions and dividing it by the total cost .",
      "sentence": [
        "empirical estimate of profit margins for NUM swoopo ascending-price auctions .",
        "the overall profit margin is computed by summing the profit across all auctions and dividing it by the total cost ."
      ],
      "tokens": [
        "empirical",
        "estimate",
        "of",
        "profit",
        "margins",
        "for",
        "NUM",
        "swoopo",
        "ascending-price",
        "auctions",
        ".",
        "the",
        "overall",
        "profit",
        "margin",
        "is",
        "computed",
        "by",
        "summing",
        "the",
        "profit",
        "across",
        "all",
        "auctions",
        "and",
        "dividing",
        "it",
        "by",
        "the",
        "total",
        "cost",
        "."
      ]
    }
  }
}