{
  "contains-subfigure": false,
  "Img-text": [],
  "paper-ID": "1001.2931v3",
  "figure-ID": "1001.2931v3-Figure7-1.png",
  "figure-type": "Graph Plot",
  "0-originally-extracted": "Fig. 7. Write latency of transactional application under several file systems for varying IO load.",
  "1-lowercase-and-token-and-remove-figure-index": {
    "caption": "write latency of transactional application under several file systems for varying io load .",
    "sentence": [
      "write latency of transactional application under several file systems for varying io load ."
    ],
    "token": [
      "write",
      "latency",
      "of",
      "transactional",
      "application",
      "under",
      "several",
      "file",
      "systems",
      "for",
      "varying",
      "io",
      "load",
      "."
    ]
  },
  "2-normalized": {
    "2-1-basic-num": {
      "caption": "write latency of transactional application under several file systems for varying io load .",
      "sentence": [
        "write latency of transactional application under several file systems for varying io load ."
      ],
      "token": [
        "write",
        "latency",
        "of",
        "transactional",
        "application",
        "under",
        "several",
        "file",
        "systems",
        "for",
        "varying",
        "io",
        "load",
        "."
      ]
    },
    "2-2-advanced-euqation-bracket": {
      "caption": "write latency of transactional application under several file systems for varying io load .",
      "sentence": [
        "write latency of transactional application under several file systems for varying io load ."
      ],
      "tokens": [
        "write",
        "latency",
        "of",
        "transactional",
        "application",
        "under",
        "several",
        "file",
        "systems",
        "for",
        "varying",
        "io",
        "load",
        "."
      ]
    }
  }
}