{
  "contains-subfigure": false,
  "Img-text": [
    "GO",
    "Process",
    "GO",
    "Function",
    "GO",
    "Localization",
    "MinDist:",
    "Gene",
    "Ontology",
    "(GO)",
    "datasets",
    "k",
    ")",
    "e",
    "(s",
    "ti",
    "m",
    "ni",
    "ng",
    "R",
    "un",
    "0",
    "10",
    "20",
    "30",
    "40",
    "50",
    "60",
    "70",
    "80",
    "90",
    "100",
    "1.4",
    "1.2",
    "1",
    "0.8",
    "0.6",
    "0.4",
    "0.2",
    "0"
  ],
  "paper-ID": "1001.2625v2",
  "figure-ID": "1001.2625v2-Figure11-1.png",
  "figure-type": "Graph Plot",
  "0-originally-extracted": "Figure 11: Effect ofk on MinDist.",
  "1-lowercase-and-token-and-remove-figure-index": {
    "caption": "effect ofk on mindist .",
    "sentence": [
      "effect ofk on mindist ."
    ],
    "token": [
      "effect",
      "ofk",
      "on",
      "mindist",
      "."
    ]
  },
  "2-normalized": {
    "2-1-basic-num": {
      "caption": "effect ofk on mindist .",
      "sentence": [
        "effect ofk on mindist ."
      ],
      "token": [
        "effect",
        "ofk",
        "on",
        "mindist",
        "."
      ]
    },
    "2-2-advanced-euqation-bracket": {
      "caption": "effect ofk on mindist .",
      "sentence": [
        "effect ofk on mindist ."
      ],
      "tokens": [
        "effect",
        "ofk",
        "on",
        "mindist",
        "."
      ]
    }
  }
}