{
  "contains-subfigure": false,
  "Img-text": [
    "Training",
    "accuracy",
    "Validation",
    "accuracy",
    "(8\u2212fold",
    "CV)",
    "Test",
    "accuracy",
    "A",
    "cc",
    "u",
    "ra",
    "cy",
    "\u03bb",
    "1",
    "0.9",
    "0.8",
    "0.7",
    "0.6",
    "0.5",
    "0.4",
    "0.3",
    "0.2",
    "0.1",
    "0",
    "10",
    "2",
    "10",
    "0",
    "10",
    "\u22122",
    "10",
    "\u22124",
    "10",
    "\u22126"
  ],
  "paper-ID": "1001.2709v1",
  "figure-ID": "1001.2709v1-Figure9-1.png",
  "figure-type": "Graph Plot",
  "0-originally-extracted": "Figure 9: 14 Cancers data: profiles of training error, 8-fold validation error and test error for different values of the regularization parameter. Standard error bands for the validation error are also shown. The vertical line corresponds to the least complex model maximizing the validation accuracy.",
  "1-lowercase-and-token-and-remove-figure-index": {
    "caption": "14 cancers data : profiles of training error , 8-fold validation error and test error for different values of the regularization parameter . standard error bands for the validation error are also shown . the vertical line corresponds to the least complex model maximizing the validation accuracy .",
    "sentence": [
      "14 cancers data : profiles of training error , 8-fold validation error and test error for different values of the regularization parameter .",
      "standard error bands for the validation error are also shown .",
      "the vertical line corresponds to the least complex model maximizing the validation accuracy ."
    ],
    "token": [
      "14",
      "cancers",
      "data",
      ":",
      "profiles",
      "of",
      "training",
      "error",
      ",",
      "8-fold",
      "validation",
      "error",
      "and",
      "test",
      "error",
      "for",
      "different",
      "values",
      "of",
      "the",
      "regularization",
      "parameter",
      ".",
      "standard",
      "error",
      "bands",
      "for",
      "the",
      "validation",
      "error",
      "are",
      "also",
      "shown",
      ".",
      "the",
      "vertical",
      "line",
      "corresponds",
      "to",
      "the",
      "least",
      "complex",
      "model",
      "maximizing",
      "the",
      "validation",
      "accuracy",
      "."
    ]
  },
  "2-normalized": {
    "2-1-basic-num": {
      "caption": "NUM-TK cancers data : profiles of training error , 8-fold validation error and test error for different values of the regularization parameter . standard error bands for the validation error are also shown . the vertical line corresponds to the least complex model maximizing the validation accuracy .",
      "sentence": [
        "NUM-TK cancers data : profiles of training error , 8-fold validation error and test error for different values of the regularization parameter .",
        "standard error bands for the validation error are also shown .",
        "the vertical line corresponds to the least complex model maximizing the validation accuracy ."
      ],
      "token": [
        "NUM-TK",
        "cancers",
        "data",
        ":",
        "profiles",
        "of",
        "training",
        "error",
        ",",
        "8-fold",
        "validation",
        "error",
        "and",
        "test",
        "error",
        "for",
        "different",
        "values",
        "of",
        "the",
        "regularization",
        "parameter",
        ".",
        "standard",
        "error",
        "bands",
        "for",
        "the",
        "validation",
        "error",
        "are",
        "also",
        "shown",
        ".",
        "the",
        "vertical",
        "line",
        "corresponds",
        "to",
        "the",
        "least",
        "complex",
        "model",
        "maximizing",
        "the",
        "validation",
        "accuracy",
        "."
      ]
    },
    "2-2-advanced-euqation-bracket": {
      "caption": "NUM cancers data : profiles of training error , 8-fold validation error and test error for different values of the regularization parameter . standard error bands for the validation error are also shown . the vertical line corresponds to the least complex model maximizing the validation accuracy .",
      "sentence": [
        "NUM cancers data : profiles of training error , 8-fold validation error and test error for different values of the regularization parameter .",
        "standard error bands for the validation error are also shown .",
        "the vertical line corresponds to the least complex model maximizing the validation accuracy ."
      ],
      "tokens": [
        "NUM",
        "cancers",
        "data",
        ":",
        "profiles",
        "of",
        "training",
        "error",
        ",",
        "8-fold",
        "validation",
        "error",
        "and",
        "test",
        "error",
        "for",
        "different",
        "values",
        "of",
        "the",
        "regularization",
        "parameter",
        ".",
        "standard",
        "error",
        "bands",
        "for",
        "the",
        "validation",
        "error",
        "are",
        "also",
        "shown",
        ".",
        "the",
        "vertical",
        "line",
        "corresponds",
        "to",
        "the",
        "least",
        "complex",
        "model",
        "maximizing",
        "the",
        "validation",
        "accuracy",
        "."
      ]
    }
  }
}