{
  "contains-subfigure": false,
  "Img-text": [
    "ci",
    "en",
    "ts",
    "C",
    "o",
    "e\ufb03",
    "d\u0302f",
    "(\u03bb)",
    "pgg45",
    "gleason",
    "lcp",
    "svi",
    "lbph",
    "age",
    "lweight",
    "0.7",
    "lcavol",
    "0.6",
    "0.5",
    "0.4",
    "0.3",
    "0.2",
    "0.1",
    "0",
    "\u22120.1",
    "\u22120.2",
    "0",
    "2",
    "4",
    "6",
    "8",
    "\u22120.3"
  ],
  "paper-ID": "1001.2709v1",
  "figure-ID": "1001.2709v1-Figure3-1.png",
  "figure-type": "Graph Plot",
  "0-originally-extracted": "Figure 3: Prostate Cancer data: profiles of RLS2 coefficients with respect to a continuous variation of the regularization parameter. Coefficients are plotted versus d\u0302f(\u03bb), the approximate degrees of freedom. The vertical line corresponds to the value of \u03bb chosen in the validation phase.",
  "1-lowercase-and-token-and-remove-figure-index": {
    "caption": "prostate cancer data : profiles of rls2 coefficients with respect to a continuous variation of the regularization parameter . coefficients are plotted versus d\u0302f ( \u03bb ) , the approximate degrees of freedom . the vertical line corresponds to the value of \u03bb chosen in the validation phase .",
    "sentence": [
      "prostate cancer data : profiles of rls2 coefficients with respect to a continuous variation of the regularization parameter .",
      "coefficients are plotted versus d\u0302f ( \u03bb ) , the approximate degrees of freedom .",
      "the vertical line corresponds to the value of \u03bb chosen in the validation phase ."
    ],
    "token": [
      "prostate",
      "cancer",
      "data",
      ":",
      "profiles",
      "of",
      "rls2",
      "coefficients",
      "with",
      "respect",
      "to",
      "a",
      "continuous",
      "variation",
      "of",
      "the",
      "regularization",
      "parameter",
      ".",
      "coefficients",
      "are",
      "plotted",
      "versus",
      "d\u0302f",
      "(",
      "\u03bb",
      ")",
      ",",
      "the",
      "approximate",
      "degrees",
      "of",
      "freedom",
      ".",
      "the",
      "vertical",
      "line",
      "corresponds",
      "to",
      "the",
      "value",
      "of",
      "\u03bb",
      "chosen",
      "in",
      "the",
      "validation",
      "phase",
      "."
    ]
  },
  "2-normalized": {
    "2-1-basic-num": {
      "caption": "prostate cancer data : profiles of rls2 coefficients with respect to a continuous variation of the regularization parameter . coefficients are plotted versus d\u0302f ( \u03bb ) , the approximate degrees of freedom . the vertical line corresponds to the value of \u03bb chosen in the validation phase .",
      "sentence": [
        "prostate cancer data : profiles of rls2 coefficients with respect to a continuous variation of the regularization parameter .",
        "coefficients are plotted versus d\u0302f ( \u03bb ) , the approximate degrees of freedom .",
        "the vertical line corresponds to the value of \u03bb chosen in the validation phase ."
      ],
      "token": [
        "prostate",
        "cancer",
        "data",
        ":",
        "profiles",
        "of",
        "rls2",
        "coefficients",
        "with",
        "respect",
        "to",
        "a",
        "continuous",
        "variation",
        "of",
        "the",
        "regularization",
        "parameter",
        ".",
        "coefficients",
        "are",
        "plotted",
        "versus",
        "d\u0302f",
        "(",
        "\u03bb",
        ")",
        ",",
        "the",
        "approximate",
        "degrees",
        "of",
        "freedom",
        ".",
        "the",
        "vertical",
        "line",
        "corresponds",
        "to",
        "the",
        "value",
        "of",
        "\u03bb",
        "chosen",
        "in",
        "the",
        "validation",
        "phase",
        "."
      ]
    },
    "2-2-advanced-euqation-bracket": {
      "caption": "prostate cancer data : profiles of rls2 coefficients with respect to a continuous variation of the regularization parameter . coefficients are plotted versus d\u0302f BRACKET-TK , the approximate degrees of freedom . the vertical line corresponds to the value of \u03bb chosen in the validation phase .",
      "sentence": [
        "prostate cancer data : profiles of rls2 coefficients with respect to a continuous variation of the regularization parameter .",
        "coefficients are plotted versus d\u0302f BRACKET-TK , the approximate degrees of freedom .",
        "the vertical line corresponds to the value of \u03bb chosen in the validation phase ."
      ],
      "tokens": [
        "prostate",
        "cancer",
        "data",
        ":",
        "profiles",
        "of",
        "rls2",
        "coefficients",
        "with",
        "respect",
        "to",
        "a",
        "continuous",
        "variation",
        "of",
        "the",
        "regularization",
        "parameter",
        ".",
        "coefficients",
        "are",
        "plotted",
        "versus",
        "d\u0302f",
        "BRACKET-TK",
        ",",
        "the",
        "approximate",
        "degrees",
        "of",
        "freedom",
        ".",
        "the",
        "vertical",
        "line",
        "corresponds",
        "to",
        "the",
        "value",
        "of",
        "\u03bb",
        "chosen",
        "in",
        "the",
        "validation",
        "phase",
        "."
      ]
    }
  }
}