{
  "contains-subfigure": false,
  "Img-text": [
    "BPSK",
    "QPSK",
    "no",
    "SNR",
    "imbalance,",
    "simulated",
    "r=5dB,",
    "simulated",
    "r=10dB,",
    "simulated",
    "no",
    "SNR",
    "imbalance,",
    "theoretical",
    "r=5dB,",
    "theoretical",
    "r=10dB,",
    "theoretical",
    "P",
    "e",
    "SNR",
    "(dB)",
    "10",
    "0",
    "10",
    "\u22121",
    "10",
    "\u22122",
    "10",
    "\u22123",
    "10",
    "\u22124",
    "0",
    "5",
    "10",
    "15",
    "20"
  ],
  "paper-ID": "1001.3475v1",
  "figure-ID": "1001.3475v1-Figure1-1.png",
  "figure-type": "Graph Plot",
  "0-originally-extracted": "Fig. 1. BER vs. SNR for the cooperative Alamouti scheme for different SNR imbalancesr = 0, 5 dB and modulations BPSK and QPSK.",
  "1-lowercase-and-token-and-remove-figure-index": {
    "caption": "ber vs. snr for the cooperative alamouti scheme for different snr imbalancesr = 0 , 5 db and modulations bpsk and qpsk .",
    "sentence": [
      "ber vs. snr for the cooperative alamouti scheme for different snr imbalancesr = 0 , 5 db and modulations bpsk and qpsk ."
    ],
    "token": [
      "ber",
      "vs.",
      "snr",
      "for",
      "the",
      "cooperative",
      "alamouti",
      "scheme",
      "for",
      "different",
      "snr",
      "imbalancesr",
      "=",
      "0",
      ",",
      "5",
      "db",
      "and",
      "modulations",
      "bpsk",
      "and",
      "qpsk",
      "."
    ]
  },
  "2-normalized": {
    "2-1-basic-num": {
      "caption": "ber vs. snr for the cooperative alamouti scheme for different snr imbalancesr = NUM-TK , NUM-TK db and modulations bpsk and qpsk .",
      "sentence": [
        "ber vs. snr for the cooperative alamouti scheme for different snr imbalancesr = NUM-TK , NUM-TK db and modulations bpsk and qpsk ."
      ],
      "token": [
        "ber",
        "vs.",
        "snr",
        "for",
        "the",
        "cooperative",
        "alamouti",
        "scheme",
        "for",
        "different",
        "snr",
        "imbalancesr",
        "=",
        "NUM-TK",
        ",",
        "NUM-TK",
        "db",
        "and",
        "modulations",
        "bpsk",
        "and",
        "qpsk",
        "."
      ]
    },
    "2-2-advanced-euqation-bracket": {
      "caption": "ber vs. snr for the cooperative alamouti scheme for different snr EQUAT-TK , NUM db and modulations bpsk and qpsk .",
      "sentence": [
        "ber vs. snr for the cooperative alamouti scheme for different snr EQUAT-TK , NUM db and modulations bpsk and qpsk ."
      ],
      "tokens": [
        "ber",
        "vs.",
        "snr",
        "for",
        "the",
        "cooperative",
        "alamouti",
        "scheme",
        "for",
        "different",
        "snr",
        "EQUAT-TK",
        ",",
        "NUM",
        "db",
        "and",
        "modulations",
        "bpsk",
        "and",
        "qpsk",
        "."
      ]
    }
  }
}