{
  "contains-subfigure": false,
  "Img-text": [],
  "paper-ID": "1001.3824v1",
  "figure-ID": "1001.3824v1-Figure5-1.png",
  "figure-type": "Graph Plot",
  "0-originally-extracted": "Figure 5) Writes. 70 to 560 processes running on storage nodes write 2MB records to the filesystem in parallel. 70 writers is one per node and 560 is one per cpu core. All data is flushed to disk immediately where possible, and filesystem caches were dropped prior to each run. ST and Gluster send twice as much data as PVFS to provide in-band fault tolerance. Gluster is configured in NUFA mode and no less than one client per node was run.",
  "1-lowercase-and-token-and-remove-figure-index": {
    "caption": "writes . 70 to 60 processes running on storage nodes write 2mb records to the filesystem in parallel . 70 writers is one per node and 60 is one per cpu core . all data is flushed to disk immediately where possible , and filesystem caches were dropped prior to each run . st and gluster send twice as much data as pvfs to provide in-band fault tolerance . gluster is configured in nufa mode and no less than one client per node was run .",
    "sentence": [
      "writes .",
      "70 to 60 processes running on storage nodes write 2mb records to the filesystem in parallel .",
      "70 writers is one per node and 60 is one per cpu core .",
      "all data is flushed to disk immediately where possible , and filesystem caches were dropped prior to each run .",
      "st and gluster send twice as much data as pvfs to provide in-band fault tolerance .",
      "gluster is configured in nufa mode and no less than one client per node was run ."
    ],
    "token": [
      "writes",
      ".",
      "70",
      "to",
      "60",
      "processes",
      "running",
      "on",
      "storage",
      "nodes",
      "write",
      "2mb",
      "records",
      "to",
      "the",
      "filesystem",
      "in",
      "parallel",
      ".",
      "70",
      "writers",
      "is",
      "one",
      "per",
      "node",
      "and",
      "60",
      "is",
      "one",
      "per",
      "cpu",
      "core",
      ".",
      "all",
      "data",
      "is",
      "flushed",
      "to",
      "disk",
      "immediately",
      "where",
      "possible",
      ",",
      "and",
      "filesystem",
      "caches",
      "were",
      "dropped",
      "prior",
      "to",
      "each",
      "run",
      ".",
      "st",
      "and",
      "gluster",
      "send",
      "twice",
      "as",
      "much",
      "data",
      "as",
      "pvfs",
      "to",
      "provide",
      "in-band",
      "fault",
      "tolerance",
      ".",
      "gluster",
      "is",
      "configured",
      "in",
      "nufa",
      "mode",
      "and",
      "no",
      "less",
      "than",
      "one",
      "client",
      "per",
      "node",
      "was",
      "run",
      "."
    ]
  },
  "2-normalized": {
    "2-1-basic-num": {
      "caption": "writes . NUM-TK to NUM-TK processes running on storage nodes write NUM-TK records to the filesystem in parallel . NUM-TK writers is NUM-TK per node and NUM-TK is NUM-TK per cpu core . all data is flushed to disk immediately where possible , and filesystem caches were dropped prior to each run . st and gluster send twice as much data as pvfs to provide in-band fault tolerance . gluster is configured in nufa mode and no less than NUM-TK client per node was run .",
      "sentence": [
        "writes .",
        "NUM-TK to NUM-TK processes running on storage nodes write NUM-TK records to the filesystem in parallel .",
        "NUM-TK writers is NUM-TK per node and NUM-TK is NUM-TK per cpu core .",
        "all data is flushed to disk immediately where possible , and filesystem caches were dropped prior to each run .",
        "st and gluster send twice as much data as pvfs to provide in-band fault tolerance .",
        "gluster is configured in nufa mode and no less than NUM-TK client per node was run ."
      ],
      "token": [
        "writes",
        ".",
        "NUM-TK",
        "to",
        "NUM-TK",
        "processes",
        "running",
        "on",
        "storage",
        "nodes",
        "write",
        "NUM-TK",
        "records",
        "to",
        "the",
        "filesystem",
        "in",
        "parallel",
        ".",
        "NUM-TK",
        "writers",
        "is",
        "NUM-TK",
        "per",
        "node",
        "and",
        "NUM-TK",
        "is",
        "NUM-TK",
        "per",
        "cpu",
        "core",
        ".",
        "all",
        "data",
        "is",
        "flushed",
        "to",
        "disk",
        "immediately",
        "where",
        "possible",
        ",",
        "and",
        "filesystem",
        "caches",
        "were",
        "dropped",
        "prior",
        "to",
        "each",
        "run",
        ".",
        "st",
        "and",
        "gluster",
        "send",
        "twice",
        "as",
        "much",
        "data",
        "as",
        "pvfs",
        "to",
        "provide",
        "in-band",
        "fault",
        "tolerance",
        ".",
        "gluster",
        "is",
        "configured",
        "in",
        "nufa",
        "mode",
        "and",
        "no",
        "less",
        "than",
        "NUM-TK",
        "client",
        "per",
        "node",
        "was",
        "run",
        "."
      ]
    },
    "2-2-advanced-euqation-bracket": {
      "caption": "writes . NUM to NUM processes running on storage nodes write NUM records to the filesystem in parallel . NUM writers is NUM per node and NUM is NUM per cpu core . all data is flushed to disk immediately where possible , and filesystem caches were dropped prior to each run . st and gluster send twice as much data as pvfs to provide in-band fault tolerance . gluster is configured in nufa mode and no less than NUM client per node was run .",
      "sentence": [
        "writes .",
        "NUM to NUM processes running on storage nodes write NUM records to the filesystem in parallel .",
        "NUM writers is NUM per node and NUM is NUM per cpu core .",
        "all data is flushed to disk immediately where possible , and filesystem caches were dropped prior to each run .",
        "st and gluster send twice as much data as pvfs to provide in-band fault tolerance .",
        "gluster is configured in nufa mode and no less than NUM client per node was run ."
      ],
      "tokens": [
        "writes",
        ".",
        "NUM",
        "to",
        "NUM",
        "processes",
        "running",
        "on",
        "storage",
        "nodes",
        "write",
        "NUM",
        "records",
        "to",
        "the",
        "filesystem",
        "in",
        "parallel",
        ".",
        "NUM",
        "writers",
        "is",
        "NUM",
        "per",
        "node",
        "and",
        "NUM",
        "is",
        "NUM",
        "per",
        "cpu",
        "core",
        ".",
        "all",
        "data",
        "is",
        "flushed",
        "to",
        "disk",
        "immediately",
        "where",
        "possible",
        ",",
        "and",
        "filesystem",
        "caches",
        "were",
        "dropped",
        "prior",
        "to",
        "each",
        "run",
        ".",
        "st",
        "and",
        "gluster",
        "send",
        "twice",
        "as",
        "much",
        "data",
        "as",
        "pvfs",
        "to",
        "provide",
        "in-band",
        "fault",
        "tolerance",
        ".",
        "gluster",
        "is",
        "configured",
        "in",
        "nufa",
        "mode",
        "and",
        "no",
        "less",
        "than",
        "NUM",
        "client",
        "per",
        "node",
        "was",
        "run",
        "."
      ]
    }
  }
}