{
  "contains-subfigure": false,
  "Img-text": [
    "EMD",
    "reduced",
    "L1",
    "reduced",
    "EMD:",
    "Synthetic",
    "dataset,",
    "N=50,",
    "T=2.5x102,",
    "k=5",
    "t",
    ")",
    "e",
    "(s",
    "ti",
    "m",
    "ni",
    "ng",
    "R",
    "un",
    "0",
    "5",
    "10",
    "15",
    "20",
    "25",
    "250",
    "200",
    "150",
    "100",
    "50",
    "0"
  ],
  "paper-ID": "1001.2625v2",
  "figure-ID": "1001.2625v2-Figure10-1.png",
  "figure-type": "Graph Plot",
  "0-originally-extracted": "Figure 10: Effect oft on EMD.",
  "1-lowercase-and-token-and-remove-figure-index": {
    "caption": "effect oft on emd .",
    "sentence": [
      "effect oft on emd ."
    ],
    "token": [
      "effect",
      "oft",
      "on",
      "emd",
      "."
    ]
  },
  "2-normalized": {
    "2-1-basic-num": {
      "caption": "effect oft on emd .",
      "sentence": [
        "effect oft on emd ."
      ],
      "token": [
        "effect",
        "oft",
        "on",
        "emd",
        "."
      ]
    },
    "2-2-advanced-euqation-bracket": {
      "caption": "effect oft on emd .",
      "sentence": [
        "effect oft on emd ."
      ],
      "tokens": [
        "effect",
        "oft",
        "on",
        "emd",
        "."
      ]
    }
  }
}