{
  "contains-subfigure": false,
  "Img-text": [
    "Simulation",
    "(l",
    "=",
    "16)",
    "Simulation",
    "(l",
    "=",
    "12)",
    "Simulation",
    "(l",
    "=",
    "8)",
    "Geometric",
    ")",
    "c",
    "n",
    "(i",
    "Number",
    "of",
    "children",
    "(i)",
    "0.5",
    "0.01",
    "1.0E\u22124",
    "1.0E\u22126",
    "0",
    "5",
    "10",
    "15",
    "20"
  ],
  "paper-ID": "1001.1195v2",
  "figure-ID": "1001.1195v2-Figure10-1.png",
  "figure-type": "Graph Plot",
  "0-originally-extracted": "Fig. 10. Effect of the subnet level (pa = 0.6).",
  "1-lowercase-and-token-and-remove-figure-index": {
    "caption": "effect of the subnet level ( pa = 0.6 ) .",
    "sentence": [
      "effect of the subnet level ( pa = 0.6 ) ."
    ],
    "token": [
      "effect",
      "of",
      "the",
      "subnet",
      "level",
      "(",
      "pa",
      "=",
      "0.6",
      ")",
      "."
    ]
  },
  "2-normalized": {
    "2-1-basic-num": {
      "caption": "effect of the subnet level ( pa = NUM-TK ) .",
      "sentence": [
        "effect of the subnet level ( pa = NUM-TK ) ."
      ],
      "token": [
        "effect",
        "of",
        "the",
        "subnet",
        "level",
        "(",
        "pa",
        "=",
        "NUM-TK",
        ")",
        "."
      ]
    },
    "2-2-advanced-euqation-bracket": {
      "caption": "effect of the subnet level BRACKET-TK .",
      "sentence": [
        "effect of the subnet level BRACKET-TK ."
      ],
      "tokens": [
        "effect",
        "of",
        "the",
        "subnet",
        "level",
        "BRACKET-TK",
        "."
      ]
    }
  }
}