{
  "contains-subfigure": false,
  "Img-text": [
    "Apriori",
    "c)",
    "PC_Miner",
    "m",
    "e",
    "(",
    "se",
    "n",
    "ti",
    "R",
    "u",
    "50",
    "45",
    "40",
    "35",
    "30",
    "25",
    "20",
    "15",
    "Support(%)",
    "80",
    "70",
    "60",
    "50",
    "40",
    "30",
    "20",
    "10",
    "0",
    "Mushroom"
  ],
  "paper-ID": "1001.2275v1",
  "figure-ID": "1001.2275v1-Figure9-1.png",
  "figure-type": "Graph Plot",
  "0-originally-extracted": "Figure 9. Run time Vs. Support",
  "1-lowercase-and-token-and-remove-figure-index": {
    "caption": "run time vs. support .",
    "sentence": [
      "run time vs. support ."
    ],
    "token": [
      "run",
      "time",
      "vs.",
      "support",
      "."
    ]
  },
  "2-normalized": {
    "2-1-basic-num": {
      "caption": "run time vs. support .",
      "sentence": [
        "run time vs. support ."
      ],
      "token": [
        "run",
        "time",
        "vs.",
        "support",
        "."
      ]
    },
    "2-2-advanced-euqation-bracket": {
      "caption": "run time vs. support .",
      "sentence": [
        "run time vs. support ."
      ],
      "tokens": [
        "run",
        "time",
        "vs.",
        "support",
        "."
      ]
    }
  }
}