{
  "contains-subfigure": false,
  "Img-text": [],
  "paper-ID": "1001.2279v1",
  "figure-ID": "1001.2279v1-Figure4-1.png",
  "figure-type": "Graph Plot",
  "0-originally-extracted": "Figure 4. Membership functions of Distance",
  "1-lowercase-and-token-and-remove-figure-index": {
    "caption": "membership functions of distance .",
    "sentence": [
      "membership functions of distance ."
    ],
    "token": [
      "membership",
      "functions",
      "of",
      "distance",
      "."
    ]
  },
  "2-normalized": {
    "2-1-basic-num": {
      "caption": "membership functions of distance .",
      "sentence": [
        "membership functions of distance ."
      ],
      "token": [
        "membership",
        "functions",
        "of",
        "distance",
        "."
      ]
    },
    "2-2-advanced-euqation-bracket": {
      "caption": "membership functions of distance .",
      "sentence": [
        "membership functions of distance ."
      ],
      "tokens": [
        "membership",
        "functions",
        "of",
        "distance",
        "."
      ]
    }
  }
}