{
  "contains-subfigure": false,
  "Img-text": [
    "Business",
    "Model",
    "Server",
    "Artificial",
    "Intelligence",
    "Other",
    "User",
    "Interface",
    "A",
    "M",
    "J",
    "2007",
    "J",
    "A",
    "S",
    "O",
    "N",
    "D",
    "J",
    "F",
    "M",
    "A",
    "M",
    "J",
    "2008",
    "J",
    "A",
    "S",
    "O",
    "N",
    "D",
    "J",
    "F",
    "M",
    "A",
    "M",
    "J",
    "2009",
    "J",
    "A",
    "50",
    "40",
    "30",
    "20",
    "10",
    "ag",
    "e",
    "pa",
    "ck",
    "pe",
    "r",
    "st",
    "s",
    "by",
    "te",
    "er",
    "ed",
    "c",
    "ov",
    "O",
    "C",
    "of",
    "L",
    "ag",
    "e",
    "ce",
    "nt",
    "P",
    "er",
    "Month"
  ],
  "paper-ID": "1001.0683v1",
  "figure-ID": "1001.0683v1-Figure7-1.png",
  "figure-type": "Graph Plot",
  "0-originally-extracted": "Figure 7. A time series display of the test coverage by major application module as a percentage of lines of code being exercised by running the test suite over the total number of lines of code. Noticeably, the application module most tested is the business model with around 50% which accounts for 7,400 lines of code being tested, with server code coming second at 40%. and the artificial intelligence routines at 22%. Also striking is the absence of any user interface testing (only 58 of 20,937 lines are tested in the latest check-out). The drop in coverage in March 2009 is induced by fifteen failing test cases (see Figure 8) and the missing results for September 2007 where the test suite was so broken that it did not compile.",
  "1-lowercase-and-token-and-remove-figure-index": {
    "caption": "a time series display of the test coverage by major application module as a percentage of lines of code being exercised by running the test suite over the total number of lines of code . noticeably , the application module most tested is the business model with around 50 % which accounts for ,400 lines of code being tested , with server code coming second at 40 % . and the artificial intelligence routines at 22 % . also striking is the absence of any user interface testing ( only 58 of 20,93 lines are tested in the latest check-out ) . the drop in coverage in march 2009 is induced by fifteen failing test cases ( see figure 8 ) and the missing results for september 200 where the test suite was so broken that it did not compile .",
    "sentence": [
      "a time series display of the test coverage by major application module as a percentage of lines of code being exercised by running the test suite over the total number of lines of code .",
      "noticeably , the application module most tested is the business model with around 50 % which accounts for ,400 lines of code being tested , with server code coming second at 40 % .",
      "and the artificial intelligence routines at 22 % .",
      "also striking is the absence of any user interface testing ( only 58 of 20,93 lines are tested in the latest check-out ) .",
      "the drop in coverage in march 2009 is induced by fifteen failing test cases ( see figure 8 ) and the missing results for september 200 where the test suite was so broken that it did not compile ."
    ],
    "token": [
      "a",
      "time",
      "series",
      "display",
      "of",
      "the",
      "test",
      "coverage",
      "by",
      "major",
      "application",
      "module",
      "as",
      "a",
      "percentage",
      "of",
      "lines",
      "of",
      "code",
      "being",
      "exercised",
      "by",
      "running",
      "the",
      "test",
      "suite",
      "over",
      "the",
      "total",
      "number",
      "of",
      "lines",
      "of",
      "code",
      ".",
      "noticeably",
      ",",
      "the",
      "application",
      "module",
      "most",
      "tested",
      "is",
      "the",
      "business",
      "model",
      "with",
      "around",
      "50",
      "%",
      "which",
      "accounts",
      "for",
      ",400",
      "lines",
      "of",
      "code",
      "being",
      "tested",
      ",",
      "with",
      "server",
      "code",
      "coming",
      "second",
      "at",
      "40",
      "%",
      ".",
      "and",
      "the",
      "artificial",
      "intelligence",
      "routines",
      "at",
      "22",
      "%",
      ".",
      "also",
      "striking",
      "is",
      "the",
      "absence",
      "of",
      "any",
      "user",
      "interface",
      "testing",
      "(",
      "only",
      "58",
      "of",
      "20,93",
      "lines",
      "are",
      "tested",
      "in",
      "the",
      "latest",
      "check-out",
      ")",
      ".",
      "the",
      "drop",
      "in",
      "coverage",
      "in",
      "march",
      "2009",
      "is",
      "induced",
      "by",
      "fifteen",
      "failing",
      "test",
      "cases",
      "(",
      "see",
      "figure",
      "8",
      ")",
      "and",
      "the",
      "missing",
      "results",
      "for",
      "september",
      "200",
      "where",
      "the",
      "test",
      "suite",
      "was",
      "so",
      "broken",
      "that",
      "it",
      "did",
      "not",
      "compile",
      "."
    ]
  },
  "2-normalized": {
    "2-1-basic-num": {
      "caption": "a time series display of the test coverage by major application module as a percentage of lines of code being exercised by running the test suite over the total number of lines of code . noticeably , the application module most tested is the business model with around NUM-TK which accounts for ,400 lines of code being tested , with server code coming second at NUM-TK . and the artificial intelligence routines at NUM-TK . also striking is the absence of any user interface testing ( only NUM-TK of NUM-TK lines are tested in the latest check-out ) . the drop in coverage in march NUM-TK is induced by fifteen failing test cases ( see figure NUM-TK ) and the missing results for september NUM-TK where the test suite was so broken that it did not compile .",
      "sentence": [
        "a time series display of the test coverage by major application module as a percentage of lines of code being exercised by running the test suite over the total number of lines of code .",
        "noticeably , the application module most tested is the business model with around NUM-TK which accounts for ,400 lines of code being tested , with server code coming second at NUM-TK .",
        "and the artificial intelligence routines at NUM-TK .",
        "also striking is the absence of any user interface testing ( only NUM-TK of NUM-TK lines are tested in the latest check-out ) .",
        "the drop in coverage in march NUM-TK is induced by fifteen failing test cases ( see figure NUM-TK ) and the missing results for september NUM-TK where the test suite was so broken that it did not compile ."
      ],
      "token": [
        "a",
        "time",
        "series",
        "display",
        "of",
        "the",
        "test",
        "coverage",
        "by",
        "major",
        "application",
        "module",
        "as",
        "a",
        "percentage",
        "of",
        "lines",
        "of",
        "code",
        "being",
        "exercised",
        "by",
        "running",
        "the",
        "test",
        "suite",
        "over",
        "the",
        "total",
        "number",
        "of",
        "lines",
        "of",
        "code",
        ".",
        "noticeably",
        ",",
        "the",
        "application",
        "module",
        "most",
        "tested",
        "is",
        "the",
        "business",
        "model",
        "with",
        "around",
        "NUM-TK",
        "which",
        "accounts",
        "for",
        ",400",
        "lines",
        "of",
        "code",
        "being",
        "tested",
        ",",
        "with",
        "server",
        "code",
        "coming",
        "second",
        "at",
        "NUM-TK",
        ".",
        "and",
        "the",
        "artificial",
        "intelligence",
        "routines",
        "at",
        "NUM-TK",
        ".",
        "also",
        "striking",
        "is",
        "the",
        "absence",
        "of",
        "any",
        "user",
        "interface",
        "testing",
        "(",
        "only",
        "NUM-TK",
        "of",
        "NUM-TK",
        "lines",
        "are",
        "tested",
        "in",
        "the",
        "latest",
        "check-out",
        ")",
        ".",
        "the",
        "drop",
        "in",
        "coverage",
        "in",
        "march",
        "NUM-TK",
        "is",
        "induced",
        "by",
        "fifteen",
        "failing",
        "test",
        "cases",
        "(",
        "see",
        "figure",
        "NUM-TK",
        ")",
        "and",
        "the",
        "missing",
        "results",
        "for",
        "september",
        "NUM-TK",
        "where",
        "the",
        "test",
        "suite",
        "was",
        "so",
        "broken",
        "that",
        "it",
        "did",
        "not",
        "compile",
        "."
      ]
    },
    "2-2-advanced-euqation-bracket": {
      "caption": "a time series display of the test coverage by major application module as a percentage of lines of code being exercised by running the test suite over the total number of lines of code . noticeably , the application module most tested is the business model with around NUM which accounts for ,400 lines of code being tested , with server code coming second at NUM . and the artificial intelligence routines at NUM . also striking is the absence of any user interface testing BRACKET-TK . the drop in coverage in march NUM is induced by fifteen failing test cases BRACKET-TK and the missing results for september NUM where the test suite was so broken that it did not compile .",
      "sentence": [
        "a time series display of the test coverage by major application module as a percentage of lines of code being exercised by running the test suite over the total number of lines of code .",
        "noticeably , the application module most tested is the business model with around NUM which accounts for ,400 lines of code being tested , with server code coming second at NUM .",
        "and the artificial intelligence routines at NUM .",
        "also striking is the absence of any user interface testing BRACKET-TK .",
        "the drop in coverage in march NUM is induced by fifteen failing test cases BRACKET-TK and the missing results for september NUM where the test suite was so broken that it did not compile ."
      ],
      "tokens": [
        "a",
        "time",
        "series",
        "display",
        "of",
        "the",
        "test",
        "coverage",
        "by",
        "major",
        "application",
        "module",
        "as",
        "a",
        "percentage",
        "of",
        "lines",
        "of",
        "code",
        "being",
        "exercised",
        "by",
        "running",
        "the",
        "test",
        "suite",
        "over",
        "the",
        "total",
        "number",
        "of",
        "lines",
        "of",
        "code",
        ".",
        "noticeably",
        ",",
        "the",
        "application",
        "module",
        "most",
        "tested",
        "is",
        "the",
        "business",
        "model",
        "with",
        "around",
        "NUM",
        "which",
        "accounts",
        "for",
        ",400",
        "lines",
        "of",
        "code",
        "being",
        "tested",
        ",",
        "with",
        "server",
        "code",
        "coming",
        "second",
        "at",
        "NUM",
        ".",
        "and",
        "the",
        "artificial",
        "intelligence",
        "routines",
        "at",
        "NUM",
        ".",
        "also",
        "striking",
        "is",
        "the",
        "absence",
        "of",
        "any",
        "user",
        "interface",
        "testing",
        "BRACKET-TK",
        ".",
        "the",
        "drop",
        "in",
        "coverage",
        "in",
        "march",
        "NUM",
        "is",
        "induced",
        "by",
        "fifteen",
        "failing",
        "test",
        "cases",
        "BRACKET-TK",
        "and",
        "the",
        "missing",
        "results",
        "for",
        "september",
        "NUM",
        "where",
        "the",
        "test",
        "suite",
        "was",
        "so",
        "broken",
        "that",
        "it",
        "did",
        "not",
        "compile",
        "."
      ]
    }
  }
}