{
  "contains-subfigure": false,
  "Img-text": [
    "FDMA",
    "TCMA",
    "th",
    "w",
    "id",
    "ba",
    "nd",
    "un",
    "it",
    "fo",
    "r",
    "b",
    "ps",
    "e",
    "in",
    "r",
    "at",
    "su",
    "m",
    "SNR",
    "in",
    "dB",
    "4",
    "3.5",
    "3",
    "2.5",
    "2",
    "1.5",
    "\u22122",
    "0",
    "2",
    "4",
    "6",
    "8",
    "10",
    "12",
    "1"
  ],
  "paper-ID": "1001.0357v1",
  "figure-ID": "1001.0357v1-Figure10-1.png",
  "figure-type": "Graph Plot",
  "0-originally-extracted": "Fig. 10. CC sum capacity in bits per second per Hertz where SNR= \u03b3.",
  "1-lowercase-and-token-and-remove-figure-index": {
    "caption": "cc sum capacity in bits per second per hertz where snr= \u03b3 .",
    "sentence": [
      "cc sum capacity in bits per second per hertz where snr= \u03b3 ."
    ],
    "token": [
      "cc",
      "sum",
      "capacity",
      "in",
      "bits",
      "per",
      "second",
      "per",
      "hertz",
      "where",
      "snr=",
      "\u03b3",
      "."
    ]
  },
  "2-normalized": {
    "2-1-basic-num": {
      "caption": "cc sum capacity in bits per second per hertz where snr= \u03b3 .",
      "sentence": [
        "cc sum capacity in bits per second per hertz where snr= \u03b3 ."
      ],
      "token": [
        "cc",
        "sum",
        "capacity",
        "in",
        "bits",
        "per",
        "second",
        "per",
        "hertz",
        "where",
        "snr=",
        "\u03b3",
        "."
      ]
    },
    "2-2-advanced-euqation-bracket": {
      "caption": "cc sum capacity in bits per second per hertz where snr= \u03b3 .",
      "sentence": [
        "cc sum capacity in bits per second per hertz where snr= \u03b3 ."
      ],
      "tokens": [
        "cc",
        "sum",
        "capacity",
        "in",
        "bits",
        "per",
        "second",
        "per",
        "hertz",
        "where",
        "snr=",
        "\u03b3",
        "."
      ]
    }
  }
}