{
  "contains-subfigure": false,
  "Img-text": [
    "32",
    "x",
    "32",
    "V\u2212BLAST",
    "1.6",
    "dB",
    "3.6",
    "dB",
    "RTS,",
    "64\u2212QAM",
    "Hybrid",
    "RTS\u2212BP,",
    "64\u2212QAM",
    "RTS,",
    "16\u2212QAM",
    "Hybrid",
    "RTS\u2212BP,",
    "16\u2212QAM",
    "E",
    "R",
    "d",
    "B",
    "d",
    "e",
    "c",
    "o",
    "U",
    "n",
    "Average",
    "received",
    "SNR",
    "(dB)",
    "10",
    "0",
    "10",
    "\u22121",
    "10",
    "\u22122",
    "10",
    "\u22123",
    "\u22124",
    "15",
    "20",
    "25",
    "30",
    "35",
    "40",
    "45",
    "50",
    "10"
  ],
  "paper-ID": "1001.2376v1",
  "figure-ID": "1001.2376v1-Figure4-1.png",
  "figure-type": "Graph Plot",
  "0-originally-extracted": "Fig. 4 UNCODED BER COMPARISON BETWEEN THE PROPOSED HYBRID RTS-BPAND THE RTSFOR 16- AND 64-QAM IN 32\u00d7 32 V-BLAST. RTS-BP performs 3.6 dB better than RTS at10\u22123 BER for 64-QAM.",
  "1-lowercase-and-token-and-remove-figure-index": {
    "caption": "uncoded ber comparison between the proposed hybrid rts-bpand the rtsfor 16- and 6-qam in 32\u00d7 32 v-blast . rts-bp performs 3.6 db better than rts at10\u22123 ber for 6-qam .",
    "sentence": [
      "uncoded ber comparison between the proposed hybrid rts-bpand the rtsfor 16- and 6-qam in 32\u00d7 32 v-blast .",
      "rts-bp performs 3.6 db better than rts at10\u22123 ber for 6-qam ."
    ],
    "token": [
      "uncoded",
      "ber",
      "comparison",
      "between",
      "the",
      "proposed",
      "hybrid",
      "rts-bpand",
      "the",
      "rtsfor",
      "16-",
      "and",
      "6-qam",
      "in",
      "32\u00d7",
      "32",
      "v-blast",
      ".",
      "rts-bp",
      "performs",
      "3.6",
      "db",
      "better",
      "than",
      "rts",
      "at10\u22123",
      "ber",
      "for",
      "6-qam",
      "."
    ]
  },
  "2-normalized": {
    "2-1-basic-num": {
      "caption": "uncoded ber comparison between the proposed hybrid rts-bpand the rtsfor 16- and 6-qam in NUM-TK NUM-TK v-blast . rts-bp performs NUM-TK db better than rts at10\u22123 ber for 6-qam .",
      "sentence": [
        "uncoded ber comparison between the proposed hybrid rts-bpand the rtsfor 16- and 6-qam in NUM-TK NUM-TK v-blast .",
        "rts-bp performs NUM-TK db better than rts at10\u22123 ber for 6-qam ."
      ],
      "token": [
        "uncoded",
        "ber",
        "comparison",
        "between",
        "the",
        "proposed",
        "hybrid",
        "rts-bpand",
        "the",
        "rtsfor",
        "16-",
        "and",
        "6-qam",
        "in",
        "NUM-TK",
        "NUM-TK",
        "v-blast",
        ".",
        "rts-bp",
        "performs",
        "NUM-TK",
        "db",
        "better",
        "than",
        "rts",
        "at10\u22123",
        "ber",
        "for",
        "6-qam",
        "."
      ]
    },
    "2-2-advanced-euqation-bracket": {
      "caption": "uncoded ber comparison between the proposed hybrid rts-bpand the rtsfor 16- and 6-qam in NUM NUM v-blast . rts-bp performs NUM db better than rts at10\u22123 ber for 6-qam .",
      "sentence": [
        "uncoded ber comparison between the proposed hybrid rts-bpand the rtsfor 16- and 6-qam in NUM NUM v-blast .",
        "rts-bp performs NUM db better than rts at10\u22123 ber for 6-qam ."
      ],
      "tokens": [
        "uncoded",
        "ber",
        "comparison",
        "between",
        "the",
        "proposed",
        "hybrid",
        "rts-bpand",
        "the",
        "rtsfor",
        "16-",
        "and",
        "6-qam",
        "in",
        "NUM",
        "NUM",
        "v-blast",
        ".",
        "rts-bp",
        "performs",
        "NUM",
        "db",
        "better",
        "than",
        "rts",
        "at10\u22123",
        "ber",
        "for",
        "6-qam",
        "."
      ]
    }
  }
}