{
  "contains-subfigure": false,
  "Img-text": [
    "d",
    "=",
    "10",
    "d",
    "=",
    "4",
    "Taille",
    "du",
    "paquet",
    "(\u03b1)",
    "T",
    "a",
    "u",
    "x",
    "d",
    "e",
    "li",
    "v",
    "ra",
    "is",
    "o",
    "n",
    "0",
    "1",
    "2",
    "3",
    "4",
    "5",
    "1",
    "0.8",
    "0.6",
    "0.4",
    "0.2",
    "0"
  ],
  "paper-ID": "1001.3451v1",
  "figure-ID": "1001.3451v1-Figure2-1.png",
  "figure-type": "Graph Plot",
  "0-originally-extracted": "Figure 2 \u2013 Influence de la taille du paquet sur le taux de livraison (N = 20, r = 2.0, \u03bb = 10.0) pour diffe\u0301rentes valeurs du de\u0301lai maximal tole\u0301re\u0301 (d). Il y a deux lignes pour chaque valeur de d qui correspondent aux bornes infe\u0301rieure et supe\u0301rieure.",
  "1-lowercase-and-token-and-remove-figure-index": {
    "caption": "\u2013 influence de la taille du paquet sur le taux de livraison ( n = 0 , r = .0 , \u03bb = 10.0 ) pour diffe\u0301rentes valeurs du de\u0301lai maximal tole\u0301re\u0301 ( d ) . il y a deux lignes pour chaque valeur de d qui correspondent aux bornes infe\u0301rieure et supe\u0301rieure .",
    "sentence": [
      "\u2013 influence de la taille du paquet sur le taux de livraison ( n = 0 , r = .0 , \u03bb = 10.0 ) pour diffe\u0301rentes valeurs du de\u0301lai maximal tole\u0301re\u0301 ( d ) .",
      "il y a deux lignes pour chaque valeur de d qui correspondent aux bornes infe\u0301rieure et supe\u0301rieure ."
    ],
    "token": [
      "\u2013",
      "influence",
      "de",
      "la",
      "taille",
      "du",
      "paquet",
      "sur",
      "le",
      "taux",
      "de",
      "livraison",
      "(",
      "n",
      "=",
      "0",
      ",",
      "r",
      "=",
      ".0",
      ",",
      "\u03bb",
      "=",
      "10.0",
      ")",
      "pour",
      "diffe\u0301rentes",
      "valeurs",
      "du",
      "de\u0301lai",
      "maximal",
      "tole\u0301re\u0301",
      "(",
      "d",
      ")",
      ".",
      "il",
      "y",
      "a",
      "deux",
      "lignes",
      "pour",
      "chaque",
      "valeur",
      "de",
      "d",
      "qui",
      "correspondent",
      "aux",
      "bornes",
      "infe\u0301rieure",
      "et",
      "supe\u0301rieure",
      "."
    ]
  },
  "2-normalized": {
    "2-1-basic-num": {
      "caption": "\u2013 influence de la taille du paquet sur le taux de livraison ( n = NUM-TK , r = .0 , \u03bb = NUM-TK ) pour diffe\u0301rentes valeurs du de\u0301lai maximal tole\u0301re\u0301 ( d ) . il y a deux lignes pour chaque valeur de d qui correspondent aux bornes infe\u0301rieure et supe\u0301rieure .",
      "sentence": [
        "\u2013 influence de la taille du paquet sur le taux de livraison ( n = NUM-TK , r = .0 , \u03bb = NUM-TK ) pour diffe\u0301rentes valeurs du de\u0301lai maximal tole\u0301re\u0301 ( d ) .",
        "il y a deux lignes pour chaque valeur de d qui correspondent aux bornes infe\u0301rieure et supe\u0301rieure ."
      ],
      "token": [
        "\u2013",
        "influence",
        "de",
        "la",
        "taille",
        "du",
        "paquet",
        "sur",
        "le",
        "taux",
        "de",
        "livraison",
        "(",
        "n",
        "=",
        "NUM-TK",
        ",",
        "r",
        "=",
        ".0",
        ",",
        "\u03bb",
        "=",
        "NUM-TK",
        ")",
        "pour",
        "diffe\u0301rentes",
        "valeurs",
        "du",
        "de\u0301lai",
        "maximal",
        "tole\u0301re\u0301",
        "(",
        "d",
        ")",
        ".",
        "il",
        "y",
        "a",
        "deux",
        "lignes",
        "pour",
        "chaque",
        "valeur",
        "de",
        "d",
        "qui",
        "correspondent",
        "aux",
        "bornes",
        "infe\u0301rieure",
        "et",
        "supe\u0301rieure",
        "."
      ]
    },
    "2-2-advanced-euqation-bracket": {
      "caption": "\u2013 influence de la taille du paquet sur le taux de livraison BRACKET-TK pour diffe\u0301rentes valeurs du de\u0301lai maximal tole\u0301re\u0301 BRACKET-TK . il y a deux lignes pour chaque valeur de d qui correspondent aux bornes infe\u0301rieure et supe\u0301rieure .",
      "sentence": [
        "\u2013 influence de la taille du paquet sur le taux de livraison BRACKET-TK pour diffe\u0301rentes valeurs du de\u0301lai maximal tole\u0301re\u0301 BRACKET-TK .",
        "il y a deux lignes pour chaque valeur de d qui correspondent aux bornes infe\u0301rieure et supe\u0301rieure ."
      ],
      "tokens": [
        "\u2013",
        "influence",
        "de",
        "la",
        "taille",
        "du",
        "paquet",
        "sur",
        "le",
        "taux",
        "de",
        "livraison",
        "BRACKET-TK",
        "pour",
        "diffe\u0301rentes",
        "valeurs",
        "du",
        "de\u0301lai",
        "maximal",
        "tole\u0301re\u0301",
        "BRACKET-TK",
        ".",
        "il",
        "y",
        "a",
        "deux",
        "lignes",
        "pour",
        "chaque",
        "valeur",
        "de",
        "d",
        "qui",
        "correspondent",
        "aux",
        "bornes",
        "infe\u0301rieure",
        "et",
        "supe\u0301rieure",
        "."
      ]
    }
  }
}