{
  "contains-subfigure": false,
  "Img-text": [],
  "paper-ID": "1001.4135v1",
  "figure-ID": "1001.4135v1-Figure5-1.png",
  "figure-type": "Graph Plot",
  "0-originally-extracted": "Figure 5. Bandwidth utilization of cache",
  "1-lowercase-and-token-and-remove-figure-index": {
    "caption": "bandwidth utilization of cache .",
    "sentence": [
      "bandwidth utilization of cache ."
    ],
    "token": [
      "bandwidth",
      "utilization",
      "of",
      "cache",
      "."
    ]
  },
  "2-normalized": {
    "2-1-basic-num": {
      "caption": "bandwidth utilization of cache .",
      "sentence": [
        "bandwidth utilization of cache ."
      ],
      "token": [
        "bandwidth",
        "utilization",
        "of",
        "cache",
        "."
      ]
    },
    "2-2-advanced-euqation-bracket": {
      "caption": "bandwidth utilization of cache .",
      "sentence": [
        "bandwidth utilization of cache ."
      ],
      "tokens": [
        "bandwidth",
        "utilization",
        "of",
        "cache",
        "."
      ]
    }
  }
}