{
  "contains-subfigure": false,
  "Img-text": [],
  "paper-ID": "1001.1110v1",
  "figure-ID": "1001.1110v1-Figure4-1.png",
  "figure-type": "Graph Plot",
  "0-originally-extracted": "Fig. 4. Outage probability for a mobile located at the edge of the cell: r = Rc; comparison of the fluid model (solid blue curves) with simulations (dotted red curves) on an hexagonal network with \u03b7 = 4.",
  "1-lowercase-and-token-and-remove-figure-index": {
    "caption": "outage probability for a mobile located at the edge of the cell : r = rc ; comparison of the fluid model ( solid blue curves ) with simulations ( dotted red curves ) on an hexagonal network with \u03b7 = .",
    "sentence": [
      "outage probability for a mobile located at the edge of the cell : r = rc ; comparison of the fluid model ( solid blue curves ) with simulations ( dotted red curves ) on an hexagonal network with \u03b7 = ."
    ],
    "token": [
      "outage",
      "probability",
      "for",
      "a",
      "mobile",
      "located",
      "at",
      "the",
      "edge",
      "of",
      "the",
      "cell",
      ":",
      "r",
      "=",
      "rc",
      ";",
      "comparison",
      "of",
      "the",
      "fluid",
      "model",
      "(",
      "solid",
      "blue",
      "curves",
      ")",
      "with",
      "simulations",
      "(",
      "dotted",
      "red",
      "curves",
      ")",
      "on",
      "an",
      "hexagonal",
      "network",
      "with",
      "\u03b7",
      "=",
      "."
    ]
  },
  "2-normalized": {
    "2-1-basic-num": {
      "caption": "outage probability for a mobile located at the edge of the cell : r = rc ; comparison of the fluid model ( solid blue curves ) with simulations ( dotted red curves ) on an hexagonal network with \u03b7 = .",
      "sentence": [
        "outage probability for a mobile located at the edge of the cell : r = rc ; comparison of the fluid model ( solid blue curves ) with simulations ( dotted red curves ) on an hexagonal network with \u03b7 = ."
      ],
      "token": [
        "outage",
        "probability",
        "for",
        "a",
        "mobile",
        "located",
        "at",
        "the",
        "edge",
        "of",
        "the",
        "cell",
        ":",
        "r",
        "=",
        "rc",
        ";",
        "comparison",
        "of",
        "the",
        "fluid",
        "model",
        "(",
        "solid",
        "blue",
        "curves",
        ")",
        "with",
        "simulations",
        "(",
        "dotted",
        "red",
        "curves",
        ")",
        "on",
        "an",
        "hexagonal",
        "network",
        "with",
        "\u03b7",
        "=",
        "."
      ]
    },
    "2-2-advanced-euqation-bracket": {
      "caption": "outage probability for a mobile located at the edge of the cell : r = rc ; comparison of the fluid model BRACKET-TK with simulations BRACKET-TK on an hexagonal network with \u03b7 = .",
      "sentence": [
        "outage probability for a mobile located at the edge of the cell : r = rc ; comparison of the fluid model BRACKET-TK with simulations BRACKET-TK on an hexagonal network with \u03b7 = ."
      ],
      "tokens": [
        "outage",
        "probability",
        "for",
        "a",
        "mobile",
        "located",
        "at",
        "the",
        "edge",
        "of",
        "the",
        "cell",
        ":",
        "r",
        "=",
        "rc",
        ";",
        "comparison",
        "of",
        "the",
        "fluid",
        "model",
        "BRACKET-TK",
        "with",
        "simulations",
        "BRACKET-TK",
        "on",
        "an",
        "hexagonal",
        "network",
        "with",
        "\u03b7",
        "=",
        "."
      ]
    }
  }
}