{
  "contains-subfigure": false,
  "Img-text": [
    "b=2",
    "b=4",
    "b=6",
    "b=8",
    "Iterations",
    "n",
    "cy",
    "ic",
    "ie",
    "E",
    "ff",
    "1",
    "2",
    "3",
    "4",
    "5",
    "6",
    "7",
    "0,64",
    "0,61",
    "0,58",
    "0,55",
    "0,52",
    "0,49"
  ],
  "paper-ID": "1001.2778v1",
  "figure-ID": "1001.2778v1-Figure7-1.png",
  "figure-type": "Graph Plot",
  "0-originally-extracted": "Figure 7: In the case b \u2264 \ud835\udefc efficiency of the search algorithm increases when the number of topics k increases (\u03b1=8, b=2, 4, 6, 8, k=160, m=750, n=1500)",
  "1-lowercase-and-token-and-remove-figure-index": {
    "caption": "in the case b \u2264 \ud835\udefc efficiency of the search algorithm increases when the number of topics k increases ( \u03b1=8 , b=2 , 4 , 6 , 8 , k=160 , m=50 , n=1500 ) .",
    "sentence": [
      "in the case b \u2264 \ud835\udefc efficiency of the search algorithm increases when the number of topics k increases ( \u03b1=8 , b=2 , 4 , 6 , 8 , k=160 , m=50 , n=1500 ) ."
    ],
    "token": [
      "in",
      "the",
      "case",
      "b",
      "\u2264",
      "\ud835\udefc",
      "efficiency",
      "of",
      "the",
      "search",
      "algorithm",
      "increases",
      "when",
      "the",
      "number",
      "of",
      "topics",
      "k",
      "increases",
      "(",
      "\u03b1=8",
      ",",
      "b=2",
      ",",
      "4",
      ",",
      "6",
      ",",
      "8",
      ",",
      "k=160",
      ",",
      "m=50",
      ",",
      "n=1500",
      ")",
      "."
    ]
  },
  "2-normalized": {
    "2-1-basic-num": {
      "caption": "in the case b \u2264 \ud835\udefc efficiency of the search algorithm increases when the number of topics k increases ( \u03b1=8 , b=2 , NUM-TK , NUM-TK , NUM-TK , k=160 , m=50 , n=1500 ) .",
      "sentence": [
        "in the case b \u2264 \ud835\udefc efficiency of the search algorithm increases when the number of topics k increases ( \u03b1=8 , b=2 , NUM-TK , NUM-TK , NUM-TK , k=160 , m=50 , n=1500 ) ."
      ],
      "token": [
        "in",
        "the",
        "case",
        "b",
        "\u2264",
        "\ud835\udefc",
        "efficiency",
        "of",
        "the",
        "search",
        "algorithm",
        "increases",
        "when",
        "the",
        "number",
        "of",
        "topics",
        "k",
        "increases",
        "(",
        "\u03b1=8",
        ",",
        "b=2",
        ",",
        "NUM-TK",
        ",",
        "NUM-TK",
        ",",
        "NUM-TK",
        ",",
        "k=160",
        ",",
        "m=50",
        ",",
        "n=1500",
        ")",
        "."
      ]
    },
    "2-2-advanced-euqation-bracket": {
      "caption": "in the case b \u2264 \ud835\udefc efficiency of the search algorithm increases when the number of topics k increases BRACKET-TK .",
      "sentence": [
        "in the case b \u2264 \ud835\udefc efficiency of the search algorithm increases when the number of topics k increases BRACKET-TK ."
      ],
      "tokens": [
        "in",
        "the",
        "case",
        "b",
        "\u2264",
        "\ud835\udefc",
        "efficiency",
        "of",
        "the",
        "search",
        "algorithm",
        "increases",
        "when",
        "the",
        "number",
        "of",
        "topics",
        "k",
        "increases",
        "BRACKET-TK",
        "."
      ]
    }
  }
}