{
  "contains-subfigure": false,
  "Img-text": [
    "ARM",
    "NBC",
    "Proposed-MARI",
    "on",
    "ci",
    "si",
    "P",
    "re",
    "Recall",
    "1",
    "0.9",
    "0.8",
    "0.7",
    "0.6",
    "0.5",
    "0.4",
    "0.3",
    "0.2",
    "0.3",
    "0.4",
    "0.5",
    "0.6",
    "0.7",
    "0.8",
    "0.9",
    "1",
    "0.2"
  ],
  "paper-ID": "1001.1988v1",
  "figure-ID": "1001.1988v1-Figure7-1.png",
  "figure-type": "Graph Plot",
  "0-originally-extracted": "Figure 7. P & R graph using naive bayesian, association rule mining and MARI association rule mining",
  "1-lowercase-and-token-and-remove-figure-index": {
    "caption": "p & r graph using naive bayesian , association rule mining and mari association rule mining .",
    "sentence": [
      "p & r graph using naive bayesian , association rule mining and mari association rule mining ."
    ],
    "token": [
      "p",
      "&",
      "r",
      "graph",
      "using",
      "naive",
      "bayesian",
      ",",
      "association",
      "rule",
      "mining",
      "and",
      "mari",
      "association",
      "rule",
      "mining",
      "."
    ]
  },
  "2-normalized": {
    "2-1-basic-num": {
      "caption": "p & r graph using naive bayesian , association rule mining and mari association rule mining .",
      "sentence": [
        "p & r graph using naive bayesian , association rule mining and mari association rule mining ."
      ],
      "token": [
        "p",
        "&",
        "r",
        "graph",
        "using",
        "naive",
        "bayesian",
        ",",
        "association",
        "rule",
        "mining",
        "and",
        "mari",
        "association",
        "rule",
        "mining",
        "."
      ]
    },
    "2-2-advanced-euqation-bracket": {
      "caption": "p & r graph using naive bayesian , association rule mining and mari association rule mining .",
      "sentence": [
        "p & r graph using naive bayesian , association rule mining and mari association rule mining ."
      ],
      "tokens": [
        "p",
        "&",
        "r",
        "graph",
        "using",
        "naive",
        "bayesian",
        ",",
        "association",
        "rule",
        "mining",
        "and",
        "mari",
        "association",
        "rule",
        "mining",
        "."
      ]
    }
  }
}