{
  "contains-subfigure": false,
  "Img-text": [],
  "paper-ID": "1001.2280v1",
  "figure-ID": "1001.2280v1-Figure2-1.png",
  "figure-type": "Graph Plot",
  "0-originally-extracted": "Figure 2. Packet Delay \u2013 RSW versus IAX",
  "1-lowercase-and-token-and-remove-figure-index": {
    "caption": "packet delay \u2013 rsw versus iax .",
    "sentence": [
      "packet delay \u2013 rsw versus iax ."
    ],
    "token": [
      "packet",
      "delay",
      "\u2013",
      "rsw",
      "versus",
      "iax",
      "."
    ]
  },
  "2-normalized": {
    "2-1-basic-num": {
      "caption": "packet delay \u2013 rsw versus iax .",
      "sentence": [
        "packet delay \u2013 rsw versus iax ."
      ],
      "token": [
        "packet",
        "delay",
        "\u2013",
        "rsw",
        "versus",
        "iax",
        "."
      ]
    },
    "2-2-advanced-euqation-bracket": {
      "caption": "packet delay \u2013 rsw versus iax .",
      "sentence": [
        "packet delay \u2013 rsw versus iax ."
      ],
      "tokens": [
        "packet",
        "delay",
        "\u2013",
        "rsw",
        "versus",
        "iax",
        "."
      ]
    }
  }
}