{
  "contains-subfigure": false,
  "Img-text": [],
  "paper-ID": "1001.3928v1",
  "figure-ID": "1001.3928v1-Figure9-1.png",
  "figure-type": "Graph Plot",
  "0-originally-extracted": "Figure 9 \u2013 Test de robustesse face a la compression JPEG",
  "1-lowercase-and-token-and-remove-figure-index": {
    "caption": "\u2013 test de robustesse face a la compression jpeg .",
    "sentence": [
      "\u2013 test de robustesse face a la compression jpeg ."
    ],
    "token": [
      "\u2013",
      "test",
      "de",
      "robustesse",
      "face",
      "a",
      "la",
      "compression",
      "jpeg",
      "."
    ]
  },
  "2-normalized": {
    "2-1-basic-num": {
      "caption": "\u2013 test de robustesse face a la compression jpeg .",
      "sentence": [
        "\u2013 test de robustesse face a la compression jpeg ."
      ],
      "token": [
        "\u2013",
        "test",
        "de",
        "robustesse",
        "face",
        "a",
        "la",
        "compression",
        "jpeg",
        "."
      ]
    },
    "2-2-advanced-euqation-bracket": {
      "caption": "\u2013 test de robustesse face a la compression jpeg .",
      "sentence": [
        "\u2013 test de robustesse face a la compression jpeg ."
      ],
      "tokens": [
        "\u2013",
        "test",
        "de",
        "robustesse",
        "face",
        "a",
        "la",
        "compression",
        "jpeg",
        "."
      ]
    }
  }
}