{
  "contains-subfigure": false,
  "Img-text": [
    "SVM-RBF",
    "(F)",
    "SVM-Linear",
    "(F)",
    "NN-Euclidean",
    "(F)",
    "NN-Cosine",
    "(F)",
    "SVM-RBF(F+L+R)",
    "SVM-Linear(F+L+R)",
    "NN-Euclidean(F+L+R)",
    "NN-Cosine(F+L+R)",
    "DET",
    "Curve",
    ")",
    "ty",
    "(%",
    "ab",
    "ili",
    "Pr",
    "ob",
    "se",
    "d",
    "M",
    "is",
    "False",
    "Alarm",
    "Probability(%)",
    "101",
    "100",
    "101",
    "102",
    "100"
  ],
  "paper-ID": "1001.4140v1",
  "figure-ID": "1001.4140v1-Figure2-1.png",
  "figure-type": "Graph Plot",
  "0-originally-extracted": "Fig. 2 DET curves for different proposed methods are shown.",
  "1-lowercase-and-token-and-remove-figure-index": {
    "caption": "det curves for different proposed methods are shown .",
    "sentence": [
      "det curves for different proposed methods are shown ."
    ],
    "token": [
      "det",
      "curves",
      "for",
      "different",
      "proposed",
      "methods",
      "are",
      "shown",
      "."
    ]
  },
  "2-normalized": {
    "2-1-basic-num": {
      "caption": "det curves for different proposed methods are shown .",
      "sentence": [
        "det curves for different proposed methods are shown ."
      ],
      "token": [
        "det",
        "curves",
        "for",
        "different",
        "proposed",
        "methods",
        "are",
        "shown",
        "."
      ]
    },
    "2-2-advanced-euqation-bracket": {
      "caption": "det curves for different proposed methods are shown .",
      "sentence": [
        "det curves for different proposed methods are shown ."
      ],
      "tokens": [
        "det",
        "curves",
        "for",
        "different",
        "proposed",
        "methods",
        "are",
        "shown",
        "."
      ]
    }
  }
}