{
  "contains-subfigure": false,
  "Img-text": [],
  "paper-ID": "1001.2062v1",
  "figure-ID": "1001.2062v1-Figure1-1.png",
  "figure-type": "Graph Plot",
  "0-originally-extracted": "Figure 1: Lorenz curves for BISO channels with the same capacity and output of size 3.",
  "1-lowercase-and-token-and-remove-figure-index": {
    "caption": "lorenz curves for biso channels with the same capacity and output of size 3 .",
    "sentence": [
      "lorenz curves for biso channels with the same capacity and output of size 3 ."
    ],
    "token": [
      "lorenz",
      "curves",
      "for",
      "biso",
      "channels",
      "with",
      "the",
      "same",
      "capacity",
      "and",
      "output",
      "of",
      "size",
      "3",
      "."
    ]
  },
  "2-normalized": {
    "2-1-basic-num": {
      "caption": "lorenz curves for biso channels with the same capacity and output of size NUM-TK .",
      "sentence": [
        "lorenz curves for biso channels with the same capacity and output of size NUM-TK ."
      ],
      "token": [
        "lorenz",
        "curves",
        "for",
        "biso",
        "channels",
        "with",
        "the",
        "same",
        "capacity",
        "and",
        "output",
        "of",
        "size",
        "NUM-TK",
        "."
      ]
    },
    "2-2-advanced-euqation-bracket": {
      "caption": "lorenz curves for biso channels with the same capacity and output of size NUM .",
      "sentence": [
        "lorenz curves for biso channels with the same capacity and output of size NUM ."
      ],
      "tokens": [
        "lorenz",
        "curves",
        "for",
        "biso",
        "channels",
        "with",
        "the",
        "same",
        "capacity",
        "and",
        "output",
        "of",
        "size",
        "NUM",
        "."
      ]
    }
  }
}