{
  "contains-subfigure": false,
  "Img-text": [
    "S",
    "\u03b1",
    "\u221210\u22124",
    "Entropy",
    "\u221210\u22123",
    "\u221210\u22122",
    "\u221210\u22121",
    "0",
    "0.2",
    "0.4",
    "0.6",
    "0.8",
    "1",
    "\u2212100"
  ],
  "paper-ID": "1001.3790v3",
  "figure-ID": "1001.3790v3-Figure5-1.png",
  "figure-type": "Graph Plot",
  "0-originally-extracted": "Figure 5: Zero temperature entropy of the RS solution (solid), and 1RSB solution (dashed), as a function of the system load \u03b1 (corresponding to (6-15)).",
  "1-lowercase-and-token-and-remove-figure-index": {
    "caption": "zero temperature entropy of the rs solution ( solid ) , and 1rsb solution ( dashed ) , as a function of the system load \u03b1 ( corresponding to ( 6-1 ) ) .",
    "sentence": [
      "zero temperature entropy of the rs solution ( solid ) , and 1rsb solution ( dashed ) , as a function of the system load \u03b1 ( corresponding to ( 6-1 ) ) ."
    ],
    "token": [
      "zero",
      "temperature",
      "entropy",
      "of",
      "the",
      "rs",
      "solution",
      "(",
      "solid",
      ")",
      ",",
      "and",
      "1rsb",
      "solution",
      "(",
      "dashed",
      ")",
      ",",
      "as",
      "a",
      "function",
      "of",
      "the",
      "system",
      "load",
      "\u03b1",
      "(",
      "corresponding",
      "to",
      "(",
      "6-1",
      ")",
      ")",
      "."
    ]
  },
  "2-normalized": {
    "2-1-basic-num": {
      "caption": "NUM-TK temperature entropy of the rs solution ( solid ) , and NUM-TK solution ( dashed ) , as a function of the system load \u03b1 ( corresponding to ( 6-1 ) ) .",
      "sentence": [
        "NUM-TK temperature entropy of the rs solution ( solid ) , and NUM-TK solution ( dashed ) , as a function of the system load \u03b1 ( corresponding to ( 6-1 ) ) ."
      ],
      "token": [
        "NUM-TK",
        "temperature",
        "entropy",
        "of",
        "the",
        "rs",
        "solution",
        "(",
        "solid",
        ")",
        ",",
        "and",
        "NUM-TK",
        "solution",
        "(",
        "dashed",
        ")",
        ",",
        "as",
        "a",
        "function",
        "of",
        "the",
        "system",
        "load",
        "\u03b1",
        "(",
        "corresponding",
        "to",
        "(",
        "6-1",
        ")",
        ")",
        "."
      ]
    },
    "2-2-advanced-euqation-bracket": {
      "caption": "NUM temperature entropy of the rs solution ( solidBRACKET-TK , and NUM solution ( dashedBRACKET-TK , as a function of the system load \u03b1 ( corresponding to ( 6-1BRACKET-TKBRACKET-TK .",
      "sentence": [
        "NUM temperature entropy of the rs solution ( solidBRACKET-TK , and NUM solution ( dashedBRACKET-TK , as a function of the system load \u03b1 ( corresponding to ( 6-1BRACKET-TKBRACKET-TK ."
      ],
      "tokens": [
        "NUM",
        "temperature",
        "entropy",
        "of",
        "the",
        "rs",
        "solution",
        "(",
        "solidBRACKET-TK",
        ",",
        "and",
        "NUM",
        "solution",
        "(",
        "dashedBRACKET-TK",
        ",",
        "as",
        "a",
        "function",
        "of",
        "the",
        "system",
        "load",
        "\u03b1",
        "(",
        "corresponding",
        "to",
        "(",
        "6-1BRACKET-TKBRACKET-TK",
        "."
      ]
    }
  }
}