{
  "contains-subfigure": false,
  "Img-text": [
    "N",
    "=",
    "10",
    "Solid",
    "lines",
    "-",
    "AWGN",
    "Dashed",
    "lines",
    "-",
    "Ricean",
    "(K",
    "=",
    "1)",
    "N",
    "=",
    "2",
    "N",
    "=",
    "1",
    "p1",
    "=",
    "0.5;",
    "\u03b3s",
    "=",
    "0",
    "dB",
    "t",
    "e",
    "n",
    "o",
    "n",
    "E",
    "x",
    "p",
    "o",
    "r",
    "E",
    "rr",
    "\u03b3c",
    "(dB)",
    "10",
    "\u22121",
    "\u22122",
    "0",
    "2",
    "4",
    "6",
    "8",
    "10",
    "12",
    "10"
  ],
  "paper-ID": "1001.3173v2",
  "figure-ID": "1001.3173v2-Figure4-1.png",
  "figure-type": "Graph Plot",
  "0-originally-extracted": "Fig. 4. Error exponent vs\u03b3s for N = 1, 2, 10 for AWGN channels and Ricean channels and no CSIS.",
  "1-lowercase-and-token-and-remove-figure-index": {
    "caption": "error exponent vs\u03b3s for n = 1 , 2 , 10 for awgn channels and ricean channels and no csis .",
    "sentence": [
      "error exponent vs\u03b3s for n = 1 , 2 , 10 for awgn channels and ricean channels and no csis ."
    ],
    "token": [
      "error",
      "exponent",
      "vs\u03b3s",
      "for",
      "n",
      "=",
      "1",
      ",",
      "2",
      ",",
      "10",
      "for",
      "awgn",
      "channels",
      "and",
      "ricean",
      "channels",
      "and",
      "no",
      "csis",
      "."
    ]
  },
  "2-normalized": {
    "2-1-basic-num": {
      "caption": "error exponent vs\u03b3s for n = NUM-TK , NUM-TK , NUM-TK for awgn channels and ricean channels and no csis .",
      "sentence": [
        "error exponent vs\u03b3s for n = NUM-TK , NUM-TK , NUM-TK for awgn channels and ricean channels and no csis ."
      ],
      "token": [
        "error",
        "exponent",
        "vs\u03b3s",
        "for",
        "n",
        "=",
        "NUM-TK",
        ",",
        "NUM-TK",
        ",",
        "NUM-TK",
        "for",
        "awgn",
        "channels",
        "and",
        "ricean",
        "channels",
        "and",
        "no",
        "csis",
        "."
      ]
    },
    "2-2-advanced-euqation-bracket": {
      "caption": "error exponent vs\u03b3s for EQUAT-TK , NUM , NUM for awgn channels and ricean channels and no csis .",
      "sentence": [
        "error exponent vs\u03b3s for EQUAT-TK , NUM , NUM for awgn channels and ricean channels and no csis ."
      ],
      "tokens": [
        "error",
        "exponent",
        "vs\u03b3s",
        "for",
        "EQUAT-TK",
        ",",
        "NUM",
        ",",
        "NUM",
        "for",
        "awgn",
        "channels",
        "and",
        "ricean",
        "channels",
        "and",
        "no",
        "csis",
        "."
      ]
    }
  }
}