{
  "contains-subfigure": false,
  "Img-text": [
    "Opt.",
    "Comp.",
    "Non\u2212Opt.",
    "Comp.",
    "bK",
    "ab",
    "or",
    "r",
    "/P",
    "P",
    "bC",
    "\u03be",
    "1",
    "0.5",
    "0",
    "10",
    "0",
    "p",
    "bC",
    "om",
    "or",
    "r",
    "/P",
    "P",
    "bC",
    "\u03bb",
    "2",
    "1",
    "0.8",
    "0.6",
    "0.4",
    "0.2",
    "0",
    "0.1",
    "0.2",
    "0.3",
    "0.4",
    "0.5",
    "0.6",
    "0.7",
    "0.8",
    "0.9",
    "0"
  ],
  "paper-ID": "1001.5135v1",
  "figure-ID": "1001.5135v1-Figure3-1.png",
  "figure-type": "Graph Plot",
  "0-originally-extracted": "Figure 3. A comparison of the BER obtained in simulations, using the proposed scheme, PCorrb , versus optimal and non-optimal (i.e., 5% above the entropy) compression, PCompb . The ratio PCorrb",
  "1-lowercase-and-token-and-remove-figure-index": {
    "caption": "a comparison of the ber obtained in simulations , using the proposed scheme , pcorrb , versus optimal and non-optimal ( i.e. , 5 % above the entropy ) compression , pcompb . the ratio pcorrb .",
    "sentence": [
      "a comparison of the ber obtained in simulations , using the proposed scheme , pcorrb , versus optimal and non-optimal ( i.e.",
      ", 5 % above the entropy ) compression , pcompb .",
      "the ratio pcorrb ."
    ],
    "token": [
      "a",
      "comparison",
      "of",
      "the",
      "ber",
      "obtained",
      "in",
      "simulations",
      ",",
      "using",
      "the",
      "proposed",
      "scheme",
      ",",
      "pcorrb",
      ",",
      "versus",
      "optimal",
      "and",
      "non-optimal",
      "(",
      "i.e",
      ".",
      ",",
      "5",
      "%",
      "above",
      "the",
      "entropy",
      ")",
      "compression",
      ",",
      "pcompb",
      ".",
      "the",
      "ratio",
      "pcorrb",
      "."
    ]
  },
  "2-normalized": {
    "2-1-basic-num": {
      "caption": "a comparison of the ber obtained in simulations , using the proposed scheme , pcorrb , versus optimal and non-optimal ( i.e . , NUM-TK above the entropy ) compression , pcompb . the ratio pcorrb .",
      "sentence": [
        "a comparison of the ber obtained in simulations , using the proposed scheme , pcorrb , versus optimal and non-optimal ( i.e .",
        ", NUM-TK above the entropy ) compression , pcompb .",
        "the ratio pcorrb ."
      ],
      "token": [
        "a",
        "comparison",
        "of",
        "the",
        "ber",
        "obtained",
        "in",
        "simulations",
        ",",
        "using",
        "the",
        "proposed",
        "scheme",
        ",",
        "pcorrb",
        ",",
        "versus",
        "optimal",
        "and",
        "non-optimal",
        "(",
        "i.e",
        ".",
        ",",
        "NUM-TK",
        "above",
        "the",
        "entropy",
        ")",
        "compression",
        ",",
        "pcompb",
        ".",
        "the",
        "ratio",
        "pcorrb",
        "."
      ]
    },
    "2-2-advanced-euqation-bracket": {
      "caption": "a comparison of the ber obtained in simulations , using the proposed scheme , pcorrb , versus optimal and non-optimal BRACKET-TK compression , pcompb . the ratio pcorrb .",
      "sentence": [
        "a comparison of the ber obtained in simulations , using the proposed scheme , pcorrb , versus optimal and non-optimal BRACKET-TK compression , pcompb .",
        "the ratio pcorrb ."
      ],
      "tokens": [
        "a",
        "comparison",
        "of",
        "the",
        "ber",
        "obtained",
        "in",
        "simulations",
        ",",
        "using",
        "the",
        "proposed",
        "scheme",
        ",",
        "pcorrb",
        ",",
        "versus",
        "optimal",
        "and",
        "non-optimal",
        "BRACKET-TK",
        "compression",
        ",",
        "pcompb",
        ".",
        "the",
        "ratio",
        "pcorrb",
        "."
      ]
    }
  }
}