{
  "contains-subfigure": false,
  "Img-text": [],
  "paper-ID": "1001.1936v1",
  "figure-ID": "1001.1936v1-Figure3-1.png",
  "figure-type": "Graph Plot",
  "0-originally-extracted": "Figure 3. Clustering coefficient comparison.",
  "1-lowercase-and-token-and-remove-figure-index": {
    "caption": "clustering coefficient comparison .",
    "sentence": [
      "clustering coefficient comparison ."
    ],
    "token": [
      "clustering",
      "coefficient",
      "comparison",
      "."
    ]
  },
  "2-normalized": {
    "2-1-basic-num": {
      "caption": "clustering coefficient comparison .",
      "sentence": [
        "clustering coefficient comparison ."
      ],
      "token": [
        "clustering",
        "coefficient",
        "comparison",
        "."
      ]
    },
    "2-2-advanced-euqation-bracket": {
      "caption": "clustering coefficient comparison .",
      "sentence": [
        "clustering coefficient comparison ."
      ],
      "tokens": [
        "clustering",
        "coefficient",
        "comparison",
        "."
      ]
    }
  }
}