{
  "contains-subfigure": false,
  "Img-text": [],
  "paper-ID": "1001.3663v1",
  "figure-ID": "1001.3663v1-Figure6-1.png",
  "figure-type": "Graph Plot",
  "0-originally-extracted": "Figure 6. Dynamic trends of average distance in SDSS.",
  "1-lowercase-and-token-and-remove-figure-index": {
    "caption": "dynamic trends of average distance in sdss .",
    "sentence": [
      "dynamic trends of average distance in sdss ."
    ],
    "token": [
      "dynamic",
      "trends",
      "of",
      "average",
      "distance",
      "in",
      "sdss",
      "."
    ]
  },
  "2-normalized": {
    "2-1-basic-num": {
      "caption": "dynamic trends of average distance in sdss .",
      "sentence": [
        "dynamic trends of average distance in sdss ."
      ],
      "token": [
        "dynamic",
        "trends",
        "of",
        "average",
        "distance",
        "in",
        "sdss",
        "."
      ]
    },
    "2-2-advanced-euqation-bracket": {
      "caption": "dynamic trends of average distance in sdss .",
      "sentence": [
        "dynamic trends of average distance in sdss ."
      ],
      "tokens": [
        "dynamic",
        "trends",
        "of",
        "average",
        "distance",
        "in",
        "sdss",
        "."
      ]
    }
  }
}