{
  "contains-subfigure": false,
  "Img-text": [
    "D=4",
    "D=3",
    "D=2",
    "D=1",
    "Simulations",
    "Analatical",
    "Expression",
    "}",
    "E",
    "{T",
    "ria",
    "ls",
    "of",
    "T",
    "be",
    "r",
    "N",
    "um",
    "ra",
    "ge",
    "A",
    "ve",
    "\u03b7",
    "thr",
    "[dB]",
    "10",
    "3",
    "10",
    "2",
    "1",
    "\u22125",
    "0",
    "5",
    "10"
  ],
  "paper-ID": "1001.3193v1",
  "figure-ID": "1001.3193v1-Figure8-1.png",
  "figure-type": "Graph Plot",
  "0-originally-extracted": "Fig. 8. Average number of trialsE {T} versus threshold\u03b7thr for different values ofD.",
  "1-lowercase-and-token-and-remove-figure-index": {
    "caption": "average number of trialse { t } versus threshold\u03b7thr for different values ofd .",
    "sentence": [
      "average number of trialse { t } versus threshold\u03b7thr for different values ofd ."
    ],
    "token": [
      "average",
      "number",
      "of",
      "trialse",
      "{",
      "t",
      "}",
      "versus",
      "threshold\u03b7thr",
      "for",
      "different",
      "values",
      "ofd",
      "."
    ]
  },
  "2-normalized": {
    "2-1-basic-num": {
      "caption": "average number of trialse { t } versus threshold\u03b7thr for different values ofd .",
      "sentence": [
        "average number of trialse { t } versus threshold\u03b7thr for different values ofd ."
      ],
      "token": [
        "average",
        "number",
        "of",
        "trialse",
        "{",
        "t",
        "}",
        "versus",
        "threshold\u03b7thr",
        "for",
        "different",
        "values",
        "ofd",
        "."
      ]
    },
    "2-2-advanced-euqation-bracket": {
      "caption": "average number of trialse BRACKET-TK versus threshold\u03b7thr for different values ofd .",
      "sentence": [
        "average number of trialse BRACKET-TK versus threshold\u03b7thr for different values ofd ."
      ],
      "tokens": [
        "average",
        "number",
        "of",
        "trialse",
        "BRACKET-TK",
        "versus",
        "threshold\u03b7thr",
        "for",
        "different",
        "values",
        "ofd",
        "."
      ]
    }
  }
}