{
  "contains-subfigure": false,
  "Img-text": [],
  "paper-ID": "1001.2279v1",
  "figure-ID": "1001.2279v1-Figure2-1.png",
  "figure-type": "Graph Plot",
  "0-originally-extracted": "Figure 2. Schematic of triangular membership function",
  "1-lowercase-and-token-and-remove-figure-index": {
    "caption": "schematic of triangular membership function .",
    "sentence": [
      "schematic of triangular membership function ."
    ],
    "token": [
      "schematic",
      "of",
      "triangular",
      "membership",
      "function",
      "."
    ]
  },
  "2-normalized": {
    "2-1-basic-num": {
      "caption": "schematic of triangular membership function .",
      "sentence": [
        "schematic of triangular membership function ."
      ],
      "token": [
        "schematic",
        "of",
        "triangular",
        "membership",
        "function",
        "."
      ]
    },
    "2-2-advanced-euqation-bracket": {
      "caption": "schematic of triangular membership function .",
      "sentence": [
        "schematic of triangular membership function ."
      ],
      "tokens": [
        "schematic",
        "of",
        "triangular",
        "membership",
        "function",
        "."
      ]
    }
  }
}