{
  "contains-subfigure": false,
  "Img-text": [
    "L=4",
    "L=3",
    "L=2",
    "L=1",
    "ili",
    "ty",
    "a",
    "b",
    "ro",
    "b",
    "e",
    "P",
    "ta",
    "g",
    "O",
    "u",
    ",",
    "\u03bb",
    "),",
    "F",
    "(\u03b3",
    "\u03bb,",
    "density:",
    "user",
    "number",
    "per",
    "m",
    "2",
    "10",
    "0",
    "10",
    "\u22121",
    "10",
    "\u22122",
    "10",
    "\u22123",
    "10",
    "\u22124",
    "10",
    "\u22125",
    "10",
    "\u22126",
    "10",
    "\u22121",
    "10",
    "\u22122",
    "10",
    "\u22123",
    "10",
    "\u22124",
    "10",
    "\u22125"
  ],
  "paper-ID": "1001.1482v3",
  "figure-ID": "1001.1482v3-Figure1-1.png",
  "figure-type": "Graph Plot",
  "0-originally-extracted": "Fig. 1: Outage probability: simulation (dashed lines) and theoretical (solid lines) results with \u03c32 = \u221250dB/antenna (all nodes use unit transmission power.)",
  "1-lowercase-and-token-and-remove-figure-index": {
    "caption": "outage probability : simulation ( dashed lines ) and theoretical ( solid lines ) results with \u03c32 = \u221250db/antenna ( all nodes use unit transmission power . ) .",
    "sentence": [
      "outage probability : simulation ( dashed lines ) and theoretical ( solid lines ) results with \u03c32 = \u221250db/antenna ( all nodes use unit transmission power . )",
      "."
    ],
    "token": [
      "outage",
      "probability",
      ":",
      "simulation",
      "(",
      "dashed",
      "lines",
      ")",
      "and",
      "theoretical",
      "(",
      "solid",
      "lines",
      ")",
      "results",
      "with",
      "\u03c32",
      "=",
      "\u221250db/antenna",
      "(",
      "all",
      "nodes",
      "use",
      "unit",
      "transmission",
      "power",
      ".",
      ")",
      "."
    ]
  },
  "2-normalized": {
    "2-1-basic-num": {
      "caption": "outage probability : simulation ( dashed lines ) and theoretical ( solid lines ) results with \u03c32 = \u221250db/antenna ( all nodes use unit transmission power . ) .",
      "sentence": [
        "outage probability : simulation ( dashed lines ) and theoretical ( solid lines ) results with \u03c32 = \u221250db/antenna ( all nodes use unit transmission power . )",
        "."
      ],
      "token": [
        "outage",
        "probability",
        ":",
        "simulation",
        "(",
        "dashed",
        "lines",
        ")",
        "and",
        "theoretical",
        "(",
        "solid",
        "lines",
        ")",
        "results",
        "with",
        "\u03c32",
        "=",
        "\u221250db/antenna",
        "(",
        "all",
        "nodes",
        "use",
        "unit",
        "transmission",
        "power",
        ".",
        ")",
        "."
      ]
    },
    "2-2-advanced-euqation-bracket": {
      "caption": "outage probability : simulation BRACKET-TK and theoretical BRACKET-TK results with \u03c32 = \u221250db/antenna BRACKET-TK .",
      "sentence": [
        "outage probability : simulation BRACKET-TK and theoretical BRACKET-TK results with \u03c32 = \u221250db/antenna BRACKET-TK ."
      ],
      "tokens": [
        "outage",
        "probability",
        ":",
        "simulation",
        "BRACKET-TK",
        "and",
        "theoretical",
        "BRACKET-TK",
        "results",
        "with",
        "\u03c32",
        "=",
        "\u221250db/antenna",
        "BRACKET-TK",
        "."
      ]
    }
  }
}