{
  "contains-subfigure": false,
  "Img-text": [],
  "paper-ID": "1001.2253v1",
  "figure-ID": "1001.2253v1-Figure5-1.png",
  "figure-type": "Graph Plot",
  "0-originally-extracted": "Figure 5. Output signal at input current 400 \u00b5Ap-p and frequency 100 kHz",
  "1-lowercase-and-token-and-remove-figure-index": {
    "caption": "output signal at input current 400 \u00b5ap-p and frequency 100 khz .",
    "sentence": [
      "output signal at input current 400 \u00b5ap-p and frequency 100 khz ."
    ],
    "token": [
      "output",
      "signal",
      "at",
      "input",
      "current",
      "400",
      "\u00b5ap-p",
      "and",
      "frequency",
      "100",
      "khz",
      "."
    ]
  },
  "2-normalized": {
    "2-1-basic-num": {
      "caption": "output signal at input current NUM-TK \u00b5ap-p and frequency NUM-TK khz .",
      "sentence": [
        "output signal at input current NUM-TK \u00b5ap-p and frequency NUM-TK khz ."
      ],
      "token": [
        "output",
        "signal",
        "at",
        "input",
        "current",
        "NUM-TK",
        "\u00b5ap-p",
        "and",
        "frequency",
        "NUM-TK",
        "khz",
        "."
      ]
    },
    "2-2-advanced-euqation-bracket": {
      "caption": "output signal at input current NUM \u00b5ap-p and frequency NUM khz .",
      "sentence": [
        "output signal at input current NUM \u00b5ap-p and frequency NUM khz ."
      ],
      "tokens": [
        "output",
        "signal",
        "at",
        "input",
        "current",
        "NUM",
        "\u00b5ap-p",
        "and",
        "frequency",
        "NUM",
        "khz",
        "."
      ]
    }
  }
}