{
  "contains-subfigure": false,
  "Img-text": [],
  "paper-ID": "1001.0340v3",
  "figure-ID": "1001.0340v3-Figure6-1.png",
  "figure-type": "Graph Plot",
  "0-originally-extracted": "Fig. 6. The normals (scaled down) of the quadrics from Example 8.1.",
  "1-lowercase-and-token-and-remove-figure-index": {
    "caption": "the normals ( scaled down ) of the quadrics from example 8.1 .",
    "sentence": [
      "the normals ( scaled down ) of the quadrics from example 8.1 ."
    ],
    "token": [
      "the",
      "normals",
      "(",
      "scaled",
      "down",
      ")",
      "of",
      "the",
      "quadrics",
      "from",
      "example",
      "8.1",
      "."
    ]
  },
  "2-normalized": {
    "2-1-basic-num": {
      "caption": "the normals ( scaled down ) of the quadrics from example NUM-TK .",
      "sentence": [
        "the normals ( scaled down ) of the quadrics from example NUM-TK ."
      ],
      "token": [
        "the",
        "normals",
        "(",
        "scaled",
        "down",
        ")",
        "of",
        "the",
        "quadrics",
        "from",
        "example",
        "NUM-TK",
        "."
      ]
    },
    "2-2-advanced-euqation-bracket": {
      "caption": "the normals BRACKET-TK of the quadrics from example NUM .",
      "sentence": [
        "the normals BRACKET-TK of the quadrics from example NUM ."
      ],
      "tokens": [
        "the",
        "normals",
        "BRACKET-TK",
        "of",
        "the",
        "quadrics",
        "from",
        "example",
        "NUM",
        "."
      ]
    }
  }
}