{
  "contains-subfigure": false,
  "Img-text": [
    "SL",
    "EM",
    "Number",
    "of",
    "parallel",
    "Nodes",
    "at",
    "the",
    "centre",
    "(k)",
    "0.84",
    "0.82",
    "0.8",
    "0.78",
    "0.76",
    "0.74",
    "2",
    "4",
    "6",
    "8",
    "10",
    "12",
    "14",
    "16",
    "18",
    "20",
    "0.72"
  ],
  "paper-ID": "1001.4278v3",
  "figure-ID": "1001.4278v3-Figure2-1.png",
  "figure-type": "Graph Plot",
  "0-originally-extracted": "Fig. 2. SLEM of KCS topology for 3, 2 in terms of number of parallel nodes at center\u00a0 .",
  "1-lowercase-and-token-and-remove-figure-index": {
    "caption": "slem of kcs topology for 3 , in terms of number of parallel nodes at center .",
    "sentence": [
      "slem of kcs topology for 3 , in terms of number of parallel nodes at center ."
    ],
    "token": [
      "slem",
      "of",
      "kcs",
      "topology",
      "for",
      "3",
      ",",
      "in",
      "terms",
      "of",
      "number",
      "of",
      "parallel",
      "nodes",
      "at",
      "center",
      "."
    ]
  },
  "2-normalized": {
    "2-1-basic-num": {
      "caption": "slem of kcs topology for NUM-TK , in terms of number of parallel nodes at center .",
      "sentence": [
        "slem of kcs topology for NUM-TK , in terms of number of parallel nodes at center ."
      ],
      "token": [
        "slem",
        "of",
        "kcs",
        "topology",
        "for",
        "NUM-TK",
        ",",
        "in",
        "terms",
        "of",
        "number",
        "of",
        "parallel",
        "nodes",
        "at",
        "center",
        "."
      ]
    },
    "2-2-advanced-euqation-bracket": {
      "caption": "slem of kcs topology for NUM , in terms of number of parallel nodes at center .",
      "sentence": [
        "slem of kcs topology for NUM , in terms of number of parallel nodes at center ."
      ],
      "tokens": [
        "slem",
        "of",
        "kcs",
        "topology",
        "for",
        "NUM",
        ",",
        "in",
        "terms",
        "of",
        "number",
        "of",
        "parallel",
        "nodes",
        "at",
        "center",
        "."
      ]
    }
  }
}