{
  "contains-subfigure": false,
  "Img-text": [
    "C",
    "(5,",
    "0)",
    "SDR",
    "solution",
    "Hybrid",
    "Scheme",
    "t",
    "e",
    "n",
    "o",
    "n",
    "E",
    "xp",
    "o",
    "r",
    "E",
    "rr",
    "\u03b3",
    "s",
    "(dB)",
    "p",
    "1",
    "=",
    "0.5;",
    "\u03b3",
    "c",
    "=",
    "\u221220dB",
    ";",
    "Rayle",
    "igh",
    "Fading",
    "channel",
    "s;",
    "N",
    "=",
    "5;",
    "L",
    "=",
    "200",
    "10",
    "\u22121",
    "10",
    "\u22122",
    "10",
    "\u22123",
    "10",
    "\u22124",
    "\u221240",
    "\u221230",
    "\u221220",
    "\u221210",
    "0",
    "10",
    "20"
  ],
  "paper-ID": "1001.3173v2",
  "figure-ID": "1001.3173v2-Figure9-1.png",
  "figure-type": "Graph Plot",
  "0-originally-extracted": "Fig. 9. Hybrid realizable scheme, SDR relaxation andC(N,K) vs \u03b3s.",
  "1-lowercase-and-token-and-remove-figure-index": {
    "caption": "hybrid realizable scheme , sdr relaxation andc ( n , k ) vs \u03b3s .",
    "sentence": [
      "hybrid realizable scheme , sdr relaxation andc ( n , k ) vs \u03b3s ."
    ],
    "token": [
      "hybrid",
      "realizable",
      "scheme",
      ",",
      "sdr",
      "relaxation",
      "andc",
      "(",
      "n",
      ",",
      "k",
      ")",
      "vs",
      "\u03b3s",
      "."
    ]
  },
  "2-normalized": {
    "2-1-basic-num": {
      "caption": "hybrid realizable scheme , sdr relaxation andc ( n , k ) vs \u03b3s .",
      "sentence": [
        "hybrid realizable scheme , sdr relaxation andc ( n , k ) vs \u03b3s ."
      ],
      "token": [
        "hybrid",
        "realizable",
        "scheme",
        ",",
        "sdr",
        "relaxation",
        "andc",
        "(",
        "n",
        ",",
        "k",
        ")",
        "vs",
        "\u03b3s",
        "."
      ]
    },
    "2-2-advanced-euqation-bracket": {
      "caption": "hybrid realizable scheme , sdr relaxation andc BRACKET-TK vs \u03b3s .",
      "sentence": [
        "hybrid realizable scheme , sdr relaxation andc BRACKET-TK vs \u03b3s ."
      ],
      "tokens": [
        "hybrid",
        "realizable",
        "scheme",
        ",",
        "sdr",
        "relaxation",
        "andc",
        "BRACKET-TK",
        "vs",
        "\u03b3s",
        "."
      ]
    }
  }
}