{
  "contains-subfigure": false,
  "Img-text": [],
  "paper-ID": "1001.2569v1",
  "figure-ID": "1001.2569v1-Figure10-1.png",
  "figure-type": "Graph Plot",
  "0-originally-extracted": "Fig. 10. The time delay and bandwidth used during the time betwe n revoking a node and notifying nodes of the revocation using simulations. (Broadcast has been abreviated to \u201cBcast\u201d).",
  "1-lowercase-and-token-and-remove-figure-index": {
    "caption": "the time delay and bandwidth used during the time betwe n revoking a node and notifying nodes of the revocation using simulations . ( broadcast has been abreviated to \u201c bcast \u201d ) .",
    "sentence": [
      "the time delay and bandwidth used during the time betwe n revoking a node and notifying nodes of the revocation using simulations .",
      "( broadcast has been abreviated to \u201c bcast \u201d ) ."
    ],
    "token": [
      "the",
      "time",
      "delay",
      "and",
      "bandwidth",
      "used",
      "during",
      "the",
      "time",
      "betwe",
      "n",
      "revoking",
      "a",
      "node",
      "and",
      "notifying",
      "nodes",
      "of",
      "the",
      "revocation",
      "using",
      "simulations",
      ".",
      "(",
      "broadcast",
      "has",
      "been",
      "abreviated",
      "to",
      "\u201c",
      "bcast",
      "\u201d",
      ")",
      "."
    ]
  },
  "2-normalized": {
    "2-1-basic-num": {
      "caption": "the time delay and bandwidth used during the time betwe n revoking a node and notifying nodes of the revocation using simulations . ( broadcast has been abreviated to \u201c bcast \u201d ) .",
      "sentence": [
        "the time delay and bandwidth used during the time betwe n revoking a node and notifying nodes of the revocation using simulations .",
        "( broadcast has been abreviated to \u201c bcast \u201d ) ."
      ],
      "token": [
        "the",
        "time",
        "delay",
        "and",
        "bandwidth",
        "used",
        "during",
        "the",
        "time",
        "betwe",
        "n",
        "revoking",
        "a",
        "node",
        "and",
        "notifying",
        "nodes",
        "of",
        "the",
        "revocation",
        "using",
        "simulations",
        ".",
        "(",
        "broadcast",
        "has",
        "been",
        "abreviated",
        "to",
        "\u201c",
        "bcast",
        "\u201d",
        ")",
        "."
      ]
    },
    "2-2-advanced-euqation-bracket": {
      "caption": "the time delay and bandwidth used during the time betwe n revoking a node and notifying nodes of the revocation using simulations . BRACKET-TK .",
      "sentence": [
        "the time delay and bandwidth used during the time betwe n revoking a node and notifying nodes of the revocation using simulations .",
        "BRACKET-TK ."
      ],
      "tokens": [
        "the",
        "time",
        "delay",
        "and",
        "bandwidth",
        "used",
        "during",
        "the",
        "time",
        "betwe",
        "n",
        "revoking",
        "a",
        "node",
        "and",
        "notifying",
        "nodes",
        "of",
        "the",
        "revocation",
        "using",
        "simulations",
        ".",
        "BRACKET-TK",
        "."
      ]
    }
  }
}