{
  "contains-subfigure": false,
  "Img-text": [],
  "paper-ID": "1001.1603v1",
  "figure-ID": "1001.1603v1-Figure5-1.png",
  "figure-type": "Graph Plot",
  "0-originally-extracted": "Fig. 5. Demodulator output BER of MRC and the Alamouti code in 8-PSK constellation mapping.",
  "1-lowercase-and-token-and-remove-figure-index": {
    "caption": "demodulator output ber of mrc and the alamouti code in 8-psk constellation mapping .",
    "sentence": [
      "demodulator output ber of mrc and the alamouti code in 8-psk constellation mapping ."
    ],
    "token": [
      "demodulator",
      "output",
      "ber",
      "of",
      "mrc",
      "and",
      "the",
      "alamouti",
      "code",
      "in",
      "8-psk",
      "constellation",
      "mapping",
      "."
    ]
  },
  "2-normalized": {
    "2-1-basic-num": {
      "caption": "demodulator output ber of mrc and the alamouti code in 8-psk constellation mapping .",
      "sentence": [
        "demodulator output ber of mrc and the alamouti code in 8-psk constellation mapping ."
      ],
      "token": [
        "demodulator",
        "output",
        "ber",
        "of",
        "mrc",
        "and",
        "the",
        "alamouti",
        "code",
        "in",
        "8-psk",
        "constellation",
        "mapping",
        "."
      ]
    },
    "2-2-advanced-euqation-bracket": {
      "caption": "demodulator output ber of mrc and the alamouti code in 8-psk constellation mapping .",
      "sentence": [
        "demodulator output ber of mrc and the alamouti code in 8-psk constellation mapping ."
      ],
      "tokens": [
        "demodulator",
        "output",
        "ber",
        "of",
        "mrc",
        "and",
        "the",
        "alamouti",
        "code",
        "in",
        "8-psk",
        "constellation",
        "mapping",
        "."
      ]
    }
  }
}