{
  "contains-subfigure": false,
  "Img-text": [
    "C",
    "o",
    "rr",
    "e",
    "la",
    "ti",
    "o",
    "n",
    "C",
    "o",
    "e",
    "ff",
    "ic",
    "ie",
    "n",
    "t",
    "Input",
    "Salience",
    "Signal",
    "Amplification",
    "Factor",
    "0",
    "1",
    "2",
    "3",
    "4",
    "5",
    "6",
    "1",
    "0.95",
    "0.9",
    "0.85"
  ],
  "paper-ID": "1001.3246v1",
  "figure-ID": "1001.3246v1-Figure6-1.png",
  "figure-type": "Graph Plot",
  "0-originally-extracted": "Figure 6: Correlation between single-trial and multiple trial reverse salience signal values, for varying input salience signal amplification factors during single-trial training. An SANN was trained using a single-trial training method, and with a dataset of 200 unique images of faces. First the SANN was trained without the influence of input salience signals. Thereafter a single training iteration was executed, where an input salience signal of value 1 attached only to images 9, 10 and 11. Amplification factors in the range [1, 2, 3, 4, 5, 6] were tested. Correlation coefficients were calculated between the single-trial and the multipletrial training, as a function of input salience signal amplification factors. A high correlation coefficient would indicate a similar profile, which we desire.",
  "1-lowercase-and-token-and-remove-figure-index": {
    "caption": "correlation between single-trial and multiple trial reverse salience signal values , for varying input salience signal amplification factors during single-trial training . an sann was trained using a single-trial training method , and with a dataset of 200 unique images of faces . first the sann was trained without the influence of input salience signals . thereafter a single training iteration was executed , where an input salience signal of value 1 attached only to images 9 , 10 and 11. amplification factors in the range [ 1 , 2 , 3 , 4 , 5 , ] were tested . correlation coefficients were calculated between the single-trial and the multipletrial training , as a function of input salience signal amplification factors . a high correlation coefficient would indicate a similar profile , which we desire .",
    "sentence": [
      "correlation between single-trial and multiple trial reverse salience signal values , for varying input salience signal amplification factors during single-trial training .",
      "an sann was trained using a single-trial training method , and with a dataset of 200 unique images of faces .",
      "first the sann was trained without the influence of input salience signals .",
      "thereafter a single training iteration was executed , where an input salience signal of value 1 attached only to images 9 , 10 and 11. amplification factors in the range [ 1 , 2 , 3 , 4 , 5 , ] were tested .",
      "correlation coefficients were calculated between the single-trial and the multipletrial training , as a function of input salience signal amplification factors .",
      "a high correlation coefficient would indicate a similar profile , which we desire ."
    ],
    "token": [
      "correlation",
      "between",
      "single-trial",
      "and",
      "multiple",
      "trial",
      "reverse",
      "salience",
      "signal",
      "values",
      ",",
      "for",
      "varying",
      "input",
      "salience",
      "signal",
      "amplification",
      "factors",
      "during",
      "single-trial",
      "training",
      ".",
      "an",
      "sann",
      "was",
      "trained",
      "using",
      "a",
      "single-trial",
      "training",
      "method",
      ",",
      "and",
      "with",
      "a",
      "dataset",
      "of",
      "200",
      "unique",
      "images",
      "of",
      "faces",
      ".",
      "first",
      "the",
      "sann",
      "was",
      "trained",
      "without",
      "the",
      "influence",
      "of",
      "input",
      "salience",
      "signals",
      ".",
      "thereafter",
      "a",
      "single",
      "training",
      "iteration",
      "was",
      "executed",
      ",",
      "where",
      "an",
      "input",
      "salience",
      "signal",
      "of",
      "value",
      "1",
      "attached",
      "only",
      "to",
      "images",
      "9",
      ",",
      "10",
      "and",
      "11.",
      "amplification",
      "factors",
      "in",
      "the",
      "range",
      "[",
      "1",
      ",",
      "2",
      ",",
      "3",
      ",",
      "4",
      ",",
      "5",
      ",",
      "]",
      "were",
      "tested",
      ".",
      "correlation",
      "coefficients",
      "were",
      "calculated",
      "between",
      "the",
      "single-trial",
      "and",
      "the",
      "multipletrial",
      "training",
      ",",
      "as",
      "a",
      "function",
      "of",
      "input",
      "salience",
      "signal",
      "amplification",
      "factors",
      ".",
      "a",
      "high",
      "correlation",
      "coefficient",
      "would",
      "indicate",
      "a",
      "similar",
      "profile",
      ",",
      "which",
      "we",
      "desire",
      "."
    ]
  },
  "2-normalized": {
    "2-1-basic-num": {
      "caption": "correlation between single-trial and multiple trial reverse salience signal values , for varying input salience signal amplification factors during single-trial training . an sann was trained using a single-trial training method , and with a dataset of NUM-TK unique images of faces . first the sann was trained without the influence of input salience signals . thereafter a single training iteration was executed , where an input salience signal of value NUM-TK attached only to images NUM-TK , NUM-TK and NUM-TK amplification factors in the range [ NUM-TK , NUM-TK , NUM-TK , NUM-TK , NUM-TK , ] were tested . correlation coefficients were calculated between the single-trial and the multipletrial training , as a function of input salience signal amplification factors . a high correlation coefficient would indicate a similar profile , which we desire .",
      "sentence": [
        "correlation between single-trial and multiple trial reverse salience signal values , for varying input salience signal amplification factors during single-trial training .",
        "an sann was trained using a single-trial training method , and with a dataset of NUM-TK unique images of faces .",
        "first the sann was trained without the influence of input salience signals .",
        "thereafter a single training iteration was executed , where an input salience signal of value NUM-TK attached only to images NUM-TK , NUM-TK and NUM-TK amplification factors in the range [ NUM-TK , NUM-TK , NUM-TK , NUM-TK , NUM-TK , ] were tested .",
        "correlation coefficients were calculated between the single-trial and the multipletrial training , as a function of input salience signal amplification factors .",
        "a high correlation coefficient would indicate a similar profile , which we desire ."
      ],
      "token": [
        "correlation",
        "between",
        "single-trial",
        "and",
        "multiple",
        "trial",
        "reverse",
        "salience",
        "signal",
        "values",
        ",",
        "for",
        "varying",
        "input",
        "salience",
        "signal",
        "amplification",
        "factors",
        "during",
        "single-trial",
        "training",
        ".",
        "an",
        "sann",
        "was",
        "trained",
        "using",
        "a",
        "single-trial",
        "training",
        "method",
        ",",
        "and",
        "with",
        "a",
        "dataset",
        "of",
        "NUM-TK",
        "unique",
        "images",
        "of",
        "faces",
        ".",
        "first",
        "the",
        "sann",
        "was",
        "trained",
        "without",
        "the",
        "influence",
        "of",
        "input",
        "salience",
        "signals",
        ".",
        "thereafter",
        "a",
        "single",
        "training",
        "iteration",
        "was",
        "executed",
        ",",
        "where",
        "an",
        "input",
        "salience",
        "signal",
        "of",
        "value",
        "NUM-TK",
        "attached",
        "only",
        "to",
        "images",
        "NUM-TK",
        ",",
        "NUM-TK",
        "and",
        "NUM-TK",
        "amplification",
        "factors",
        "in",
        "the",
        "range",
        "[",
        "NUM-TK",
        ",",
        "NUM-TK",
        ",",
        "NUM-TK",
        ",",
        "NUM-TK",
        ",",
        "NUM-TK",
        ",",
        "]",
        "were",
        "tested",
        ".",
        "correlation",
        "coefficients",
        "were",
        "calculated",
        "between",
        "the",
        "single-trial",
        "and",
        "the",
        "multipletrial",
        "training",
        ",",
        "as",
        "a",
        "function",
        "of",
        "input",
        "salience",
        "signal",
        "amplification",
        "factors",
        ".",
        "a",
        "high",
        "correlation",
        "coefficient",
        "would",
        "indicate",
        "a",
        "similar",
        "profile",
        ",",
        "which",
        "we",
        "desire",
        "."
      ]
    },
    "2-2-advanced-euqation-bracket": {
      "caption": "correlation between single-trial and multiple trial reverse salience signal values , for varying input salience signal amplification factors during single-trial training . an sann was trained using a single-trial training method , and with a dataset of NUM unique images of faces . first the sann was trained without the influence of input salience signals . thereafter a single training iteration was executed , where an input salience signal of value NUM attached only to images NUM , NUM and NUM amplification factors in the range BRACKET-TK were tested . correlation coefficients were calculated between the single-trial and the multipletrial training , as a function of input salience signal amplification factors . a high correlation coefficient would indicate a similar profile , which we desire .",
      "sentence": [
        "correlation between single-trial and multiple trial reverse salience signal values , for varying input salience signal amplification factors during single-trial training .",
        "an sann was trained using a single-trial training method , and with a dataset of NUM unique images of faces .",
        "first the sann was trained without the influence of input salience signals .",
        "thereafter a single training iteration was executed , where an input salience signal of value NUM attached only to images NUM , NUM and NUM amplification factors in the range BRACKET-TK were tested .",
        "correlation coefficients were calculated between the single-trial and the multipletrial training , as a function of input salience signal amplification factors .",
        "a high correlation coefficient would indicate a similar profile , which we desire ."
      ],
      "tokens": [
        "correlation",
        "between",
        "single-trial",
        "and",
        "multiple",
        "trial",
        "reverse",
        "salience",
        "signal",
        "values",
        ",",
        "for",
        "varying",
        "input",
        "salience",
        "signal",
        "amplification",
        "factors",
        "during",
        "single-trial",
        "training",
        ".",
        "an",
        "sann",
        "was",
        "trained",
        "using",
        "a",
        "single-trial",
        "training",
        "method",
        ",",
        "and",
        "with",
        "a",
        "dataset",
        "of",
        "NUM",
        "unique",
        "images",
        "of",
        "faces",
        ".",
        "first",
        "the",
        "sann",
        "was",
        "trained",
        "without",
        "the",
        "influence",
        "of",
        "input",
        "salience",
        "signals",
        ".",
        "thereafter",
        "a",
        "single",
        "training",
        "iteration",
        "was",
        "executed",
        ",",
        "where",
        "an",
        "input",
        "salience",
        "signal",
        "of",
        "value",
        "NUM",
        "attached",
        "only",
        "to",
        "images",
        "NUM",
        ",",
        "NUM",
        "and",
        "NUM",
        "amplification",
        "factors",
        "in",
        "the",
        "range",
        "BRACKET-TK",
        "were",
        "tested",
        ".",
        "correlation",
        "coefficients",
        "were",
        "calculated",
        "between",
        "the",
        "single-trial",
        "and",
        "the",
        "multipletrial",
        "training",
        ",",
        "as",
        "a",
        "function",
        "of",
        "input",
        "salience",
        "signal",
        "amplification",
        "factors",
        ".",
        "a",
        "high",
        "correlation",
        "coefficient",
        "would",
        "indicate",
        "a",
        "similar",
        "profile",
        ",",
        "which",
        "we",
        "desire",
        "."
      ]
    }
  }
}