{
  "contains-subfigure": false,
  "Img-text": [
    "Constraint",
    "Eq.",
    "(53)",
    "2",
    "Constraint",
    "Eq.",
    "(52)",
    "\u03c3",
    "2",
    "Z",
    "\u03b1",
    "30",
    "25",
    "20",
    "15",
    "10",
    "5",
    "0",
    "\u22125",
    "\u221210",
    "\u22128",
    "\u22126",
    "\u22124",
    "\u22122",
    "0",
    "2",
    "4",
    "\u221210"
  ],
  "paper-ID": "1001.1679v1",
  "figure-ID": "1001.1679v1-Figure9-1.png",
  "figure-type": "Graph Plot",
  "0-originally-extracted": "Fig. 9. Case 3: the maximum of\u03c32 Z2 , where both constraints hold, is obtained at infinity, sincethere is a infinite overlap between the constraints.",
  "1-lowercase-and-token-and-remove-figure-index": {
    "caption": "case 3 : the maximum of\u03c32 z2 , where both constraints hold , is obtained at infinity , sincethere is a infinite overlap between the constraints .",
    "sentence": [
      "case 3 : the maximum of\u03c32 z2 , where both constraints hold , is obtained at infinity , sincethere is a infinite overlap between the constraints ."
    ],
    "token": [
      "case",
      "3",
      ":",
      "the",
      "maximum",
      "of\u03c32",
      "z2",
      ",",
      "where",
      "both",
      "constraints",
      "hold",
      ",",
      "is",
      "obtained",
      "at",
      "infinity",
      ",",
      "sincethere",
      "is",
      "a",
      "infinite",
      "overlap",
      "between",
      "the",
      "constraints",
      "."
    ]
  },
  "2-normalized": {
    "2-1-basic-num": {
      "caption": "case NUM-TK : the maximum of\u03c32 z2 , where both constraints hold , is obtained at infinity , sincethere is a infinite overlap between the constraints .",
      "sentence": [
        "case NUM-TK : the maximum of\u03c32 z2 , where both constraints hold , is obtained at infinity , sincethere is a infinite overlap between the constraints ."
      ],
      "token": [
        "case",
        "NUM-TK",
        ":",
        "the",
        "maximum",
        "of\u03c32",
        "z2",
        ",",
        "where",
        "both",
        "constraints",
        "hold",
        ",",
        "is",
        "obtained",
        "at",
        "infinity",
        ",",
        "sincethere",
        "is",
        "a",
        "infinite",
        "overlap",
        "between",
        "the",
        "constraints",
        "."
      ]
    },
    "2-2-advanced-euqation-bracket": {
      "caption": "case NUM : the maximum of\u03c32 z2 , where both constraints hold , is obtained at infinity , sincethere is a infinite overlap between the constraints .",
      "sentence": [
        "case NUM : the maximum of\u03c32 z2 , where both constraints hold , is obtained at infinity , sincethere is a infinite overlap between the constraints ."
      ],
      "tokens": [
        "case",
        "NUM",
        ":",
        "the",
        "maximum",
        "of\u03c32",
        "z2",
        ",",
        "where",
        "both",
        "constraints",
        "hold",
        ",",
        "is",
        "obtained",
        "at",
        "infinity",
        ",",
        "sincethere",
        "is",
        "a",
        "infinite",
        "overlap",
        "between",
        "the",
        "constraints",
        "."
      ]
    }
  }
}