{
  "contains-subfigure": false,
  "Img-text": [
    "i",
    "=",
    "1,",
    "2,",
    "4,",
    "6",
    "\u03bbe",
    "(m\u22122)",
    "p",
    "e",
    "x",
    "is",
    "t,",
    "i",
    "1",
    "0.9",
    "0.8",
    "0.7",
    "0.6",
    "0.5",
    "0.4",
    "0.3",
    "0.2",
    "0.1",
    "0",
    "0.5",
    "1",
    "1.5",
    "2",
    "0"
  ],
  "paper-ID": "1001.3697v1",
  "figure-ID": "1001.3697v1-Figure13-1.png",
  "figure-type": "Graph Plot",
  "0-originally-extracted": "Figure 13. Probabilitypexist,i of existence of a non-zero MSR versus the eavesdropper density \u03bbe, for various values of the neighbour indexi (\u03bb\u2113 = 1m\u22122, b = 2, P\u2113/\u03c32 = 10, \u033a = 1 bit).",
  "1-lowercase-and-token-and-remove-figure-index": {
    "caption": "probabilitypexist , i of existence of a non-zero msr versus the eavesdropper density \u03bbe , for various values of the neighbour indexi ( \u03bb\u2113 = 1m\u22122 , b = 2 , p\u2113/\u03c32 = 10 , \u033a = 1 bit ) .",
    "sentence": [
      "probabilitypexist , i of existence of a non-zero msr versus the eavesdropper density \u03bbe , for various values of the neighbour indexi ( \u03bb\u2113 = 1m\u22122 , b = 2 , p\u2113/\u03c32 = 10 , \u033a = 1 bit ) ."
    ],
    "token": [
      "probabilitypexist",
      ",",
      "i",
      "of",
      "existence",
      "of",
      "a",
      "non-zero",
      "msr",
      "versus",
      "the",
      "eavesdropper",
      "density",
      "\u03bbe",
      ",",
      "for",
      "various",
      "values",
      "of",
      "the",
      "neighbour",
      "indexi",
      "(",
      "\u03bb\u2113",
      "=",
      "1m\u22122",
      ",",
      "b",
      "=",
      "2",
      ",",
      "p\u2113/\u03c32",
      "=",
      "10",
      ",",
      "\u033a",
      "=",
      "1",
      "bit",
      ")",
      "."
    ]
  },
  "2-normalized": {
    "2-1-basic-num": {
      "caption": "probabilitypexist , i of existence of a non-zero msr versus the eavesdropper density \u03bbe , for various values of the neighbour indexi ( \u03bb\u2113 = NUM-TK , b = NUM-TK , p\u2113/\u03c32 = NUM-TK , \u033a = NUM-TK bit ) .",
      "sentence": [
        "probabilitypexist , i of existence of a non-zero msr versus the eavesdropper density \u03bbe , for various values of the neighbour indexi ( \u03bb\u2113 = NUM-TK , b = NUM-TK , p\u2113/\u03c32 = NUM-TK , \u033a = NUM-TK bit ) ."
      ],
      "token": [
        "probabilitypexist",
        ",",
        "i",
        "of",
        "existence",
        "of",
        "a",
        "non-zero",
        "msr",
        "versus",
        "the",
        "eavesdropper",
        "density",
        "\u03bbe",
        ",",
        "for",
        "various",
        "values",
        "of",
        "the",
        "neighbour",
        "indexi",
        "(",
        "\u03bb\u2113",
        "=",
        "NUM-TK",
        ",",
        "b",
        "=",
        "NUM-TK",
        ",",
        "p\u2113/\u03c32",
        "=",
        "NUM-TK",
        ",",
        "\u033a",
        "=",
        "NUM-TK",
        "bit",
        ")",
        "."
      ]
    },
    "2-2-advanced-euqation-bracket": {
      "caption": "probabilitypexist , i of existence of a non-zero msr versus the eavesdropper density \u03bbe , for various values of the neighbour indexi BRACKET-TK .",
      "sentence": [
        "probabilitypexist , i of existence of a non-zero msr versus the eavesdropper density \u03bbe , for various values of the neighbour indexi BRACKET-TK ."
      ],
      "tokens": [
        "probabilitypexist",
        ",",
        "i",
        "of",
        "existence",
        "of",
        "a",
        "non-zero",
        "msr",
        "versus",
        "the",
        "eavesdropper",
        "density",
        "\u03bbe",
        ",",
        "for",
        "various",
        "values",
        "of",
        "the",
        "neighbour",
        "indexi",
        "BRACKET-TK",
        "."
      ]
    }
  }
}