{
  "contains-subfigure": false,
  "Img-text": [
    "Genie\u2212aided",
    "Upper",
    "Bound",
    "(Th.",
    "4)",
    "Genie\u2212aided,",
    "Simulated",
    "ICI",
    "HARQ",
    "(97%",
    "of",
    "Genie\u2212aided),",
    "Simulated",
    "ICI",
    "Mean",
    "ICI",
    "Lower",
    "Bound",
    "(Th.",
    "4)",
    "ARQ\u2212LLC,",
    "Simulated",
    "ICI",
    "Proportional",
    "Fairness",
    ")",
    "u",
    "se",
    "n",
    "el",
    "ch",
    "an",
    "it",
    "s/",
    ",0",
    "(b",
    "R\u0304",
    "k",
    "User",
    "Location",
    "1.1",
    "1",
    "0.9",
    "0.8",
    "0.7",
    "0.6",
    "0.5",
    "0.4",
    "0.3",
    "0.2",
    "0.1",
    "\u22120.5",
    "\u22120.25",
    "0",
    "0.25",
    "0.5",
    "0"
  ],
  "paper-ID": "1001.1187v2",
  "figure-ID": "1001.1187v2-Figure2-1.png",
  "figure-type": "Graph Plot",
  "0-originally-extracted": "Fig. 2. Average-throughput, proportional fairness.",
  "1-lowercase-and-token-and-remove-figure-index": {
    "caption": "average-throughput , proportional fairness .",
    "sentence": [
      "average-throughput , proportional fairness ."
    ],
    "token": [
      "average-throughput",
      ",",
      "proportional",
      "fairness",
      "."
    ]
  },
  "2-normalized": {
    "2-1-basic-num": {
      "caption": "average-throughput , proportional fairness .",
      "sentence": [
        "average-throughput , proportional fairness ."
      ],
      "token": [
        "average-throughput",
        ",",
        "proportional",
        "fairness",
        "."
      ]
    },
    "2-2-advanced-euqation-bracket": {
      "caption": "average-throughput , proportional fairness .",
      "sentence": [
        "average-throughput , proportional fairness ."
      ],
      "tokens": [
        "average-throughput",
        ",",
        "proportional",
        "fairness",
        "."
      ]
    }
  }
}