{
  "contains-subfigure": false,
  "Img-text": [
    "60",
    "50",
    "40",
    "30",
    "20",
    "10",
    "0",
    "10",
    "20",
    "30",
    "40",
    "50",
    "0",
    "s",
    "lut",
    "ion",
    "us",
    "so",
    "pu",
    "rio",
    "no",
    "n",
    "s",
    "cheater",
    "degree"
  ],
  "paper-ID": "1001.1889v1",
  "figure-ID": "1001.1889v1-Figure2-1.png",
  "figure-type": "Graph Plot",
  "0-originally-extracted": "Figure 2. Linear regression between the cheating degree \u03c4 and the number of feasible solutions (YNS).",
  "1-lowercase-and-token-and-remove-figure-index": {
    "caption": "linear regression between the cheating degree \u03c4 and the number of feasible solutions ( yns ) .",
    "sentence": [
      "linear regression between the cheating degree \u03c4 and the number of feasible solutions ( yns ) ."
    ],
    "token": [
      "linear",
      "regression",
      "between",
      "the",
      "cheating",
      "degree",
      "\u03c4",
      "and",
      "the",
      "number",
      "of",
      "feasible",
      "solutions",
      "(",
      "yns",
      ")",
      "."
    ]
  },
  "2-normalized": {
    "2-1-basic-num": {
      "caption": "linear regression between the cheating degree \u03c4 and the number of feasible solutions ( yns ) .",
      "sentence": [
        "linear regression between the cheating degree \u03c4 and the number of feasible solutions ( yns ) ."
      ],
      "token": [
        "linear",
        "regression",
        "between",
        "the",
        "cheating",
        "degree",
        "\u03c4",
        "and",
        "the",
        "number",
        "of",
        "feasible",
        "solutions",
        "(",
        "yns",
        ")",
        "."
      ]
    },
    "2-2-advanced-euqation-bracket": {
      "caption": "linear regression between the cheating degree \u03c4 and the number of feasible solutions BRACKET-TK .",
      "sentence": [
        "linear regression between the cheating degree \u03c4 and the number of feasible solutions BRACKET-TK ."
      ],
      "tokens": [
        "linear",
        "regression",
        "between",
        "the",
        "cheating",
        "degree",
        "\u03c4",
        "and",
        "the",
        "number",
        "of",
        "feasible",
        "solutions",
        "BRACKET-TK",
        "."
      ]
    }
  }
}