{
  "contains-subfigure": false,
  "Img-text": [
    "10280",
    "10250",
    "10220",
    "10190",
    "10160",
    "10130",
    "0",
    "10",
    "20",
    "30",
    "40",
    "50",
    "10100",
    "es",
    "s",
    "F",
    "itn",
    "Me",
    "an",
    "cheater",
    "degree"
  ],
  "paper-ID": "1001.1889v1",
  "figure-ID": "1001.1889v1-Figure3-1.png",
  "figure-type": "Graph Plot",
  "0-originally-extracted": "Figure 3. Linear regression between the cheating degree \u03c4",
  "1-lowercase-and-token-and-remove-figure-index": {
    "caption": "linear regression between the cheating degree \u03c4 .",
    "sentence": [
      "linear regression between the cheating degree \u03c4 ."
    ],
    "token": [
      "linear",
      "regression",
      "between",
      "the",
      "cheating",
      "degree",
      "\u03c4",
      "."
    ]
  },
  "2-normalized": {
    "2-1-basic-num": {
      "caption": "linear regression between the cheating degree \u03c4 .",
      "sentence": [
        "linear regression between the cheating degree \u03c4 ."
      ],
      "token": [
        "linear",
        "regression",
        "between",
        "the",
        "cheating",
        "degree",
        "\u03c4",
        "."
      ]
    },
    "2-2-advanced-euqation-bracket": {
      "caption": "linear regression between the cheating degree \u03c4 .",
      "sentence": [
        "linear regression between the cheating degree \u03c4 ."
      ],
      "tokens": [
        "linear",
        "regression",
        "between",
        "the",
        "cheating",
        "degree",
        "\u03c4",
        "."
      ]
    }
  }
}