{
  "contains-subfigure": false,
  "Img-text": [
    "%",
    "%",
    "60",
    "%",
    "40",
    "0%",
    "20",
    "er",
    "s",
    "bi",
    "dd",
    "iv",
    "e",
    "A",
    "ct",
    "1",
    "2",
    "5",
    "10",
    "20",
    "50",
    "100",
    "200",
    "Minutes",
    "before",
    "end",
    "of",
    "auction"
  ],
  "paper-ID": "1001.0592v3",
  "figure-ID": "1001.0592v3-Figure4-1.png",
  "figure-type": "Graph Plot",
  "0-originally-extracted": "Figure 4: Percentage of active bidders using a 15-minute sliding window. The x-axis is in log scale.",
  "1-lowercase-and-token-and-remove-figure-index": {
    "caption": "percentage of active bidders using a 15-minute sliding window . the x-axis is in log scale .",
    "sentence": [
      "percentage of active bidders using a 15-minute sliding window .",
      "the x-axis is in log scale ."
    ],
    "token": [
      "percentage",
      "of",
      "active",
      "bidders",
      "using",
      "a",
      "15-minute",
      "sliding",
      "window",
      ".",
      "the",
      "x-axis",
      "is",
      "in",
      "log",
      "scale",
      "."
    ]
  },
  "2-normalized": {
    "2-1-basic-num": {
      "caption": "percentage of active bidders using a 15-minute sliding window . the x-axis is in log scale .",
      "sentence": [
        "percentage of active bidders using a 15-minute sliding window .",
        "the x-axis is in log scale ."
      ],
      "token": [
        "percentage",
        "of",
        "active",
        "bidders",
        "using",
        "a",
        "15-minute",
        "sliding",
        "window",
        ".",
        "the",
        "x-axis",
        "is",
        "in",
        "log",
        "scale",
        "."
      ]
    },
    "2-2-advanced-euqation-bracket": {
      "caption": "percentage of active bidders using a 15-minute sliding window . the x-axis is in log scale .",
      "sentence": [
        "percentage of active bidders using a 15-minute sliding window .",
        "the x-axis is in log scale ."
      ],
      "tokens": [
        "percentage",
        "of",
        "active",
        "bidders",
        "using",
        "a",
        "15-minute",
        "sliding",
        "window",
        ".",
        "the",
        "x-axis",
        "is",
        "in",
        "log",
        "scale",
        "."
      ]
    }
  }
}