{
  "contains-subfigure": false,
  "Img-text": [
    "(1440,1344)(3,45)",
    "LDPC,",
    "R=0.93",
    "SPA",
    "IMWBF",
    "MWBF",
    "WBF",
    "soft-CRBF",
    "BF",
    "hard-CRBF",
    "SNR(dB)",
    "at",
    "e",
    "or",
    "R",
    "E",
    "rr",
    "B",
    "it",
    "1",
    "0.1",
    "0.01",
    "1E-3",
    "1E-4",
    "1E-5",
    "1E-6",
    "1E-7",
    "3",
    "4",
    "5",
    "6",
    "7",
    "8"
  ],
  "paper-ID": "1001.2503v1",
  "figure-ID": "1001.2503v1-Figure3-1.png",
  "figure-type": "Graph Plot",
  "0-originally-extracted": "Fig. 3. BER performance of the (1440,1344)(3,45) LDPC code using the SPA, BF, WBF, MWBF, IMWBF, hard-CRBF and soft-CRBF algorithms.",
  "1-lowercase-and-token-and-remove-figure-index": {
    "caption": "ber performance of the ( 1440,144 ) ( ,45 ) ldpc code using the spa , bf , wbf , mwbf , imwbf , hard-crbf and soft-crbf algorithms .",
    "sentence": [
      "ber performance of the ( 1440,144 ) ( ,45 ) ldpc code using the spa , bf , wbf , mwbf , imwbf , hard-crbf and soft-crbf algorithms ."
    ],
    "token": [
      "ber",
      "performance",
      "of",
      "the",
      "(",
      "1440,144",
      ")",
      "(",
      ",45",
      ")",
      "ldpc",
      "code",
      "using",
      "the",
      "spa",
      ",",
      "bf",
      ",",
      "wbf",
      ",",
      "mwbf",
      ",",
      "imwbf",
      ",",
      "hard-crbf",
      "and",
      "soft-crbf",
      "algorithms",
      "."
    ]
  },
  "2-normalized": {
    "2-1-basic-num": {
      "caption": "ber performance of the ( NUM-TK ) ( ,45 ) ldpc code using the spa , bf , wbf , mwbf , imwbf , hard-crbf and soft-crbf algorithms .",
      "sentence": [
        "ber performance of the ( NUM-TK ) ( ,45 ) ldpc code using the spa , bf , wbf , mwbf , imwbf , hard-crbf and soft-crbf algorithms ."
      ],
      "token": [
        "ber",
        "performance",
        "of",
        "the",
        "(",
        "NUM-TK",
        ")",
        "(",
        ",45",
        ")",
        "ldpc",
        "code",
        "using",
        "the",
        "spa",
        ",",
        "bf",
        ",",
        "wbf",
        ",",
        "mwbf",
        ",",
        "imwbf",
        ",",
        "hard-crbf",
        "and",
        "soft-crbf",
        "algorithms",
        "."
      ]
    },
    "2-2-advanced-euqation-bracket": {
      "caption": "ber performance of the BRACKET-TK BRACKET-TK ldpc code using the spa , bf , wbf , mwbf , imwbf , hard-crbf and soft-crbf algorithms .",
      "sentence": [
        "ber performance of the BRACKET-TK BRACKET-TK ldpc code using the spa , bf , wbf , mwbf , imwbf , hard-crbf and soft-crbf algorithms ."
      ],
      "tokens": [
        "ber",
        "performance",
        "of",
        "the",
        "BRACKET-TK",
        "BRACKET-TK",
        "ldpc",
        "code",
        "using",
        "the",
        "spa",
        ",",
        "bf",
        ",",
        "wbf",
        ",",
        "mwbf",
        ",",
        "imwbf",
        ",",
        "hard-crbf",
        "and",
        "soft-crbf",
        "algorithms",
        "."
      ]
    }
  }
}