{
  "contains-subfigure": false,
  "Img-text": [
    "robust",
    "soliton",
    "doping",
    "\u2212",
    "\u03b4=0.05",
    "polling",
    "coupon",
    "collector",
    "o",
    "st",
    "n",
    "c",
    "ct",
    "io",
    "o",
    "lle",
    "d",
    "c",
    "liz",
    "e",
    "rm",
    "a",
    "n",
    "o",
    "number",
    "of",
    "source",
    "nodes/number",
    "of",
    "network",
    "nodes",
    "10",
    "0",
    "10",
    "\u22121",
    "10",
    "\u22122",
    "10",
    "0",
    "10",
    "\u22121",
    "10",
    "\u22122",
    "10",
    "\u22123"
  ],
  "paper-ID": "1001.3765v1",
  "figure-ID": "1001.3765v1-Figure15-1.png",
  "figure-type": "Graph Plot",
  "0-originally-extracted": "Fig. 15. Collection Delay for various collection techniques, normalized with respect to the polling cost, as a function of1/h. Note that the proposed doping strategy is inferior to polling only when there are noother nodes but relays. For very large squads (> 1000), the proposed doped IS code induces a sufficiently large polling cost (usually to start the process as the IS sample is likely not to have degree-one symbols) which offsets (and exceeds) the cost due to overhead packets solicited from the supersquad with the RSbased strategy without doping. The coupon collection (non-c ding) strategy is consistently worse by an order of magnitude than the RS-based fountain encoding and is worse than polling for high source densities(small squads with tens of nodes).",
  "1-lowercase-and-token-and-remove-figure-index": {
    "caption": "collection delay for various collection techniques , normalized with respect to the polling cost , as a function of1/h . note that the proposed doping strategy is inferior to polling only when there are noother nodes but relays . for very large squads ( > 1000 ) , the proposed doped is code induces a sufficiently large polling cost ( usually to start the process as the is sample is likely not to have degree-one symbols ) which offsets ( and exceeds ) the cost due to overhead packets solicited from the supersquad with the rsbased strategy without doping . the coupon collection ( non-c ding ) strategy is consistently worse by an order of magnitude than the rs-based fountain encoding and is worse than polling for high source densities ( small squads with tens of nodes ) .",
    "sentence": [
      "collection delay for various collection techniques , normalized with respect to the polling cost , as a function of1/h .",
      "note that the proposed doping strategy is inferior to polling only when there are noother nodes but relays .",
      "for very large squads ( > 1000 ) , the proposed doped is code induces a sufficiently large polling cost ( usually to start the process as the is sample is likely not to have degree-one symbols ) which offsets ( and exceeds ) the cost due to overhead packets solicited from the supersquad with the rsbased strategy without doping .",
      "the coupon collection ( non-c ding ) strategy is consistently worse by an order of magnitude than the rs-based fountain encoding and is worse than polling for high source densities ( small squads with tens of nodes ) ."
    ],
    "token": [
      "collection",
      "delay",
      "for",
      "various",
      "collection",
      "techniques",
      ",",
      "normalized",
      "with",
      "respect",
      "to",
      "the",
      "polling",
      "cost",
      ",",
      "as",
      "a",
      "function",
      "of1/h",
      ".",
      "note",
      "that",
      "the",
      "proposed",
      "doping",
      "strategy",
      "is",
      "inferior",
      "to",
      "polling",
      "only",
      "when",
      "there",
      "are",
      "noother",
      "nodes",
      "but",
      "relays",
      ".",
      "for",
      "very",
      "large",
      "squads",
      "(",
      ">",
      "1000",
      ")",
      ",",
      "the",
      "proposed",
      "doped",
      "is",
      "code",
      "induces",
      "a",
      "sufficiently",
      "large",
      "polling",
      "cost",
      "(",
      "usually",
      "to",
      "start",
      "the",
      "process",
      "as",
      "the",
      "is",
      "sample",
      "is",
      "likely",
      "not",
      "to",
      "have",
      "degree-one",
      "symbols",
      ")",
      "which",
      "offsets",
      "(",
      "and",
      "exceeds",
      ")",
      "the",
      "cost",
      "due",
      "to",
      "overhead",
      "packets",
      "solicited",
      "from",
      "the",
      "supersquad",
      "with",
      "the",
      "rsbased",
      "strategy",
      "without",
      "doping",
      ".",
      "the",
      "coupon",
      "collection",
      "(",
      "non-c",
      "ding",
      ")",
      "strategy",
      "is",
      "consistently",
      "worse",
      "by",
      "an",
      "order",
      "of",
      "magnitude",
      "than",
      "the",
      "rs-based",
      "fountain",
      "encoding",
      "and",
      "is",
      "worse",
      "than",
      "polling",
      "for",
      "high",
      "source",
      "densities",
      "(",
      "small",
      "squads",
      "with",
      "tens",
      "of",
      "nodes",
      ")",
      "."
    ]
  },
  "2-normalized": {
    "2-1-basic-num": {
      "caption": "collection delay for various collection techniques , normalized with respect to the polling cost , as a function of1/h . note that the proposed doping strategy is inferior to polling only when there are noother nodes but relays . for very large squads ( > NUM-TK ) , the proposed doped is code induces a sufficiently large polling cost ( usually to start the process as the is sample is likely not to have degree-one symbols ) which offsets ( and exceeds ) the cost due to overhead packets solicited from the supersquad with the rsbased strategy without doping . the coupon collection ( non-c ding ) strategy is consistently worse by an order of magnitude than the rs-based fountain encoding and is worse than polling for high source densities ( small squads with tens of nodes ) .",
      "sentence": [
        "collection delay for various collection techniques , normalized with respect to the polling cost , as a function of1/h .",
        "note that the proposed doping strategy is inferior to polling only when there are noother nodes but relays .",
        "for very large squads ( > NUM-TK ) , the proposed doped is code induces a sufficiently large polling cost ( usually to start the process as the is sample is likely not to have degree-one symbols ) which offsets ( and exceeds ) the cost due to overhead packets solicited from the supersquad with the rsbased strategy without doping .",
        "the coupon collection ( non-c ding ) strategy is consistently worse by an order of magnitude than the rs-based fountain encoding and is worse than polling for high source densities ( small squads with tens of nodes ) ."
      ],
      "token": [
        "collection",
        "delay",
        "for",
        "various",
        "collection",
        "techniques",
        ",",
        "normalized",
        "with",
        "respect",
        "to",
        "the",
        "polling",
        "cost",
        ",",
        "as",
        "a",
        "function",
        "of1/h",
        ".",
        "note",
        "that",
        "the",
        "proposed",
        "doping",
        "strategy",
        "is",
        "inferior",
        "to",
        "polling",
        "only",
        "when",
        "there",
        "are",
        "noother",
        "nodes",
        "but",
        "relays",
        ".",
        "for",
        "very",
        "large",
        "squads",
        "(",
        ">",
        "NUM-TK",
        ")",
        ",",
        "the",
        "proposed",
        "doped",
        "is",
        "code",
        "induces",
        "a",
        "sufficiently",
        "large",
        "polling",
        "cost",
        "(",
        "usually",
        "to",
        "start",
        "the",
        "process",
        "as",
        "the",
        "is",
        "sample",
        "is",
        "likely",
        "not",
        "to",
        "have",
        "degree-one",
        "symbols",
        ")",
        "which",
        "offsets",
        "(",
        "and",
        "exceeds",
        ")",
        "the",
        "cost",
        "due",
        "to",
        "overhead",
        "packets",
        "solicited",
        "from",
        "the",
        "supersquad",
        "with",
        "the",
        "rsbased",
        "strategy",
        "without",
        "doping",
        ".",
        "the",
        "coupon",
        "collection",
        "(",
        "non-c",
        "ding",
        ")",
        "strategy",
        "is",
        "consistently",
        "worse",
        "by",
        "an",
        "order",
        "of",
        "magnitude",
        "than",
        "the",
        "rs-based",
        "fountain",
        "encoding",
        "and",
        "is",
        "worse",
        "than",
        "polling",
        "for",
        "high",
        "source",
        "densities",
        "(",
        "small",
        "squads",
        "with",
        "tens",
        "of",
        "nodes",
        ")",
        "."
      ]
    },
    "2-2-advanced-euqation-bracket": {
      "caption": "collection delay for various collection techniques , normalized with respect to the polling cost , as a function of1/h . note that the proposed doping strategy is inferior to polling only when there are noother nodes but relays . for very large squads BRACKET-TK , the proposed doped is code induces a sufficiently large polling cost BRACKET-TK which offsets BRACKET-TK the cost due to overhead packets solicited from the supersquad with the rsbased strategy without doping . the coupon collection BRACKET-TK strategy is consistently worse by an order of magnitude than the rs-based fountain encoding and is worse than polling for high source densities BRACKET-TK .",
      "sentence": [
        "collection delay for various collection techniques , normalized with respect to the polling cost , as a function of1/h .",
        "note that the proposed doping strategy is inferior to polling only when there are noother nodes but relays .",
        "for very large squads BRACKET-TK , the proposed doped is code induces a sufficiently large polling cost BRACKET-TK which offsets BRACKET-TK the cost due to overhead packets solicited from the supersquad with the rsbased strategy without doping .",
        "the coupon collection BRACKET-TK strategy is consistently worse by an order of magnitude than the rs-based fountain encoding and is worse than polling for high source densities BRACKET-TK ."
      ],
      "tokens": [
        "collection",
        "delay",
        "for",
        "various",
        "collection",
        "techniques",
        ",",
        "normalized",
        "with",
        "respect",
        "to",
        "the",
        "polling",
        "cost",
        ",",
        "as",
        "a",
        "function",
        "of1/h",
        ".",
        "note",
        "that",
        "the",
        "proposed",
        "doping",
        "strategy",
        "is",
        "inferior",
        "to",
        "polling",
        "only",
        "when",
        "there",
        "are",
        "noother",
        "nodes",
        "but",
        "relays",
        ".",
        "for",
        "very",
        "large",
        "squads",
        "BRACKET-TK",
        ",",
        "the",
        "proposed",
        "doped",
        "is",
        "code",
        "induces",
        "a",
        "sufficiently",
        "large",
        "polling",
        "cost",
        "BRACKET-TK",
        "which",
        "offsets",
        "BRACKET-TK",
        "the",
        "cost",
        "due",
        "to",
        "overhead",
        "packets",
        "solicited",
        "from",
        "the",
        "supersquad",
        "with",
        "the",
        "rsbased",
        "strategy",
        "without",
        "doping",
        ".",
        "the",
        "coupon",
        "collection",
        "BRACKET-TK",
        "strategy",
        "is",
        "consistently",
        "worse",
        "by",
        "an",
        "order",
        "of",
        "magnitude",
        "than",
        "the",
        "rs-based",
        "fountain",
        "encoding",
        "and",
        "is",
        "worse",
        "than",
        "polling",
        "for",
        "high",
        "source",
        "densities",
        "BRACKET-TK",
        "."
      ]
    }
  }
}