{
  "contains-subfigure": false,
  "Img-text": [
    "Classical",
    "iterative",
    "decoding",
    "Hybrid",
    "Proximal",
    "Point",
    "Hybrid",
    "Min",
    "Entropy",
    "R",
    "B",
    "E",
    "EbN0",
    "10",
    "0",
    "10",
    "\u22121",
    "10",
    "\u22122",
    "10",
    "\u22123",
    "10",
    "\u22124",
    "\u22125",
    "4",
    "4.5",
    "5",
    "5.5",
    "6",
    "6.5",
    "7",
    "7.5",
    "8",
    "8.5",
    "10"
  ],
  "paper-ID": "1001.1917v1",
  "figure-ID": "1001.1917v1-Figure4-1.png",
  "figure-type": "Graph Plot",
  "0-originally-extracted": "Fig. 4. BER versus EbN0",
  "1-lowercase-and-token-and-remove-figure-index": {
    "caption": "ber versus ebn0 .",
    "sentence": [
      "ber versus ebn0 ."
    ],
    "token": [
      "ber",
      "versus",
      "ebn0",
      "."
    ]
  },
  "2-normalized": {
    "2-1-basic-num": {
      "caption": "ber versus ebn0 .",
      "sentence": [
        "ber versus ebn0 ."
      ],
      "token": [
        "ber",
        "versus",
        "ebn0",
        "."
      ]
    },
    "2-2-advanced-euqation-bracket": {
      "caption": "ber versus ebn0 .",
      "sentence": [
        "ber versus ebn0 ."
      ],
      "tokens": [
        "ber",
        "versus",
        "ebn0",
        "."
      ]
    }
  }
}