{
  "contains-subfigure": false,
  "Img-text": [
    "v",
    "=",
    "16",
    ",",
    "P",
    "=",
    "4",
    ",",
    "v",
    "P",
    "=",
    "4",
    ",",
    "k",
    "=",
    "4",
    ",",
    "io",
    "=",
    "mmap",
    "CGMLib",
    "Euler",
    "Tour",
    "(mmap)",
    "P=4",
    "n",
    "on",
    "d",
    "s",
    "S",
    "ec",
    "0\u00b7100",
    "5\u00b7105",
    "1\u00b7106",
    "2\u00b7106",
    "2\u00b7106",
    "2\u00b7106",
    "3\u00b7106",
    "4\u00b7106",
    "4\u00b7106",
    "900",
    "800",
    "700",
    "600",
    "500",
    "400",
    "300",
    "200",
    "100",
    "0"
  ],
  "paper-ID": "1001.3364v1",
  "figure-ID": "1001.3364v1-Figure8.24-1.png",
  "figure-type": "Graph Plot",
  "0-originally-extracted": "Figure 8.24: CGMLib Euler Tour",
  "1-lowercase-and-token-and-remove-figure-index": {
    "caption": "cgmlib euler tour .",
    "sentence": [
      "cgmlib euler tour ."
    ],
    "token": [
      "cgmlib",
      "euler",
      "tour",
      "."
    ]
  },
  "2-normalized": {
    "2-1-basic-num": {
      "caption": "cgmlib euler tour .",
      "sentence": [
        "cgmlib euler tour ."
      ],
      "token": [
        "cgmlib",
        "euler",
        "tour",
        "."
      ]
    },
    "2-2-advanced-euqation-bracket": {
      "caption": "cgmlib euler tour .",
      "sentence": [
        "cgmlib euler tour ."
      ],
      "tokens": [
        "cgmlib",
        "euler",
        "tour",
        "."
      ]
    }
  }
}