{
  "contains-subfigure": false,
  "Img-text": [
    "1",
    "dB",
    "0.45",
    "dB",
    "C",
    "Eb",
    "N0",
    "(dB)",
    "5",
    "4",
    "3",
    "2",
    "1",
    "\u22122",
    "0",
    "2",
    "4",
    "6",
    "8",
    "10",
    "12",
    "0"
  ],
  "paper-ID": "1001.3036v1",
  "figure-ID": "1001.3036v1-Figure1-1.png",
  "figure-type": "Graph Plot",
  "0-originally-extracted": "Fig. 1. Capacities for Gaussian inputs (thick solid), CM/MLC with shaping (thin solid), BICM with shaping (dashed) and BICM with equiprobable inputs (dotted line) for 16-QAM with Gray mapping and bit shaping as a function of Eb N0 (dB).",
  "1-lowercase-and-token-and-remove-figure-index": {
    "caption": "capacities for gaussian inputs ( thick solid ) , cm/mlc with shaping ( thin solid ) , bicm with shaping ( dashed ) and bicm with equiprobable inputs ( dotted line ) for 6-qam with gray mapping and bit shaping as a function of eb n0 ( db ) .",
    "sentence": [
      "capacities for gaussian inputs ( thick solid ) , cm/mlc with shaping ( thin solid ) , bicm with shaping ( dashed ) and bicm with equiprobable inputs ( dotted line ) for 6-qam with gray mapping and bit shaping as a function of eb n0 ( db ) ."
    ],
    "token": [
      "capacities",
      "for",
      "gaussian",
      "inputs",
      "(",
      "thick",
      "solid",
      ")",
      ",",
      "cm/mlc",
      "with",
      "shaping",
      "(",
      "thin",
      "solid",
      ")",
      ",",
      "bicm",
      "with",
      "shaping",
      "(",
      "dashed",
      ")",
      "and",
      "bicm",
      "with",
      "equiprobable",
      "inputs",
      "(",
      "dotted",
      "line",
      ")",
      "for",
      "6-qam",
      "with",
      "gray",
      "mapping",
      "and",
      "bit",
      "shaping",
      "as",
      "a",
      "function",
      "of",
      "eb",
      "n0",
      "(",
      "db",
      ")",
      "."
    ]
  },
  "2-normalized": {
    "2-1-basic-num": {
      "caption": "capacities for gaussian inputs ( thick solid ) , cm/mlc with shaping ( thin solid ) , bicm with shaping ( dashed ) and bicm with equiprobable inputs ( dotted line ) for 6-qam with gray mapping and bit shaping as a function of eb n0 ( db ) .",
      "sentence": [
        "capacities for gaussian inputs ( thick solid ) , cm/mlc with shaping ( thin solid ) , bicm with shaping ( dashed ) and bicm with equiprobable inputs ( dotted line ) for 6-qam with gray mapping and bit shaping as a function of eb n0 ( db ) ."
      ],
      "token": [
        "capacities",
        "for",
        "gaussian",
        "inputs",
        "(",
        "thick",
        "solid",
        ")",
        ",",
        "cm/mlc",
        "with",
        "shaping",
        "(",
        "thin",
        "solid",
        ")",
        ",",
        "bicm",
        "with",
        "shaping",
        "(",
        "dashed",
        ")",
        "and",
        "bicm",
        "with",
        "equiprobable",
        "inputs",
        "(",
        "dotted",
        "line",
        ")",
        "for",
        "6-qam",
        "with",
        "gray",
        "mapping",
        "and",
        "bit",
        "shaping",
        "as",
        "a",
        "function",
        "of",
        "eb",
        "n0",
        "(",
        "db",
        ")",
        "."
      ]
    },
    "2-2-advanced-euqation-bracket": {
      "caption": "capacities for gaussian inputs BRACKET-TK , cm/mlc with shaping BRACKET-TK , bicm with shaping BRACKET-TK and bicm with equiprobable inputs BRACKET-TK for 6-qam with gray mapping and bit shaping as a function of eb n0 BRACKET-TK .",
      "sentence": [
        "capacities for gaussian inputs BRACKET-TK , cm/mlc with shaping BRACKET-TK , bicm with shaping BRACKET-TK and bicm with equiprobable inputs BRACKET-TK for 6-qam with gray mapping and bit shaping as a function of eb n0 BRACKET-TK ."
      ],
      "tokens": [
        "capacities",
        "for",
        "gaussian",
        "inputs",
        "BRACKET-TK",
        ",",
        "cm/mlc",
        "with",
        "shaping",
        "BRACKET-TK",
        ",",
        "bicm",
        "with",
        "shaping",
        "BRACKET-TK",
        "and",
        "bicm",
        "with",
        "equiprobable",
        "inputs",
        "BRACKET-TK",
        "for",
        "6-qam",
        "with",
        "gray",
        "mapping",
        "and",
        "bit",
        "shaping",
        "as",
        "a",
        "function",
        "of",
        "eb",
        "n0",
        "BRACKET-TK",
        "."
      ]
    }
  }
}