{
  "contains-subfigure": false,
  "Img-text": [],
  "paper-ID": "1001.2253v1",
  "figure-ID": "1001.2253v1-Figure8-1.png",
  "figure-type": "Graph Plot",
  "0-originally-extracted": "Figure 8. Output signal at input current 400 \u00b5Ap-p and frequency 100MHz",
  "1-lowercase-and-token-and-remove-figure-index": {
    "caption": "output signal at input current 400 \u00b5ap-p and frequency 100mhz .",
    "sentence": [
      "output signal at input current 400 \u00b5ap-p and frequency 100mhz ."
    ],
    "token": [
      "output",
      "signal",
      "at",
      "input",
      "current",
      "400",
      "\u00b5ap-p",
      "and",
      "frequency",
      "100mhz",
      "."
    ]
  },
  "2-normalized": {
    "2-1-basic-num": {
      "caption": "output signal at input current NUM-TK \u00b5ap-p and frequency NUM-TK .",
      "sentence": [
        "output signal at input current NUM-TK \u00b5ap-p and frequency NUM-TK ."
      ],
      "token": [
        "output",
        "signal",
        "at",
        "input",
        "current",
        "NUM-TK",
        "\u00b5ap-p",
        "and",
        "frequency",
        "NUM-TK",
        "."
      ]
    },
    "2-2-advanced-euqation-bracket": {
      "caption": "output signal at input current NUM \u00b5ap-p and frequency NUM .",
      "sentence": [
        "output signal at input current NUM \u00b5ap-p and frequency NUM ."
      ],
      "tokens": [
        "output",
        "signal",
        "at",
        "input",
        "current",
        "NUM",
        "\u00b5ap-p",
        "and",
        "frequency",
        "NUM",
        "."
      ]
    }
  }
}