{
  "contains-subfigure": false,
  "Img-text": [],
  "paper-ID": "1001.2250v1",
  "figure-ID": "1001.2250v1-Figure10-1.png",
  "figure-type": "Graph Plot",
  "0-originally-extracted": "Fig. 10: BER Performance with ICI Cancellation, \u03b5=0.30 for 16-QAM",
  "1-lowercase-and-token-and-remove-figure-index": {
    "caption": "ber performance with ici cancellation , \u03b5=0.30 for 16-qam .",
    "sentence": [
      "ber performance with ici cancellation , \u03b5=0.30 for 16-qam ."
    ],
    "token": [
      "ber",
      "performance",
      "with",
      "ici",
      "cancellation",
      ",",
      "\u03b5=0.30",
      "for",
      "16-qam",
      "."
    ]
  },
  "2-normalized": {
    "2-1-basic-num": {
      "caption": "ber performance with ici cancellation , \u03b5=0.30 for 16-qam .",
      "sentence": [
        "ber performance with ici cancellation , \u03b5=0.30 for 16-qam ."
      ],
      "token": [
        "ber",
        "performance",
        "with",
        "ici",
        "cancellation",
        ",",
        "\u03b5=0.30",
        "for",
        "16-qam",
        "."
      ]
    },
    "2-2-advanced-euqation-bracket": {
      "caption": "ber performance with ici cancellation , \u03b5=0.30 for 16-qam .",
      "sentence": [
        "ber performance with ici cancellation , \u03b5=0.30 for 16-qam ."
      ],
      "tokens": [
        "ber",
        "performance",
        "with",
        "ici",
        "cancellation",
        ",",
        "\u03b5=0.30",
        "for",
        "16-qam",
        "."
      ]
    }
  }
}