{
  "contains-subfigure": false,
  "Img-text": [],
  "paper-ID": "1001.2253v1",
  "figure-ID": "1001.2253v1-Figure7-1.png",
  "figure-type": "Graph Plot",
  "0-originally-extracted": "Figure 7. Output signal at input current 400 \u00b5Ap-p and frequency 10 MHz",
  "1-lowercase-and-token-and-remove-figure-index": {
    "caption": "output signal at input current 400 \u00b5ap-p and frequency 10 mhz .",
    "sentence": [
      "output signal at input current 400 \u00b5ap-p and frequency 10 mhz ."
    ],
    "token": [
      "output",
      "signal",
      "at",
      "input",
      "current",
      "400",
      "\u00b5ap-p",
      "and",
      "frequency",
      "10",
      "mhz",
      "."
    ]
  },
  "2-normalized": {
    "2-1-basic-num": {
      "caption": "output signal at input current NUM-TK \u00b5ap-p and frequency NUM-TK mhz .",
      "sentence": [
        "output signal at input current NUM-TK \u00b5ap-p and frequency NUM-TK mhz ."
      ],
      "token": [
        "output",
        "signal",
        "at",
        "input",
        "current",
        "NUM-TK",
        "\u00b5ap-p",
        "and",
        "frequency",
        "NUM-TK",
        "mhz",
        "."
      ]
    },
    "2-2-advanced-euqation-bracket": {
      "caption": "output signal at input current NUM \u00b5ap-p and frequency NUM mhz .",
      "sentence": [
        "output signal at input current NUM \u00b5ap-p and frequency NUM mhz ."
      ],
      "tokens": [
        "output",
        "signal",
        "at",
        "input",
        "current",
        "NUM",
        "\u00b5ap-p",
        "and",
        "frequency",
        "NUM",
        "mhz",
        "."
      ]
    }
  }
}