{
  "contains-subfigure": false,
  "Img-text": [
    "Measured",
    "Doppler",
    "shift",
    "[Hz",
    "]",
    "Linear",
    "approximation",
    "Prediction",
    "bounds",
    "[H",
    "z]",
    "ffs",
    "et",
    "cy",
    "o",
    "qu",
    "en",
    "F",
    "re",
    "Time",
    "[s]",
    "2750",
    "2700",
    "2650",
    "2600",
    "2550",
    "2500",
    "2450",
    "2400",
    "2350",
    "2300",
    "50",
    "100",
    "150",
    "200",
    "250",
    "300"
  ],
  "paper-ID": "1001.0025v1",
  "figure-ID": "1001.0025v1-Figure7-1.png",
  "figure-type": "Graph Plot",
  "0-originally-extracted": "Figure 7: Measured and approximated Doppler frequency shift.",
  "1-lowercase-and-token-and-remove-figure-index": {
    "caption": "measured and approximated doppler frequency shift .",
    "sentence": [
      "measured and approximated doppler frequency shift ."
    ],
    "token": [
      "measured",
      "and",
      "approximated",
      "doppler",
      "frequency",
      "shift",
      "."
    ]
  },
  "2-normalized": {
    "2-1-basic-num": {
      "caption": "measured and approximated doppler frequency shift .",
      "sentence": [
        "measured and approximated doppler frequency shift ."
      ],
      "token": [
        "measured",
        "and",
        "approximated",
        "doppler",
        "frequency",
        "shift",
        "."
      ]
    },
    "2-2-advanced-euqation-bracket": {
      "caption": "measured and approximated doppler frequency shift .",
      "sentence": [
        "measured and approximated doppler frequency shift ."
      ],
      "tokens": [
        "measured",
        "and",
        "approximated",
        "doppler",
        "frequency",
        "shift",
        "."
      ]
    }
  }
}