{
  "contains-subfigure": false,
  "Img-text": [
    "Time",
    "in",
    "Secs",
    "0",
    "5",
    "10",
    "15",
    "20",
    "25",
    "30",
    "35",
    "40",
    "45",
    "50",
    "55",
    "60",
    "0",
    "10",
    "20",
    "Full",
    "Load",
    "30",
    "Idle",
    "Load",
    "40",
    "50",
    "60",
    "re",
    "e",
    "d",
    "eg",
    "re",
    "in",
    "at",
    "u",
    "p",
    "er",
    "T",
    "em"
  ],
  "paper-ID": "1001.3751v3",
  "figure-ID": "1001.3751v3-Figure1-1.png",
  "figure-type": "Graph Plot",
  "0-originally-extracted": "Figure 1 Heat sink temperature Profile",
  "1-lowercase-and-token-and-remove-figure-index": {
    "caption": "heat sink temperature profile .",
    "sentence": [
      "heat sink temperature profile ."
    ],
    "token": [
      "heat",
      "sink",
      "temperature",
      "profile",
      "."
    ]
  },
  "2-normalized": {
    "2-1-basic-num": {
      "caption": "heat sink temperature profile .",
      "sentence": [
        "heat sink temperature profile ."
      ],
      "token": [
        "heat",
        "sink",
        "temperature",
        "profile",
        "."
      ]
    },
    "2-2-advanced-euqation-bracket": {
      "caption": "heat sink temperature profile .",
      "sentence": [
        "heat sink temperature profile ."
      ],
      "tokens": [
        "heat",
        "sink",
        "temperature",
        "profile",
        "."
      ]
    }
  }
}