{
  "contains-subfigure": false,
  "Img-text": [
    "LLL",
    "ALR",
    "Average",
    "number",
    "of",
    "iterations",
    "in",
    "the",
    "LLL",
    "algorithm,",
    "SNR=12",
    "n",
    "200",
    "180",
    "160",
    "140",
    "120",
    "100",
    "80",
    "60",
    "40",
    "20",
    "2",
    "3",
    "4",
    "5",
    "6",
    "7",
    "8",
    "0"
  ],
  "paper-ID": "1001.1625v1",
  "figure-ID": "1001.1625v1-Figure4-1.png",
  "figure-type": "Graph Plot",
  "0-originally-extracted": "Figure 4. Average number of steps of the LLL algorithm as a functio of the numbern of transmit and receive antennas.",
  "1-lowercase-and-token-and-remove-figure-index": {
    "caption": "average number of steps of the lll algorithm as a functio of the numbern of transmit and receive antennas .",
    "sentence": [
      "average number of steps of the lll algorithm as a functio of the numbern of transmit and receive antennas ."
    ],
    "token": [
      "average",
      "number",
      "of",
      "steps",
      "of",
      "the",
      "lll",
      "algorithm",
      "as",
      "a",
      "functio",
      "of",
      "the",
      "numbern",
      "of",
      "transmit",
      "and",
      "receive",
      "antennas",
      "."
    ]
  },
  "2-normalized": {
    "2-1-basic-num": {
      "caption": "average number of steps of the lll algorithm as a functio of the numbern of transmit and receive antennas .",
      "sentence": [
        "average number of steps of the lll algorithm as a functio of the numbern of transmit and receive antennas ."
      ],
      "token": [
        "average",
        "number",
        "of",
        "steps",
        "of",
        "the",
        "lll",
        "algorithm",
        "as",
        "a",
        "functio",
        "of",
        "the",
        "numbern",
        "of",
        "transmit",
        "and",
        "receive",
        "antennas",
        "."
      ]
    },
    "2-2-advanced-euqation-bracket": {
      "caption": "average number of steps of the lll algorithm as a functio of the numbern of transmit and receive antennas .",
      "sentence": [
        "average number of steps of the lll algorithm as a functio of the numbern of transmit and receive antennas ."
      ],
      "tokens": [
        "average",
        "number",
        "of",
        "steps",
        "of",
        "the",
        "lll",
        "algorithm",
        "as",
        "a",
        "functio",
        "of",
        "the",
        "numbern",
        "of",
        "transmit",
        "and",
        "receive",
        "antennas",
        "."
      ]
    }
  }
}