{
  "contains-subfigure": false,
  "Img-text": [],
  "paper-ID": "1001.3038v2",
  "figure-ID": "1001.3038v2-Figure3-1.png",
  "figure-type": "Graph Plot",
  "0-originally-extracted": "Figure 3 Typical Log Normal Distribution",
  "1-lowercase-and-token-and-remove-figure-index": {
    "caption": "typical log normal distribution .",
    "sentence": [
      "typical log normal distribution ."
    ],
    "token": [
      "typical",
      "log",
      "normal",
      "distribution",
      "."
    ]
  },
  "2-normalized": {
    "2-1-basic-num": {
      "caption": "typical log normal distribution .",
      "sentence": [
        "typical log normal distribution ."
      ],
      "token": [
        "typical",
        "log",
        "normal",
        "distribution",
        "."
      ]
    },
    "2-2-advanced-euqation-bracket": {
      "caption": "typical log normal distribution .",
      "sentence": [
        "typical log normal distribution ."
      ],
      "tokens": [
        "typical",
        "log",
        "normal",
        "distribution",
        "."
      ]
    }
  }
}