{
  "contains-subfigure": false,
  "Img-text": [
    "nPR=1",
    "nPR=2",
    "nPR=3",
    "n",
    "c",
    "ti",
    "o",
    "e",
    "te",
    "f",
    "D",
    "ty",
    "o",
    "b",
    "ili",
    "b",
    "a",
    "P",
    "ro",
    "Sampling",
    "Rate",
    "1",
    "POD",
    "vs.",
    "Sampling",
    "Rate",
    "(Noise\u2212Free)",
    "0.95",
    "0.9",
    "0.85",
    "0.8",
    "0.75",
    "0.7",
    "0.65",
    "0.6",
    "0.55",
    "0.5",
    "0.45",
    "0.4",
    "0.35",
    "0.3",
    "0.25",
    "0.2",
    "0.15",
    "0.1",
    "0.05",
    "0.08",
    "0.088",
    "0.096",
    "0.104",
    "0.112",
    "0.12",
    "0.128",
    "0.136",
    "0.144",
    "0.152",
    "0.16",
    "0.168",
    "0"
  ],
  "paper-ID": "1001.2038v2",
  "figure-ID": "1001.2038v2-Figure2-1.png",
  "figure-type": "Graph Plot",
  "0-originally-extracted": "Fig. 2. POD vs. Sampling Rate (Noise-Free)",
  "1-lowercase-and-token-and-remove-figure-index": {
    "caption": "pod vs. sampling rate ( noise-free ) .",
    "sentence": [
      "pod vs. sampling rate ( noise-free ) ."
    ],
    "token": [
      "pod",
      "vs.",
      "sampling",
      "rate",
      "(",
      "noise-free",
      ")",
      "."
    ]
  },
  "2-normalized": {
    "2-1-basic-num": {
      "caption": "pod vs. sampling rate ( noise-free ) .",
      "sentence": [
        "pod vs. sampling rate ( noise-free ) ."
      ],
      "token": [
        "pod",
        "vs.",
        "sampling",
        "rate",
        "(",
        "noise-free",
        ")",
        "."
      ]
    },
    "2-2-advanced-euqation-bracket": {
      "caption": "pod vs. sampling rate BRACKET-TK .",
      "sentence": [
        "pod vs. sampling rate BRACKET-TK ."
      ],
      "tokens": [
        "pod",
        "vs.",
        "sampling",
        "rate",
        "BRACKET-TK",
        "."
      ]
    }
  }
}