{
  "contains-subfigure": false,
  "Img-text": [
    "Equiprobable",
    "Shaping",
    ")",
    "E",
    "r",
    "(R",
    "R",
    "0.25",
    "0.2",
    "0.15",
    "0.1",
    "0.05",
    "2",
    "2.2",
    "2.4",
    "2.6",
    "2.8",
    "3",
    "0"
  ],
  "paper-ID": "1001.3036v1",
  "figure-ID": "1001.3036v1-Figure2-1.png",
  "figure-type": "Graph Plot",
  "0-originally-extracted": "Fig. 2. Error exponent zoom at capacity for 16-QAM with and without shaping for CM (solid) and BICM (dashed) at snr = 8 dB. The error exponent of the BICM parallel channel model is shown for comparison (dotted). When shaping is used, the input distribution is the corresponding optimal capacity achieving distribution.",
  "1-lowercase-and-token-and-remove-figure-index": {
    "caption": "error exponent zoom at capacity for 16-qam with and without shaping for cm ( solid ) and bicm ( dashed ) at snr = 8 db . the error exponent of the bicm parallel channel model is shown for comparison ( dotted ) . when shaping is used , the input distribution is the corresponding optimal capacity achieving distribution .",
    "sentence": [
      "error exponent zoom at capacity for 16-qam with and without shaping for cm ( solid ) and bicm ( dashed ) at snr = 8 db .",
      "the error exponent of the bicm parallel channel model is shown for comparison ( dotted ) .",
      "when shaping is used , the input distribution is the corresponding optimal capacity achieving distribution ."
    ],
    "token": [
      "error",
      "exponent",
      "zoom",
      "at",
      "capacity",
      "for",
      "16-qam",
      "with",
      "and",
      "without",
      "shaping",
      "for",
      "cm",
      "(",
      "solid",
      ")",
      "and",
      "bicm",
      "(",
      "dashed",
      ")",
      "at",
      "snr",
      "=",
      "8",
      "db",
      ".",
      "the",
      "error",
      "exponent",
      "of",
      "the",
      "bicm",
      "parallel",
      "channel",
      "model",
      "is",
      "shown",
      "for",
      "comparison",
      "(",
      "dotted",
      ")",
      ".",
      "when",
      "shaping",
      "is",
      "used",
      ",",
      "the",
      "input",
      "distribution",
      "is",
      "the",
      "corresponding",
      "optimal",
      "capacity",
      "achieving",
      "distribution",
      "."
    ]
  },
  "2-normalized": {
    "2-1-basic-num": {
      "caption": "error exponent zoom at capacity for 16-qam with and without shaping for cm ( solid ) and bicm ( dashed ) at snr = NUM-TK db . the error exponent of the bicm parallel channel model is shown for comparison ( dotted ) . when shaping is used , the input distribution is the corresponding optimal capacity achieving distribution .",
      "sentence": [
        "error exponent zoom at capacity for 16-qam with and without shaping for cm ( solid ) and bicm ( dashed ) at snr = NUM-TK db .",
        "the error exponent of the bicm parallel channel model is shown for comparison ( dotted ) .",
        "when shaping is used , the input distribution is the corresponding optimal capacity achieving distribution ."
      ],
      "token": [
        "error",
        "exponent",
        "zoom",
        "at",
        "capacity",
        "for",
        "16-qam",
        "with",
        "and",
        "without",
        "shaping",
        "for",
        "cm",
        "(",
        "solid",
        ")",
        "and",
        "bicm",
        "(",
        "dashed",
        ")",
        "at",
        "snr",
        "=",
        "NUM-TK",
        "db",
        ".",
        "the",
        "error",
        "exponent",
        "of",
        "the",
        "bicm",
        "parallel",
        "channel",
        "model",
        "is",
        "shown",
        "for",
        "comparison",
        "(",
        "dotted",
        ")",
        ".",
        "when",
        "shaping",
        "is",
        "used",
        ",",
        "the",
        "input",
        "distribution",
        "is",
        "the",
        "corresponding",
        "optimal",
        "capacity",
        "achieving",
        "distribution",
        "."
      ]
    },
    "2-2-advanced-euqation-bracket": {
      "caption": "error exponent zoom at capacity for 16-qam with and without shaping for cm BRACKET-TK and bicm BRACKET-TK at EQUAT-TK db . the error exponent of the bicm parallel channel model is shown for comparison BRACKET-TK . when shaping is used , the input distribution is the corresponding optimal capacity achieving distribution .",
      "sentence": [
        "error exponent zoom at capacity for 16-qam with and without shaping for cm BRACKET-TK and bicm BRACKET-TK at EQUAT-TK db .",
        "the error exponent of the bicm parallel channel model is shown for comparison BRACKET-TK .",
        "when shaping is used , the input distribution is the corresponding optimal capacity achieving distribution ."
      ],
      "tokens": [
        "error",
        "exponent",
        "zoom",
        "at",
        "capacity",
        "for",
        "16-qam",
        "with",
        "and",
        "without",
        "shaping",
        "for",
        "cm",
        "BRACKET-TK",
        "and",
        "bicm",
        "BRACKET-TK",
        "at",
        "EQUAT-TK",
        "db",
        ".",
        "the",
        "error",
        "exponent",
        "of",
        "the",
        "bicm",
        "parallel",
        "channel",
        "model",
        "is",
        "shown",
        "for",
        "comparison",
        "BRACKET-TK",
        ".",
        "when",
        "shaping",
        "is",
        "used",
        ",",
        "the",
        "input",
        "distribution",
        "is",
        "the",
        "corresponding",
        "optimal",
        "capacity",
        "achieving",
        "distribution",
        "."
      ]
    }
  }
}