{
  "contains-subfigure": false,
  "Img-text": [
    "d",
    "=",
    "10",
    "d",
    "=",
    "4",
    "N",
    "=",
    "20",
    "r",
    "=",
    "2.0",
    "\u03bb",
    "=",
    "10.0",
    "Packet",
    "size",
    "(\u03b1)",
    "ti",
    "o",
    "y",
    "ra",
    "iv",
    "er",
    "D",
    "el",
    "0",
    "1",
    "2",
    "3",
    "4",
    "5",
    "1",
    "0.8",
    "0.6",
    "0.4",
    "0",
    "0.2"
  ],
  "paper-ID": "1001.3439v1",
  "figure-ID": "1001.3439v1-Figure1-1.png",
  "figure-type": "Graph Plot",
  "0-originally-extracted": "Figure 1: Influence of message size on delivery probability for different values of maximum delay (d). Each value of d corresponds to two lines: its upper and lower bounds.",
  "1-lowercase-and-token-and-remove-figure-index": {
    "caption": "influence of message size on delivery probability for different values of maximum delay ( d ) . each value of d corresponds to two lines : its upper and lower bounds .",
    "sentence": [
      "influence of message size on delivery probability for different values of maximum delay ( d ) .",
      "each value of d corresponds to two lines : its upper and lower bounds ."
    ],
    "token": [
      "influence",
      "of",
      "message",
      "size",
      "on",
      "delivery",
      "probability",
      "for",
      "different",
      "values",
      "of",
      "maximum",
      "delay",
      "(",
      "d",
      ")",
      ".",
      "each",
      "value",
      "of",
      "d",
      "corresponds",
      "to",
      "two",
      "lines",
      ":",
      "its",
      "upper",
      "and",
      "lower",
      "bounds",
      "."
    ]
  },
  "2-normalized": {
    "2-1-basic-num": {
      "caption": "influence of message size on delivery probability for different values of maximum delay ( d ) . each value of d corresponds to NUM-TK lines : its upper and lower bounds .",
      "sentence": [
        "influence of message size on delivery probability for different values of maximum delay ( d ) .",
        "each value of d corresponds to NUM-TK lines : its upper and lower bounds ."
      ],
      "token": [
        "influence",
        "of",
        "message",
        "size",
        "on",
        "delivery",
        "probability",
        "for",
        "different",
        "values",
        "of",
        "maximum",
        "delay",
        "(",
        "d",
        ")",
        ".",
        "each",
        "value",
        "of",
        "d",
        "corresponds",
        "to",
        "NUM-TK",
        "lines",
        ":",
        "its",
        "upper",
        "and",
        "lower",
        "bounds",
        "."
      ]
    },
    "2-2-advanced-euqation-bracket": {
      "caption": "influence of message size on delivery probability for different values of maximum delay BRACKET-TK . each value of d corresponds to NUM lines : its upper and lower bounds .",
      "sentence": [
        "influence of message size on delivery probability for different values of maximum delay BRACKET-TK .",
        "each value of d corresponds to NUM lines : its upper and lower bounds ."
      ],
      "tokens": [
        "influence",
        "of",
        "message",
        "size",
        "on",
        "delivery",
        "probability",
        "for",
        "different",
        "values",
        "of",
        "maximum",
        "delay",
        "BRACKET-TK",
        ".",
        "each",
        "value",
        "of",
        "d",
        "corresponds",
        "to",
        "NUM",
        "lines",
        ":",
        "its",
        "upper",
        "and",
        "lower",
        "bounds",
        "."
      ]
    }
  }
}