{
  "contains-subfigure": false,
  "Img-text": [
    "pout-isol",
    "pin-isol",
    "\u03bbe/\u03bb\u2113",
    "ty",
    "ab",
    "ili",
    "pr",
    "ob",
    "1",
    "0.9",
    "0.8",
    "0.7",
    "0.6",
    "0.5",
    "0.4",
    "0.3",
    "0.2",
    "0.1",
    "0.01",
    "0.1",
    "1",
    "10",
    "100",
    "0"
  ],
  "paper-ID": "1001.3697v1",
  "figure-ID": "1001.3697v1-Figure7-1.png",
  "figure-type": "Graph Plot",
  "0-originally-extracted": "Figure 7. Probabilities of in- and out-isolation of a node, vrsus the ratio\u03bbe \u03bb\u2113 . Note thatpin\u2212isol < pout\u2212isol for any fixed \u03bbe\u03bb\u2113 , as proved in Property 3.3.",
  "1-lowercase-and-token-and-remove-figure-index": {
    "caption": "probabilities of in- and out-isolation of a node , vrsus the ratio\u03bbe \u03bb\u2113 . note thatpin\u2212isol < pout\u2212isol for any fixed \u03bbe\u03bb\u2113 , as proved in property 3.3 .",
    "sentence": [
      "probabilities of in- and out-isolation of a node , vrsus the ratio\u03bbe \u03bb\u2113 .",
      "note thatpin\u2212isol < pout\u2212isol for any fixed \u03bbe\u03bb\u2113 , as proved in property 3.3 ."
    ],
    "token": [
      "probabilities",
      "of",
      "in-",
      "and",
      "out-isolation",
      "of",
      "a",
      "node",
      ",",
      "vrsus",
      "the",
      "ratio\u03bbe",
      "\u03bb\u2113",
      ".",
      "note",
      "thatpin\u2212isol",
      "<",
      "pout\u2212isol",
      "for",
      "any",
      "fixed",
      "\u03bbe\u03bb\u2113",
      ",",
      "as",
      "proved",
      "in",
      "property",
      "3.3",
      "."
    ]
  },
  "2-normalized": {
    "2-1-basic-num": {
      "caption": "probabilities of in- and out-isolation of a node , vrsus the ratio\u03bbe \u03bb\u2113 . note thatpin\u2212isol < pout\u2212isol for any fixed \u03bbe\u03bb\u2113 , as proved in property NUM-TK .",
      "sentence": [
        "probabilities of in- and out-isolation of a node , vrsus the ratio\u03bbe \u03bb\u2113 .",
        "note thatpin\u2212isol < pout\u2212isol for any fixed \u03bbe\u03bb\u2113 , as proved in property NUM-TK ."
      ],
      "token": [
        "probabilities",
        "of",
        "in-",
        "and",
        "out-isolation",
        "of",
        "a",
        "node",
        ",",
        "vrsus",
        "the",
        "ratio\u03bbe",
        "\u03bb\u2113",
        ".",
        "note",
        "thatpin\u2212isol",
        "<",
        "pout\u2212isol",
        "for",
        "any",
        "fixed",
        "\u03bbe\u03bb\u2113",
        ",",
        "as",
        "proved",
        "in",
        "property",
        "NUM-TK",
        "."
      ]
    },
    "2-2-advanced-euqation-bracket": {
      "caption": "probabilities of in- and out-isolation of a node , vrsus the ratio\u03bbe \u03bb\u2113 . note thatpin\u2212isol < pout\u2212isol for any fixed \u03bbe\u03bb\u2113 , as proved in property NUM .",
      "sentence": [
        "probabilities of in- and out-isolation of a node , vrsus the ratio\u03bbe \u03bb\u2113 .",
        "note thatpin\u2212isol < pout\u2212isol for any fixed \u03bbe\u03bb\u2113 , as proved in property NUM ."
      ],
      "tokens": [
        "probabilities",
        "of",
        "in-",
        "and",
        "out-isolation",
        "of",
        "a",
        "node",
        ",",
        "vrsus",
        "the",
        "ratio\u03bbe",
        "\u03bb\u2113",
        ".",
        "note",
        "thatpin\u2212isol",
        "<",
        "pout\u2212isol",
        "for",
        "any",
        "fixed",
        "\u03bbe\u03bb\u2113",
        ",",
        "as",
        "proved",
        "in",
        "property",
        "NUM",
        "."
      ]
    }
  }
}