{
  "contains-subfigure": false,
  "Img-text": [
    "Min\u2212Sum",
    "BP",
    "7\u2212level",
    "linear\u2212threshold",
    ")",
    "E",
    "R",
    "e",
    "(F",
    "R",
    "at",
    "rr",
    "or",
    "e",
    "E",
    "Fr",
    "am",
    "cross\u2212over",
    "probability",
    "(\u03b1)",
    "10",
    "0",
    "10",
    "\u22121",
    "10",
    "\u22122",
    "10",
    "\u22123",
    "10",
    "\u22124",
    "10",
    "\u22125",
    "10",
    "\u22126",
    "10",
    "\u22122",
    "10",
    "\u22123"
  ],
  "paper-ID": "1001.3421v2",
  "figure-ID": "1001.3421v2-Figure5-1.png",
  "figure-type": "Graph Plot",
  "0-originally-extracted": "Fig. 5. FER results on the n = 4085, R = 0.82, MacKay code",
  "1-lowercase-and-token-and-remove-figure-index": {
    "caption": "fer results on the n = 408 , r = 0.82 , mackay code .",
    "sentence": [
      "fer results on the n = 408 , r = 0.82 , mackay code ."
    ],
    "token": [
      "fer",
      "results",
      "on",
      "the",
      "n",
      "=",
      "408",
      ",",
      "r",
      "=",
      "0.82",
      ",",
      "mackay",
      "code",
      "."
    ]
  },
  "2-normalized": {
    "2-1-basic-num": {
      "caption": "fer results on the n = NUM-TK , r = NUM-TK , mackay code .",
      "sentence": [
        "fer results on the n = NUM-TK , r = NUM-TK , mackay code ."
      ],
      "token": [
        "fer",
        "results",
        "on",
        "the",
        "n",
        "=",
        "NUM-TK",
        ",",
        "r",
        "=",
        "NUM-TK",
        ",",
        "mackay",
        "code",
        "."
      ]
    },
    "2-2-advanced-euqation-bracket": {
      "caption": "fer results on the EQUAT-TK , EQUAT-TK , mackay code .",
      "sentence": [
        "fer results on the EQUAT-TK , EQUAT-TK , mackay code ."
      ],
      "tokens": [
        "fer",
        "results",
        "on",
        "the",
        "EQUAT-TK",
        ",",
        "EQUAT-TK",
        ",",
        "mackay",
        "code",
        "."
      ]
    }
  }
}