{
  "contains-subfigure": false,
  "Img-text": [
    "Average",
    "Beampattern",
    "Beampattern",
    "\u2212",
    "With",
    "Node",
    "Selection",
    "Directions",
    "of",
    "Neighboring",
    "BSs/APs",
    "B",
    "]",
    "er",
    "[d",
    "P",
    "ow",
    "Angle",
    "\u03c6",
    "[degree]",
    "40",
    "30",
    "20",
    "10",
    "0",
    "\u221210",
    "\u2212180",
    "\u2212120",
    "\u221260",
    "0",
    "60",
    "120",
    "180",
    "\u221220"
  ],
  "paper-ID": "1001.3193v1",
  "figure-ID": "1001.3193v1-Figure4-1.png",
  "figure-type": "Graph Plot",
  "0-originally-extracted": "Fig. 4. Beampattern: The neighboring BSs/APs are located inthe range\u03c6 \u2208 [25o 45o] and\u03b7thr = 10 dB.",
  "1-lowercase-and-token-and-remove-figure-index": {
    "caption": "beampattern : the neighboring bss/aps are located inthe range\u03c6 \u2208 [ 25o 5o ] and\u03b7thr = 10 db .",
    "sentence": [
      "beampattern : the neighboring bss/aps are located inthe range\u03c6 \u2208 [ 25o 5o ] and\u03b7thr = 10 db ."
    ],
    "token": [
      "beampattern",
      ":",
      "the",
      "neighboring",
      "bss/aps",
      "are",
      "located",
      "inthe",
      "range\u03c6",
      "\u2208",
      "[",
      "25o",
      "5o",
      "]",
      "and\u03b7thr",
      "=",
      "10",
      "db",
      "."
    ]
  },
  "2-normalized": {
    "2-1-basic-num": {
      "caption": "beampattern : the neighboring bss/aps are located inthe range\u03c6 \u2208 [ NUM-TK NUM-TK ] and\u03b7thr = NUM-TK db .",
      "sentence": [
        "beampattern : the neighboring bss/aps are located inthe range\u03c6 \u2208 [ NUM-TK NUM-TK ] and\u03b7thr = NUM-TK db ."
      ],
      "token": [
        "beampattern",
        ":",
        "the",
        "neighboring",
        "bss/aps",
        "are",
        "located",
        "inthe",
        "range\u03c6",
        "\u2208",
        "[",
        "NUM-TK",
        "NUM-TK",
        "]",
        "and\u03b7thr",
        "=",
        "NUM-TK",
        "db",
        "."
      ]
    },
    "2-2-advanced-euqation-bracket": {
      "caption": "beampattern : the neighboring bss/aps are located inthe range\u03c6 \u2208 BRACKET-TK EQUAT-TK db .",
      "sentence": [
        "beampattern : the neighboring bss/aps are located inthe range\u03c6 \u2208 BRACKET-TK EQUAT-TK db ."
      ],
      "tokens": [
        "beampattern",
        ":",
        "the",
        "neighboring",
        "bss/aps",
        "are",
        "located",
        "inthe",
        "range\u03c6",
        "\u2208",
        "BRACKET-TK",
        "EQUAT-TK",
        "db",
        "."
      ]
    }
  }
}