{
  "contains-subfigure": false,
  "Img-text": [
    "R(D)",
    "Ritc",
    "(D)",
    "Ritc",
    "(D).",
    "Filter",
    "W",
    "(z)",
    "FIR",
    "8th",
    "order",
    "R(D)",
    "+B3(D)",
    "R(D)",
    "+B2(D)",
    "R(D)",
    "+B1(D)",
    "Distortion,",
    "D",
    "e]",
    "am",
    "pl",
    "its",
    "/s",
    "e",
    "[b",
    "R",
    "at",
    "1.8",
    "1.6",
    "1.4",
    "1.2",
    "1",
    "0.8",
    "0.6",
    "0.4",
    "0.2",
    "0",
    "0.5",
    "1",
    "1.5",
    "2",
    "2.5",
    "3",
    "3.5",
    "4",
    "4.5",
    "5",
    "0"
  ],
  "paper-ID": "1001.4181v2",
  "figure-ID": "1001.4181v2-Figure5-1.png",
  "figure-type": "Graph Plot",
  "0-originally-extracted": "Figure 5. R(D) (in bits/sample) and several upper bounding functions forRitc (D) for zero-mean unit variance white Gaussian noise filtered throughz/(z \u2212 0.9). The resulting source variance is5.26.",
  "1-lowercase-and-token-and-remove-figure-index": {
    "caption": "r ( d ) ( in bits/sample ) and several upper bounding functions forritc ( d ) for zero-mean unit variance white gaussian noise filtered throughz/ ( z \u2212 0.9 ) . the resulting source variance is.26 .",
    "sentence": [
      "r ( d ) ( in bits/sample ) and several upper bounding functions forritc ( d ) for zero-mean unit variance white gaussian noise filtered throughz/ ( z \u2212 0.9 ) .",
      "the resulting source variance is.26 ."
    ],
    "token": [
      "r",
      "(",
      "d",
      ")",
      "(",
      "in",
      "bits/sample",
      ")",
      "and",
      "several",
      "upper",
      "bounding",
      "functions",
      "forritc",
      "(",
      "d",
      ")",
      "for",
      "zero-mean",
      "unit",
      "variance",
      "white",
      "gaussian",
      "noise",
      "filtered",
      "throughz/",
      "(",
      "z",
      "\u2212",
      "0.9",
      ")",
      ".",
      "the",
      "resulting",
      "source",
      "variance",
      "is.26",
      "."
    ]
  },
  "2-normalized": {
    "2-1-basic-num": {
      "caption": "r ( d ) ( in bits/sample ) and several upper bounding functions forritc ( d ) for zero-mean unit variance white gaussian noise filtered throughz/ ( z \u2212 NUM-TK ) . the resulting source variance is.26 .",
      "sentence": [
        "r ( d ) ( in bits/sample ) and several upper bounding functions forritc ( d ) for zero-mean unit variance white gaussian noise filtered throughz/ ( z \u2212 NUM-TK ) .",
        "the resulting source variance is.26 ."
      ],
      "token": [
        "r",
        "(",
        "d",
        ")",
        "(",
        "in",
        "bits/sample",
        ")",
        "and",
        "several",
        "upper",
        "bounding",
        "functions",
        "forritc",
        "(",
        "d",
        ")",
        "for",
        "zero-mean",
        "unit",
        "variance",
        "white",
        "gaussian",
        "noise",
        "filtered",
        "throughz/",
        "(",
        "z",
        "\u2212",
        "NUM-TK",
        ")",
        ".",
        "the",
        "resulting",
        "source",
        "variance",
        "is.26",
        "."
      ]
    },
    "2-2-advanced-euqation-bracket": {
      "caption": "r BRACKET-TK BRACKET-TK and several upper bounding functions forritc BRACKET-TK for zero-mean unit variance white gaussian noise filtered throughz/ BRACKET-TK . the resulting source variance is.26 .",
      "sentence": [
        "r BRACKET-TK BRACKET-TK and several upper bounding functions forritc BRACKET-TK for zero-mean unit variance white gaussian noise filtered throughz/ BRACKET-TK .",
        "the resulting source variance is.26 ."
      ],
      "tokens": [
        "r",
        "BRACKET-TK",
        "BRACKET-TK",
        "and",
        "several",
        "upper",
        "bounding",
        "functions",
        "forritc",
        "BRACKET-TK",
        "for",
        "zero-mean",
        "unit",
        "variance",
        "white",
        "gaussian",
        "noise",
        "filtered",
        "throughz/",
        "BRACKET-TK",
        ".",
        "the",
        "resulting",
        "source",
        "variance",
        "is.26",
        "."
      ]
    }
  }
}