{
  "contains-subfigure": false,
  "Img-text": [
    "RTS,",
    "8x8",
    "STBC",
    "Hybrid",
    "RTS\u2212BP,",
    "8x8",
    "STBC",
    "RTS,",
    "16x16",
    "STBC",
    "Hybrid",
    "RTS\u2212BP,",
    "16x16",
    "STBC",
    "16\u2212QAM",
    "E",
    "R",
    "d",
    "B",
    "d",
    "e",
    "c",
    "o",
    "U",
    "n",
    "Average",
    "received",
    "SNR",
    "(dB)",
    "10",
    "0",
    "10",
    "\u22121",
    "10",
    "\u22122",
    "10",
    "\u22123",
    "10",
    "\u22124",
    "15",
    "20",
    "25",
    "30",
    "35"
  ],
  "paper-ID": "1001.2376v1",
  "figure-ID": "1001.2376v1-Figure6-1.png",
  "figure-type": "Graph Plot",
  "0-originally-extracted": "Fig. 6 UNCODED BER PERFORMANCE COMPARISON BETWEEN THE HYBRID RTS-BPAND THE RTSFOR 16-QAM IN 8\u00d7 8 AND 16 \u00d7 16",
  "1-lowercase-and-token-and-remove-figure-index": {
    "caption": "uncoded ber performance comparison between the hybrid rts-bpand the rtsfor 1-qam in 8\u00d7 8 and 1 \u00d7 1 .",
    "sentence": [
      "uncoded ber performance comparison between the hybrid rts-bpand the rtsfor 1-qam in 8\u00d7 8 and 1 \u00d7 1 ."
    ],
    "token": [
      "uncoded",
      "ber",
      "performance",
      "comparison",
      "between",
      "the",
      "hybrid",
      "rts-bpand",
      "the",
      "rtsfor",
      "1-qam",
      "in",
      "8\u00d7",
      "8",
      "and",
      "1",
      "\u00d7",
      "1",
      "."
    ]
  },
  "2-normalized": {
    "2-1-basic-num": {
      "caption": "uncoded ber performance comparison between the hybrid rts-bpand the rtsfor 1-qam in NUM-TK NUM-TK and NUM-TK \u00d7 NUM-TK .",
      "sentence": [
        "uncoded ber performance comparison between the hybrid rts-bpand the rtsfor 1-qam in NUM-TK NUM-TK and NUM-TK \u00d7 NUM-TK ."
      ],
      "token": [
        "uncoded",
        "ber",
        "performance",
        "comparison",
        "between",
        "the",
        "hybrid",
        "rts-bpand",
        "the",
        "rtsfor",
        "1-qam",
        "in",
        "NUM-TK",
        "NUM-TK",
        "and",
        "NUM-TK",
        "\u00d7",
        "NUM-TK",
        "."
      ]
    },
    "2-2-advanced-euqation-bracket": {
      "caption": "uncoded ber performance comparison between the hybrid rts-bpand the rtsfor 1-qam in NUM NUM and NUM \u00d7 NUM .",
      "sentence": [
        "uncoded ber performance comparison between the hybrid rts-bpand the rtsfor 1-qam in NUM NUM and NUM \u00d7 NUM ."
      ],
      "tokens": [
        "uncoded",
        "ber",
        "performance",
        "comparison",
        "between",
        "the",
        "hybrid",
        "rts-bpand",
        "the",
        "rtsfor",
        "1-qam",
        "in",
        "NUM",
        "NUM",
        "and",
        "NUM",
        "\u00d7",
        "NUM",
        "."
      ]
    }
  }
}