{
  "contains-subfigure": false,
  "Img-text": [
    "Frequency\u2212selective",
    "fading",
    "L",
    "=",
    "6,",
    "K",
    "=",
    "64,",
    "Nt",
    "=",
    "Nr",
    "=",
    "16",
    "16\u2212QAM",
    "SISO",
    "AWGN",
    "Hybrid",
    "RTS\u2212BP",
    "RTS",
    "LAS",
    "Average",
    "received",
    "SNR",
    "(dB)",
    "10",
    "0",
    "10",
    "\u22121",
    "10",
    "\u22122",
    "10",
    "\u22123",
    "\u22124",
    "10",
    "12",
    "14",
    "16",
    "18",
    "20",
    "22",
    "10"
  ],
  "paper-ID": "1001.2376v1",
  "figure-ID": "1001.2376v1-Figure7-1.png",
  "figure-type": "Graph Plot",
  "0-originally-extracted": "Fig. 7 UNCODED BER PERFORMANCE COMPARISON BETWEEN THE HYBRID RTS-BP, RTS,AND LAS ALGORITHMS IN 16\u00d7 16 V-BLAST WITH",
  "1-lowercase-and-token-and-remove-figure-index": {
    "caption": "uncoded ber performance comparison between the hybrid rts-bp , rts , and las algorithms in 16\u00d7 16 v-blast with .",
    "sentence": [
      "uncoded ber performance comparison between the hybrid rts-bp , rts , and las algorithms in 16\u00d7 16 v-blast with ."
    ],
    "token": [
      "uncoded",
      "ber",
      "performance",
      "comparison",
      "between",
      "the",
      "hybrid",
      "rts-bp",
      ",",
      "rts",
      ",",
      "and",
      "las",
      "algorithms",
      "in",
      "16\u00d7",
      "16",
      "v-blast",
      "with",
      "."
    ]
  },
  "2-normalized": {
    "2-1-basic-num": {
      "caption": "uncoded ber performance comparison between the hybrid rts-bp , rts , and las algorithms in NUM-TK NUM-TK v-blast with .",
      "sentence": [
        "uncoded ber performance comparison between the hybrid rts-bp , rts , and las algorithms in NUM-TK NUM-TK v-blast with ."
      ],
      "token": [
        "uncoded",
        "ber",
        "performance",
        "comparison",
        "between",
        "the",
        "hybrid",
        "rts-bp",
        ",",
        "rts",
        ",",
        "and",
        "las",
        "algorithms",
        "in",
        "NUM-TK",
        "NUM-TK",
        "v-blast",
        "with",
        "."
      ]
    },
    "2-2-advanced-euqation-bracket": {
      "caption": "uncoded ber performance comparison between the hybrid rts-bp , rts , and las algorithms in NUM NUM v-blast with .",
      "sentence": [
        "uncoded ber performance comparison between the hybrid rts-bp , rts , and las algorithms in NUM NUM v-blast with ."
      ],
      "tokens": [
        "uncoded",
        "ber",
        "performance",
        "comparison",
        "between",
        "the",
        "hybrid",
        "rts-bp",
        ",",
        "rts",
        ",",
        "and",
        "las",
        "algorithms",
        "in",
        "NUM",
        "NUM",
        "v-blast",
        "with",
        "."
      ]
    }
  }
}