{
  "contains-subfigure": false,
  "Img-text": [
    "SH",
    "jL",
    "j",
    "0.5",
    "0.4",
    "0.3",
    "0.2",
    "0.1",
    "0.0",
    "0.5",
    "1.0",
    "1.5",
    "2.0",
    "2.5",
    "3.0",
    "0.0"
  ],
  "paper-ID": "1001.5454v3",
  "figure-ID": "1001.5454v3-Figure4-1.png",
  "figure-type": "Graph Plot",
  "0-originally-extracted": "FIG. 4: Cra\u0301mer function, S(j), of the feedback current shown for \u03bb = m = 1, p = 1/2 and \u00b5 = 3. Thick red and thick blue curves describe the uncongested and congested domains respectively. Dashed black line marks the value of jc.",
  "1-lowercase-and-token-and-remove-figure-index": {
    "caption": "cra\u0301mer function , s ( j ) , of the feedback current shown for \u03bb = m = 1 , p = 1/2 and \u00b5 = 3. thick red and thick blue curves describe the uncongested and congested domains respectively . dashed black line marks the value of jc .",
    "sentence": [
      "cra\u0301mer function , s ( j ) , of the feedback current shown for \u03bb = m = 1 , p = 1/2 and \u00b5 = 3. thick red and thick blue curves describe the uncongested and congested domains respectively .",
      "dashed black line marks the value of jc ."
    ],
    "token": [
      "cra\u0301mer",
      "function",
      ",",
      "s",
      "(",
      "j",
      ")",
      ",",
      "of",
      "the",
      "feedback",
      "current",
      "shown",
      "for",
      "\u03bb",
      "=",
      "m",
      "=",
      "1",
      ",",
      "p",
      "=",
      "1/2",
      "and",
      "\u00b5",
      "=",
      "3.",
      "thick",
      "red",
      "and",
      "thick",
      "blue",
      "curves",
      "describe",
      "the",
      "uncongested",
      "and",
      "congested",
      "domains",
      "respectively",
      ".",
      "dashed",
      "black",
      "line",
      "marks",
      "the",
      "value",
      "of",
      "jc",
      "."
    ]
  },
  "2-normalized": {
    "2-1-basic-num": {
      "caption": "cra\u0301mer function , s ( j ) , of the feedback current shown for \u03bb = m = NUM-TK , p = NUM-TK and \u00b5 = NUM-TK thick red and thick blue curves describe the uncongested and congested domains respectively . dashed black line marks the value of jc .",
      "sentence": [
        "cra\u0301mer function , s ( j ) , of the feedback current shown for \u03bb = m = NUM-TK , p = NUM-TK and \u00b5 = NUM-TK thick red and thick blue curves describe the uncongested and congested domains respectively .",
        "dashed black line marks the value of jc ."
      ],
      "token": [
        "cra\u0301mer",
        "function",
        ",",
        "s",
        "(",
        "j",
        ")",
        ",",
        "of",
        "the",
        "feedback",
        "current",
        "shown",
        "for",
        "\u03bb",
        "=",
        "m",
        "=",
        "NUM-TK",
        ",",
        "p",
        "=",
        "NUM-TK",
        "and",
        "\u00b5",
        "=",
        "NUM-TK",
        "thick",
        "red",
        "and",
        "thick",
        "blue",
        "curves",
        "describe",
        "the",
        "uncongested",
        "and",
        "congested",
        "domains",
        "respectively",
        ".",
        "dashed",
        "black",
        "line",
        "marks",
        "the",
        "value",
        "of",
        "jc",
        "."
      ]
    },
    "2-2-advanced-euqation-bracket": {
      "caption": "cra\u0301mer function , s BRACKET-TK , of the feedback current shown for \u03bb = EQUAT-TK , EQUAT-TK and EQUAT-TK thick red and thick blue curves describe the uncongested and congested domains respectively . dashed black line marks the value of jc .",
      "sentence": [
        "cra\u0301mer function , s BRACKET-TK , of the feedback current shown for \u03bb = EQUAT-TK , EQUAT-TK and EQUAT-TK thick red and thick blue curves describe the uncongested and congested domains respectively .",
        "dashed black line marks the value of jc ."
      ],
      "tokens": [
        "cra\u0301mer",
        "function",
        ",",
        "s",
        "BRACKET-TK",
        ",",
        "of",
        "the",
        "feedback",
        "current",
        "shown",
        "for",
        "\u03bb",
        "=",
        "EQUAT-TK",
        ",",
        "EQUAT-TK",
        "and",
        "EQUAT-TK",
        "thick",
        "red",
        "and",
        "thick",
        "blue",
        "curves",
        "describe",
        "the",
        "uncongested",
        "and",
        "congested",
        "domains",
        "respectively",
        ".",
        "dashed",
        "black",
        "line",
        "marks",
        "the",
        "value",
        "of",
        "jc",
        "."
      ]
    }
  }
}