{
  "contains-subfigure": false,
  "Img-text": [],
  "paper-ID": "1001.3159v2",
  "figure-ID": "1001.3159v2-Figure3-1.png",
  "figure-type": "Graph Plot",
  "0-originally-extracted": "Fig. 3. Probability of success vs normalized budget for n = 15 and r = 3 in the symmetric allocation where each node stores j/F fraction of the file.",
  "1-lowercase-and-token-and-remove-figure-index": {
    "caption": "probability of success vs normalized budget for n = 15 and r = in the symmetric allocation where each node stores j/f fraction of the file .",
    "sentence": [
      "probability of success vs normalized budget for n = 15 and r = in the symmetric allocation where each node stores j/f fraction of the file ."
    ],
    "token": [
      "probability",
      "of",
      "success",
      "vs",
      "normalized",
      "budget",
      "for",
      "n",
      "=",
      "15",
      "and",
      "r",
      "=",
      "in",
      "the",
      "symmetric",
      "allocation",
      "where",
      "each",
      "node",
      "stores",
      "j/f",
      "fraction",
      "of",
      "the",
      "file",
      "."
    ]
  },
  "2-normalized": {
    "2-1-basic-num": {
      "caption": "probability of success vs normalized budget for n = NUM-TK and r = in the symmetric allocation where each node stores j/f fraction of the file .",
      "sentence": [
        "probability of success vs normalized budget for n = NUM-TK and r = in the symmetric allocation where each node stores j/f fraction of the file ."
      ],
      "token": [
        "probability",
        "of",
        "success",
        "vs",
        "normalized",
        "budget",
        "for",
        "n",
        "=",
        "NUM-TK",
        "and",
        "r",
        "=",
        "in",
        "the",
        "symmetric",
        "allocation",
        "where",
        "each",
        "node",
        "stores",
        "j/f",
        "fraction",
        "of",
        "the",
        "file",
        "."
      ]
    },
    "2-2-advanced-euqation-bracket": {
      "caption": "probability of success vs normalized budget for EQUAT-TK and r = in the symmetric allocation where each node stores j/f fraction of the file .",
      "sentence": [
        "probability of success vs normalized budget for EQUAT-TK and r = in the symmetric allocation where each node stores j/f fraction of the file ."
      ],
      "tokens": [
        "probability",
        "of",
        "success",
        "vs",
        "normalized",
        "budget",
        "for",
        "EQUAT-TK",
        "and",
        "r",
        "=",
        "in",
        "the",
        "symmetric",
        "allocation",
        "where",
        "each",
        "node",
        "stores",
        "j/f",
        "fraction",
        "of",
        "the",
        "file",
        "."
      ]
    }
  }
}