{
  "contains-subfigure": false,
  "Img-text": [
    "LLL\u2212ZF",
    "LLL\u2212SIC",
    "ALR",
    "Sphere",
    "Decoder",
    "Average",
    "number",
    "of",
    "flops,",
    "SNR=12",
    "n",
    "18x",
    "10",
    "4",
    "16",
    "14",
    "12",
    "10",
    "8",
    "6",
    "4",
    "2",
    "2",
    "3",
    "4",
    "5",
    "6",
    "7",
    "8",
    "0"
  ],
  "paper-ID": "1001.1625v1",
  "figure-ID": "1001.1625v1-Figure5-1.png",
  "figure-type": "Graph Plot",
  "0-originally-extracted": "Figure 5. Complexity comparison (in flops) of augmented lattice reduction with LLL-ZF, LLL-SIC and sphere decoding as a function of the numbern of transmit and receive antennas, atSNR = 12, using16-QAM constellations.",
  "1-lowercase-and-token-and-remove-figure-index": {
    "caption": "complexity comparison ( in flops ) of augmented lattice reduction with lll-zf , lll-sic and sphere decoding as a function of the numbern of transmit and receive antennas , atsnr = 12 , using16-qam constellations .",
    "sentence": [
      "complexity comparison ( in flops ) of augmented lattice reduction with lll-zf , lll-sic and sphere decoding as a function of the numbern of transmit and receive antennas , atsnr = 12 , using16-qam constellations ."
    ],
    "token": [
      "complexity",
      "comparison",
      "(",
      "in",
      "flops",
      ")",
      "of",
      "augmented",
      "lattice",
      "reduction",
      "with",
      "lll-zf",
      ",",
      "lll-sic",
      "and",
      "sphere",
      "decoding",
      "as",
      "a",
      "function",
      "of",
      "the",
      "numbern",
      "of",
      "transmit",
      "and",
      "receive",
      "antennas",
      ",",
      "atsnr",
      "=",
      "12",
      ",",
      "using16-qam",
      "constellations",
      "."
    ]
  },
  "2-normalized": {
    "2-1-basic-num": {
      "caption": "complexity comparison ( in flops ) of augmented lattice reduction with lll-zf , lll-sic and sphere decoding as a function of the numbern of transmit and receive antennas , atsnr = NUM-TK , using16-qam constellations .",
      "sentence": [
        "complexity comparison ( in flops ) of augmented lattice reduction with lll-zf , lll-sic and sphere decoding as a function of the numbern of transmit and receive antennas , atsnr = NUM-TK , using16-qam constellations ."
      ],
      "token": [
        "complexity",
        "comparison",
        "(",
        "in",
        "flops",
        ")",
        "of",
        "augmented",
        "lattice",
        "reduction",
        "with",
        "lll-zf",
        ",",
        "lll-sic",
        "and",
        "sphere",
        "decoding",
        "as",
        "a",
        "function",
        "of",
        "the",
        "numbern",
        "of",
        "transmit",
        "and",
        "receive",
        "antennas",
        ",",
        "atsnr",
        "=",
        "NUM-TK",
        ",",
        "using16-qam",
        "constellations",
        "."
      ]
    },
    "2-2-advanced-euqation-bracket": {
      "caption": "complexity comparison BRACKET-TK of augmented lattice reduction with lll-zf , lll-sic and sphere decoding as a function of the numbern of transmit and receive antennas , EQUAT-TK , using16-qam constellations .",
      "sentence": [
        "complexity comparison BRACKET-TK of augmented lattice reduction with lll-zf , lll-sic and sphere decoding as a function of the numbern of transmit and receive antennas , EQUAT-TK , using16-qam constellations ."
      ],
      "tokens": [
        "complexity",
        "comparison",
        "BRACKET-TK",
        "of",
        "augmented",
        "lattice",
        "reduction",
        "with",
        "lll-zf",
        ",",
        "lll-sic",
        "and",
        "sphere",
        "decoding",
        "as",
        "a",
        "function",
        "of",
        "the",
        "numbern",
        "of",
        "transmit",
        "and",
        "receive",
        "antennas",
        ",",
        "EQUAT-TK",
        ",",
        "using16-qam",
        "constellations",
        "."
      ]
    }
  }
}