{
  "contains-subfigure": false,
  "Img-text": [
    "Constraint",
    "Eq.",
    "(53)",
    "Constraint",
    "Eq.",
    "(52)",
    "2",
    "\u03c3",
    "2",
    "Z",
    "\u03b1",
    "6",
    "5",
    "4",
    "3",
    "2",
    "1",
    "0",
    "\u22121",
    "\u22122",
    "\u22123",
    "\u22122",
    "\u22121",
    "0",
    "1",
    "2",
    "3",
    "4",
    "5",
    "6",
    "\u22124"
  ],
  "paper-ID": "1001.1679v1",
  "figure-ID": "1001.1679v1-Figure7-1.png",
  "figure-type": "Graph Plot",
  "0-originally-extracted": "Fig. 7. Case 1: the maximum of\u03c32 Z2 , where both constraints hold, is obtained at the maximum of Eq. (53).",
  "1-lowercase-and-token-and-remove-figure-index": {
    "caption": "case 1 : the maximum of\u03c32 z2 , where both constraints hold , is obtained at the maximum of eq . ( 53 ) .",
    "sentence": [
      "case 1 : the maximum of\u03c32 z2 , where both constraints hold , is obtained at the maximum of eq .",
      "( 53 ) ."
    ],
    "token": [
      "case",
      "1",
      ":",
      "the",
      "maximum",
      "of\u03c32",
      "z2",
      ",",
      "where",
      "both",
      "constraints",
      "hold",
      ",",
      "is",
      "obtained",
      "at",
      "the",
      "maximum",
      "of",
      "eq",
      ".",
      "(",
      "53",
      ")",
      "."
    ]
  },
  "2-normalized": {
    "2-1-basic-num": {
      "caption": "case NUM-TK : the maximum of\u03c32 z2 , where both constraints hold , is obtained at the maximum of eq . ( NUM-TK ) .",
      "sentence": [
        "case NUM-TK : the maximum of\u03c32 z2 , where both constraints hold , is obtained at the maximum of eq .",
        "( NUM-TK ) ."
      ],
      "token": [
        "case",
        "NUM-TK",
        ":",
        "the",
        "maximum",
        "of\u03c32",
        "z2",
        ",",
        "where",
        "both",
        "constraints",
        "hold",
        ",",
        "is",
        "obtained",
        "at",
        "the",
        "maximum",
        "of",
        "eq",
        ".",
        "(",
        "NUM-TK",
        ")",
        "."
      ]
    },
    "2-2-advanced-euqation-bracket": {
      "caption": "case NUM : the maximum of\u03c32 z2 , where both constraints hold , is obtained at the maximum of eq . BRACKET-TK .",
      "sentence": [
        "case NUM : the maximum of\u03c32 z2 , where both constraints hold , is obtained at the maximum of eq .",
        "BRACKET-TK ."
      ],
      "tokens": [
        "case",
        "NUM",
        ":",
        "the",
        "maximum",
        "of\u03c32",
        "z2",
        ",",
        "where",
        "both",
        "constraints",
        "hold",
        ",",
        "is",
        "obtained",
        "at",
        "the",
        "maximum",
        "of",
        "eq",
        ".",
        "BRACKET-TK",
        "."
      ]
    }
  }
}