{
  "contains-subfigure": false,
  "Img-text": [
    "Genie\u2212aided",
    "Semi\u2212analytic,",
    "HARQ",
    "Simulation,",
    "HARQ",
    "User",
    "at",
    "left",
    "cell",
    "edge",
    "User",
    "close",
    "to",
    "BS",
    "90%",
    "90%",
    "80%",
    "80%",
    "70%",
    "70%",
    ")",
    "u",
    "se",
    "n",
    "el",
    "ch",
    "an",
    "it",
    "s/",
    ",0",
    "(b",
    "R\u0304",
    "k",
    "E[Wk,0]",
    "(slots)",
    "0.8",
    "0.7",
    "0.6",
    "0.5",
    "0.4",
    "0.3",
    "0.2",
    "0.1",
    "20",
    "40",
    "60",
    "80",
    "100",
    "120",
    "140",
    "0"
  ],
  "paper-ID": "1001.1187v2",
  "figure-ID": "1001.1187v2-Figure4-1.png",
  "figure-type": "Graph Plot",
  "0-originally-extracted": "Fig. 4. Average rate vs. decoding delay with proportional fairness for two sample users.",
  "1-lowercase-and-token-and-remove-figure-index": {
    "caption": "average rate vs. decoding delay with proportional fairness for two sample users .",
    "sentence": [
      "average rate vs. decoding delay with proportional fairness for two sample users ."
    ],
    "token": [
      "average",
      "rate",
      "vs.",
      "decoding",
      "delay",
      "with",
      "proportional",
      "fairness",
      "for",
      "two",
      "sample",
      "users",
      "."
    ]
  },
  "2-normalized": {
    "2-1-basic-num": {
      "caption": "average rate vs. decoding delay with proportional fairness for NUM-TK sample users .",
      "sentence": [
        "average rate vs. decoding delay with proportional fairness for NUM-TK sample users ."
      ],
      "token": [
        "average",
        "rate",
        "vs.",
        "decoding",
        "delay",
        "with",
        "proportional",
        "fairness",
        "for",
        "NUM-TK",
        "sample",
        "users",
        "."
      ]
    },
    "2-2-advanced-euqation-bracket": {
      "caption": "average rate vs. decoding delay with proportional fairness for NUM sample users .",
      "sentence": [
        "average rate vs. decoding delay with proportional fairness for NUM sample users ."
      ],
      "tokens": [
        "average",
        "rate",
        "vs.",
        "decoding",
        "delay",
        "with",
        "proportional",
        "fairness",
        "for",
        "NUM",
        "sample",
        "users",
        "."
      ]
    }
  }
}