{
  "contains-subfigure": false,
  "Img-text": [],
  "paper-ID": "1001.3774v1",
  "figure-ID": "1001.3774v1-Figure3-1.png",
  "figure-type": "Graph Plot",
  "0-originally-extracted": "Figure. 3 Average transmission cost with PSG Vs SPS",
  "1-lowercase-and-token-and-remove-figure-index": {
    "caption": "average transmission cost with psg vs sps .",
    "sentence": [
      "average transmission cost with psg vs sps ."
    ],
    "token": [
      "average",
      "transmission",
      "cost",
      "with",
      "psg",
      "vs",
      "sps",
      "."
    ]
  },
  "2-normalized": {
    "2-1-basic-num": {
      "caption": "average transmission cost with psg vs sps .",
      "sentence": [
        "average transmission cost with psg vs sps ."
      ],
      "token": [
        "average",
        "transmission",
        "cost",
        "with",
        "psg",
        "vs",
        "sps",
        "."
      ]
    },
    "2-2-advanced-euqation-bracket": {
      "caption": "average transmission cost with psg vs sps .",
      "sentence": [
        "average transmission cost with psg vs sps ."
      ],
      "tokens": [
        "average",
        "transmission",
        "cost",
        "with",
        "psg",
        "vs",
        "sps",
        "."
      ]
    }
  }
}