{
  "contains-subfigure": false,
  "Img-text": [
    "SAF",
    "RANC",
    "Received",
    "elements",
    "m",
    "e",
    "n",
    "ts",
    "d",
    "e",
    "p",
    "e",
    "n",
    "d",
    "e",
    "n",
    "t",
    "e",
    "le",
    "o",
    "f",
    "in",
    "b",
    "e",
    "r",
    "u",
    "m",
    "g",
    "e",
    "n",
    "A",
    "v",
    "e",
    "ra",
    "0",
    "5",
    "10",
    "15",
    "20",
    "25",
    "30",
    "10",
    "8",
    "6",
    "4",
    "2",
    "0"
  ],
  "paper-ID": "1001.5178v3",
  "figure-ID": "1001.5178v3-Figure2-1.png",
  "figure-type": "Graph Plot",
  "0-originally-extracted": "Fig. 2. Expected number of independent elements as a function of the number of received elements for k = 10 transmitted elements",
  "1-lowercase-and-token-and-remove-figure-index": {
    "caption": "expected number of independent elements as a function of the number of received elements for k = 10 transmitted elements .",
    "sentence": [
      "expected number of independent elements as a function of the number of received elements for k = 10 transmitted elements ."
    ],
    "token": [
      "expected",
      "number",
      "of",
      "independent",
      "elements",
      "as",
      "a",
      "function",
      "of",
      "the",
      "number",
      "of",
      "received",
      "elements",
      "for",
      "k",
      "=",
      "10",
      "transmitted",
      "elements",
      "."
    ]
  },
  "2-normalized": {
    "2-1-basic-num": {
      "caption": "expected number of independent elements as a function of the number of received elements for k = NUM-TK transmitted elements .",
      "sentence": [
        "expected number of independent elements as a function of the number of received elements for k = NUM-TK transmitted elements ."
      ],
      "token": [
        "expected",
        "number",
        "of",
        "independent",
        "elements",
        "as",
        "a",
        "function",
        "of",
        "the",
        "number",
        "of",
        "received",
        "elements",
        "for",
        "k",
        "=",
        "NUM-TK",
        "transmitted",
        "elements",
        "."
      ]
    },
    "2-2-advanced-euqation-bracket": {
      "caption": "expected number of independent elements as a function of the number of received elements for EQUAT-TK transmitted elements .",
      "sentence": [
        "expected number of independent elements as a function of the number of received elements for EQUAT-TK transmitted elements ."
      ],
      "tokens": [
        "expected",
        "number",
        "of",
        "independent",
        "elements",
        "as",
        "a",
        "function",
        "of",
        "the",
        "number",
        "of",
        "received",
        "elements",
        "for",
        "EQUAT-TK",
        "transmitted",
        "elements",
        "."
      ]
    }
  }
}