{
  "contains-subfigure": false,
  "Img-text": [
    "(3,",
    "2.608)",
    "(3.451,",
    "3)",
    "(3,",
    "3)",
    "(2.474,",
    "3)",
    "(3,",
    "3.409)",
    "Broadcast",
    "capacity",
    "Time",
    "sharing",
    "se",
    ")",
    "el",
    "u",
    "ha",
    "nn",
    "its",
    "/c",
    "in",
    "b",
    "r",
    "1",
    "U",
    "se",
    "e",
    "of",
    "(R",
    "at",
    "R",
    "1",
    "R",
    "2",
    "(Rate",
    "of",
    "User",
    "2",
    "in",
    "bits/channel",
    "use)",
    "5",
    "4.5",
    "4",
    "3.5",
    "3",
    "2.5",
    "2",
    "1.5",
    "1",
    "0.5",
    "0",
    "1",
    "2",
    "3",
    "4",
    "5",
    "6",
    "7",
    "0"
  ],
  "paper-ID": "1001.3476v1",
  "figure-ID": "1001.3476v1-Figure6-1.png",
  "figure-type": "Graph Plot",
  "0-originally-extracted": "Fig. 6. Two-user Gaussian broadcast channel capacity region.",
  "1-lowercase-and-token-and-remove-figure-index": {
    "caption": "two-user gaussian broadcast channel capacity region .",
    "sentence": [
      "two-user gaussian broadcast channel capacity region ."
    ],
    "token": [
      "two-user",
      "gaussian",
      "broadcast",
      "channel",
      "capacity",
      "region",
      "."
    ]
  },
  "2-normalized": {
    "2-1-basic-num": {
      "caption": "two-user gaussian broadcast channel capacity region .",
      "sentence": [
        "two-user gaussian broadcast channel capacity region ."
      ],
      "token": [
        "two-user",
        "gaussian",
        "broadcast",
        "channel",
        "capacity",
        "region",
        "."
      ]
    },
    "2-2-advanced-euqation-bracket": {
      "caption": "two-user gaussian broadcast channel capacity region .",
      "sentence": [
        "two-user gaussian broadcast channel capacity region ."
      ],
      "tokens": [
        "two-user",
        "gaussian",
        "broadcast",
        "channel",
        "capacity",
        "region",
        "."
      ]
    }
  }
}