{
  "contains-subfigure": false,
  "Img-text": [],
  "paper-ID": "1001.3355v3",
  "figure-ID": "1001.3355v3-Figure6-1.png",
  "figure-type": "Graph Plot",
  "0-originally-extracted": "Fig. 6. Performance on missing-queue detection (ROC curve).",
  "1-lowercase-and-token-and-remove-figure-index": {
    "caption": "performance on missing-queue detection ( roc curve ) .",
    "sentence": [
      "performance on missing-queue detection ( roc curve ) ."
    ],
    "token": [
      "performance",
      "on",
      "missing-queue",
      "detection",
      "(",
      "roc",
      "curve",
      ")",
      "."
    ]
  },
  "2-normalized": {
    "2-1-basic-num": {
      "caption": "performance on missing-queue detection ( roc curve ) .",
      "sentence": [
        "performance on missing-queue detection ( roc curve ) ."
      ],
      "token": [
        "performance",
        "on",
        "missing-queue",
        "detection",
        "(",
        "roc",
        "curve",
        ")",
        "."
      ]
    },
    "2-2-advanced-euqation-bracket": {
      "caption": "performance on missing-queue detection BRACKET-TK .",
      "sentence": [
        "performance on missing-queue detection BRACKET-TK ."
      ],
      "tokens": [
        "performance",
        "on",
        "missing-queue",
        "detection",
        "BRACKET-TK",
        "."
      ]
    }
  }
}