{
  "contains-subfigure": false,
  "Img-text": [
    "real",
    "ALR",
    "complex",
    "ALR",
    "Average",
    "number",
    "of",
    "flops,",
    "SNR=12",
    "n",
    "3x",
    "10",
    "4",
    "2.5",
    "2",
    "1.5",
    "1",
    "0.5",
    "2",
    "3",
    "4",
    "5",
    "6",
    "7",
    "8",
    "0"
  ],
  "paper-ID": "1001.1625v1",
  "figure-ID": "1001.1625v1-Figure6-1.png",
  "figure-type": "Graph Plot",
  "0-originally-extracted": "Figure 6. Complexity comparison (in flops) of the real and complex version of augmented lattice reduction as a function ofthe numbern of transmit and receive antennas, atSNR = 12. Here we suppose that complex addition and complex multiplication require respectively2 and6 real flops.",
  "1-lowercase-and-token-and-remove-figure-index": {
    "caption": "complexity comparison ( in flops ) of the real and complex version of augmented lattice reduction as a function ofthe numbern of transmit and receive antennas , atsnr = 12. here we suppose that complex addition and complex multiplication require respectively2 and real flops .",
    "sentence": [
      "complexity comparison ( in flops ) of the real and complex version of augmented lattice reduction as a function ofthe numbern of transmit and receive antennas , atsnr = 12. here we suppose that complex addition and complex multiplication require respectively2 and real flops ."
    ],
    "token": [
      "complexity",
      "comparison",
      "(",
      "in",
      "flops",
      ")",
      "of",
      "the",
      "real",
      "and",
      "complex",
      "version",
      "of",
      "augmented",
      "lattice",
      "reduction",
      "as",
      "a",
      "function",
      "ofthe",
      "numbern",
      "of",
      "transmit",
      "and",
      "receive",
      "antennas",
      ",",
      "atsnr",
      "=",
      "12.",
      "here",
      "we",
      "suppose",
      "that",
      "complex",
      "addition",
      "and",
      "complex",
      "multiplication",
      "require",
      "respectively2",
      "and",
      "real",
      "flops",
      "."
    ]
  },
  "2-normalized": {
    "2-1-basic-num": {
      "caption": "complexity comparison ( in flops ) of the real and complex version of augmented lattice reduction as a function ofthe numbern of transmit and receive antennas , atsnr = NUM-TK here we suppose that complex addition and complex multiplication require respectively2 and real flops .",
      "sentence": [
        "complexity comparison ( in flops ) of the real and complex version of augmented lattice reduction as a function ofthe numbern of transmit and receive antennas , atsnr = NUM-TK here we suppose that complex addition and complex multiplication require respectively2 and real flops ."
      ],
      "token": [
        "complexity",
        "comparison",
        "(",
        "in",
        "flops",
        ")",
        "of",
        "the",
        "real",
        "and",
        "complex",
        "version",
        "of",
        "augmented",
        "lattice",
        "reduction",
        "as",
        "a",
        "function",
        "ofthe",
        "numbern",
        "of",
        "transmit",
        "and",
        "receive",
        "antennas",
        ",",
        "atsnr",
        "=",
        "NUM-TK",
        "here",
        "we",
        "suppose",
        "that",
        "complex",
        "addition",
        "and",
        "complex",
        "multiplication",
        "require",
        "respectively2",
        "and",
        "real",
        "flops",
        "."
      ]
    },
    "2-2-advanced-euqation-bracket": {
      "caption": "complexity comparison BRACKET-TK of the real and complex version of augmented lattice reduction as a function ofthe numbern of transmit and receive antennas , EQUAT-TK here we suppose that complex addition and complex multiplication require respectively2 and real flops .",
      "sentence": [
        "complexity comparison BRACKET-TK of the real and complex version of augmented lattice reduction as a function ofthe numbern of transmit and receive antennas , EQUAT-TK here we suppose that complex addition and complex multiplication require respectively2 and real flops ."
      ],
      "tokens": [
        "complexity",
        "comparison",
        "BRACKET-TK",
        "of",
        "the",
        "real",
        "and",
        "complex",
        "version",
        "of",
        "augmented",
        "lattice",
        "reduction",
        "as",
        "a",
        "function",
        "ofthe",
        "numbern",
        "of",
        "transmit",
        "and",
        "receive",
        "antennas",
        ",",
        "EQUAT-TK",
        "here",
        "we",
        "suppose",
        "that",
        "complex",
        "addition",
        "and",
        "complex",
        "multiplication",
        "require",
        "respectively2",
        "and",
        "real",
        "flops",
        "."
      ]
    }
  }
}