{
  "contains-subfigure": false,
  "Img-text": [
    "(%",
    ")",
    "io",
    "n",
    "iz",
    "at",
    "U",
    "til",
    "Li",
    "nk",
    "Time",
    "(s)",
    "1",
    "3",
    "5",
    "7",
    "9",
    "11",
    "13",
    "15",
    "17",
    "19",
    "21",
    "23",
    "25",
    "27",
    "29",
    "31",
    "33",
    "35",
    "37",
    "39",
    "41",
    "43",
    "45",
    "47",
    "49",
    "100",
    "90",
    "80",
    "60",
    "70",
    "50",
    "30",
    "40",
    "20"
  ],
  "paper-ID": "1001.2848v1",
  "figure-ID": "1001.2848v1-Figure12-1.png",
  "figure-type": "Graph Plot",
  "0-originally-extracted": "Fig. 12: Link utilization for bottleneck link with five flows.",
  "1-lowercase-and-token-and-remove-figure-index": {
    "caption": "link utilization for bottleneck link with five flows .",
    "sentence": [
      "link utilization for bottleneck link with five flows ."
    ],
    "token": [
      "link",
      "utilization",
      "for",
      "bottleneck",
      "link",
      "with",
      "five",
      "flows",
      "."
    ]
  },
  "2-normalized": {
    "2-1-basic-num": {
      "caption": "link utilization for bottleneck link with NUM-TK flows .",
      "sentence": [
        "link utilization for bottleneck link with NUM-TK flows ."
      ],
      "token": [
        "link",
        "utilization",
        "for",
        "bottleneck",
        "link",
        "with",
        "NUM-TK",
        "flows",
        "."
      ]
    },
    "2-2-advanced-euqation-bracket": {
      "caption": "link utilization for bottleneck link with NUM flows .",
      "sentence": [
        "link utilization for bottleneck link with NUM flows ."
      ],
      "tokens": [
        "link",
        "utilization",
        "for",
        "bottleneck",
        "link",
        "with",
        "NUM",
        "flows",
        "."
      ]
    }
  }
}