{
  "contains-subfigure": false,
  "Img-text": [
    "Linear",
    "ZF",
    "\u2212",
    "Gaussian",
    "Input",
    "Linear",
    "ZF",
    "\u2212",
    "QPSK",
    "Input",
    "Nonlinear",
    "Precoding",
    "\u2212",
    "QPSK",
    "Input",
    "Nonlinear",
    "Precoding",
    "\u2212",
    "QPSK",
    "Input",
    "(CR)",
    "GTHP",
    "\u2212",
    "QPSK",
    "!",
    "Eb/N0",
    "[dB]",
    "2",
    "Optimum",
    "!",
    "1.8",
    "1.6",
    "1.4",
    "1.2",
    "1",
    "0.8",
    "0.6",
    "0.4",
    "0.2",
    "\u22122",
    "0",
    "2",
    "4",
    "6",
    "8",
    "10",
    "12",
    "14",
    "0"
  ],
  "paper-ID": "1001.3790v3",
  "figure-ID": "1001.3790v3-Figure12-1.png",
  "figure-type": "Graph Plot",
  "0-originally-extracted": "Figure 12: System load that maximizes spectral efficiency as a function of Eb N0 .",
  "1-lowercase-and-token-and-remove-figure-index": {
    "caption": "system load that maximizes spectral efficiency as a function of eb n0 .",
    "sentence": [
      "system load that maximizes spectral efficiency as a function of eb n0 ."
    ],
    "token": [
      "system",
      "load",
      "that",
      "maximizes",
      "spectral",
      "efficiency",
      "as",
      "a",
      "function",
      "of",
      "eb",
      "n0",
      "."
    ]
  },
  "2-normalized": {
    "2-1-basic-num": {
      "caption": "system load that maximizes spectral efficiency as a function of eb n0 .",
      "sentence": [
        "system load that maximizes spectral efficiency as a function of eb n0 ."
      ],
      "token": [
        "system",
        "load",
        "that",
        "maximizes",
        "spectral",
        "efficiency",
        "as",
        "a",
        "function",
        "of",
        "eb",
        "n0",
        "."
      ]
    },
    "2-2-advanced-euqation-bracket": {
      "caption": "system load that maximizes spectral efficiency as a function of eb n0 .",
      "sentence": [
        "system load that maximizes spectral efficiency as a function of eb n0 ."
      ],
      "tokens": [
        "system",
        "load",
        "that",
        "maximizes",
        "spectral",
        "efficiency",
        "as",
        "a",
        "function",
        "of",
        "eb",
        "n0",
        "."
      ]
    }
  }
}