{
  "contains-subfigure": false,
  "Img-text": [],
  "paper-ID": "1001.3159v2",
  "figure-ID": "1001.3159v2-Figure2-1.png",
  "figure-type": "Graph Plot",
  "0-originally-extracted": "Fig. 2. Optimal symmetric allocation vs normalized budget.",
  "1-lowercase-and-token-and-remove-figure-index": {
    "caption": "optimal symmetric allocation vs normalized budget .",
    "sentence": [
      "optimal symmetric allocation vs normalized budget ."
    ],
    "token": [
      "optimal",
      "symmetric",
      "allocation",
      "vs",
      "normalized",
      "budget",
      "."
    ]
  },
  "2-normalized": {
    "2-1-basic-num": {
      "caption": "optimal symmetric allocation vs normalized budget .",
      "sentence": [
        "optimal symmetric allocation vs normalized budget ."
      ],
      "token": [
        "optimal",
        "symmetric",
        "allocation",
        "vs",
        "normalized",
        "budget",
        "."
      ]
    },
    "2-2-advanced-euqation-bracket": {
      "caption": "optimal symmetric allocation vs normalized budget .",
      "sentence": [
        "optimal symmetric allocation vs normalized budget ."
      ],
      "tokens": [
        "optimal",
        "symmetric",
        "allocation",
        "vs",
        "normalized",
        "budget",
        "."
      ]
    }
  }
}