{
  "contains-subfigure": false,
  "Img-text": [
    "sensor",
    "(",
    "est.",
    ")",
    ")",
    "y",
    "(m",
    "x",
    "(m)",
    "25",
    "20",
    "15",
    "10",
    "5",
    "0",
    "\u22125",
    "\u221210",
    "\u221215",
    "\u221220",
    "\u221225",
    "\u221220",
    "\u221210",
    "0",
    "10",
    "20"
  ],
  "paper-ID": "1001.0080v1",
  "figure-ID": "1001.0080v1-Figure4-1.png",
  "figure-type": "Graph Plot",
  "0-originally-extracted": "Fig. 4. The configuration of the network",
  "1-lowercase-and-token-and-remove-figure-index": {
    "caption": "the configuration of the network .",
    "sentence": [
      "the configuration of the network ."
    ],
    "token": [
      "the",
      "configuration",
      "of",
      "the",
      "network",
      "."
    ]
  },
  "2-normalized": {
    "2-1-basic-num": {
      "caption": "the configuration of the network .",
      "sentence": [
        "the configuration of the network ."
      ],
      "token": [
        "the",
        "configuration",
        "of",
        "the",
        "network",
        "."
      ]
    },
    "2-2-advanced-euqation-bracket": {
      "caption": "the configuration of the network .",
      "sentence": [
        "the configuration of the network ."
      ],
      "tokens": [
        "the",
        "configuration",
        "of",
        "the",
        "network",
        "."
      ]
    }
  }
}