{
  "contains-subfigure": false,
  "Img-text": [],
  "paper-ID": "1001.1860v2",
  "figure-ID": "1001.1860v2-Figure6-1.png",
  "figure-type": "Graph Plot",
  "0-originally-extracted": "Fig. 6 Comparison of the performance of the sparse matrix-vector multiplications (mod2as, double-precision) for various numbers of rows using RapidMind\u2019s CUDA backend, Nvidia CUDA and Intel\u2019s MKL. The peak performance of one C1060 GPU is comparable to 8 Nehalem EP cores (78 vs. 80 GFlops).",
  "1-lowercase-and-token-and-remove-figure-index": {
    "caption": "comparison of the performance of the sparse matrix-vector multiplications ( mod2as , double-precision ) for various numbers of rows using rapidmind \u2019 s cuda backend , nvidia cuda and intel \u2019 s mkl . the peak performance of one c100 gpu is comparable to 8 nehalem ep cores ( 78 vs. 80 gflops ) .",
    "sentence": [
      "comparison of the performance of the sparse matrix-vector multiplications ( mod2as , double-precision ) for various numbers of rows using rapidmind \u2019 s cuda backend , nvidia cuda and intel \u2019 s mkl .",
      "the peak performance of one c100 gpu is comparable to 8 nehalem ep cores ( 78 vs. 80 gflops ) ."
    ],
    "token": [
      "comparison",
      "of",
      "the",
      "performance",
      "of",
      "the",
      "sparse",
      "matrix-vector",
      "multiplications",
      "(",
      "mod2as",
      ",",
      "double-precision",
      ")",
      "for",
      "various",
      "numbers",
      "of",
      "rows",
      "using",
      "rapidmind",
      "\u2019",
      "s",
      "cuda",
      "backend",
      ",",
      "nvidia",
      "cuda",
      "and",
      "intel",
      "\u2019",
      "s",
      "mkl",
      ".",
      "the",
      "peak",
      "performance",
      "of",
      "one",
      "c100",
      "gpu",
      "is",
      "comparable",
      "to",
      "8",
      "nehalem",
      "ep",
      "cores",
      "(",
      "78",
      "vs.",
      "80",
      "gflops",
      ")",
      "."
    ]
  },
  "2-normalized": {
    "2-1-basic-num": {
      "caption": "comparison of the performance of the sparse matrix-vector multiplications ( mod2as , double-precision ) for various numbers of rows using rapidmind \u2019 s cuda backend , nvidia cuda and intel \u2019 s mkl . the peak performance of NUM-TK c100 gpu is comparable to NUM-TK nehalem ep cores ( NUM-TK vs. NUM-TK gflops ) .",
      "sentence": [
        "comparison of the performance of the sparse matrix-vector multiplications ( mod2as , double-precision ) for various numbers of rows using rapidmind \u2019 s cuda backend , nvidia cuda and intel \u2019 s mkl .",
        "the peak performance of NUM-TK c100 gpu is comparable to NUM-TK nehalem ep cores ( NUM-TK vs. NUM-TK gflops ) ."
      ],
      "token": [
        "comparison",
        "of",
        "the",
        "performance",
        "of",
        "the",
        "sparse",
        "matrix-vector",
        "multiplications",
        "(",
        "mod2as",
        ",",
        "double-precision",
        ")",
        "for",
        "various",
        "numbers",
        "of",
        "rows",
        "using",
        "rapidmind",
        "\u2019",
        "s",
        "cuda",
        "backend",
        ",",
        "nvidia",
        "cuda",
        "and",
        "intel",
        "\u2019",
        "s",
        "mkl",
        ".",
        "the",
        "peak",
        "performance",
        "of",
        "NUM-TK",
        "c100",
        "gpu",
        "is",
        "comparable",
        "to",
        "NUM-TK",
        "nehalem",
        "ep",
        "cores",
        "(",
        "NUM-TK",
        "vs.",
        "NUM-TK",
        "gflops",
        ")",
        "."
      ]
    },
    "2-2-advanced-euqation-bracket": {
      "caption": "comparison of the performance of the sparse matrix-vector multiplications BRACKET-TK for various numbers of rows using rapidmind \u2019 s cuda backend , nvidia cuda and intel \u2019 s mkl . the peak performance of NUM c100 gpu is comparable to NUM nehalem ep cores BRACKET-TK .",
      "sentence": [
        "comparison of the performance of the sparse matrix-vector multiplications BRACKET-TK for various numbers of rows using rapidmind \u2019 s cuda backend , nvidia cuda and intel \u2019 s mkl .",
        "the peak performance of NUM c100 gpu is comparable to NUM nehalem ep cores BRACKET-TK ."
      ],
      "tokens": [
        "comparison",
        "of",
        "the",
        "performance",
        "of",
        "the",
        "sparse",
        "matrix-vector",
        "multiplications",
        "BRACKET-TK",
        "for",
        "various",
        "numbers",
        "of",
        "rows",
        "using",
        "rapidmind",
        "\u2019",
        "s",
        "cuda",
        "backend",
        ",",
        "nvidia",
        "cuda",
        "and",
        "intel",
        "\u2019",
        "s",
        "mkl",
        ".",
        "the",
        "peak",
        "performance",
        "of",
        "NUM",
        "c100",
        "gpu",
        "is",
        "comparable",
        "to",
        "NUM",
        "nehalem",
        "ep",
        "cores",
        "BRACKET-TK",
        "."
      ]
    }
  }
}