{
  "contains-subfigure": false,
  "Img-text": [],
  "paper-ID": "1001.3824v1",
  "figure-ID": "1001.3824v1-Figure7-1.png",
  "figure-type": "Graph Plot",
  "0-originally-extracted": "Figure 7) Read local. One to 560 ST clients request all local records and read them sequentially. No data is read over the network, the only inter-node communication is the peer-to-peer collective, which in all cases takes < 2% of the overall time. The 40G file fits wholly in filesystem cache of the nodes, the 1.5T file does not.",
  "1-lowercase-and-token-and-remove-figure-index": {
    "caption": "read local . one to 560 st clients request all local records and read them sequentially . no data is read over the network , the only inter-node communication is the peer-to-peer collective , which in all cases takes < 2 % of the overall time . the 40g file fits wholly in filesystem cache of the nodes , the 1.5t file does not .",
    "sentence": [
      "read local .",
      "one to 560 st clients request all local records and read them sequentially .",
      "no data is read over the network , the only inter-node communication is the peer-to-peer collective , which in all cases takes < 2 % of the overall time .",
      "the 40g file fits wholly in filesystem cache of the nodes , the 1.5t file does not ."
    ],
    "token": [
      "read",
      "local",
      ".",
      "one",
      "to",
      "560",
      "st",
      "clients",
      "request",
      "all",
      "local",
      "records",
      "and",
      "read",
      "them",
      "sequentially",
      ".",
      "no",
      "data",
      "is",
      "read",
      "over",
      "the",
      "network",
      ",",
      "the",
      "only",
      "inter-node",
      "communication",
      "is",
      "the",
      "peer-to-peer",
      "collective",
      ",",
      "which",
      "in",
      "all",
      "cases",
      "takes",
      "<",
      "2",
      "%",
      "of",
      "the",
      "overall",
      "time",
      ".",
      "the",
      "40g",
      "file",
      "fits",
      "wholly",
      "in",
      "filesystem",
      "cache",
      "of",
      "the",
      "nodes",
      ",",
      "the",
      "1.5t",
      "file",
      "does",
      "not",
      "."
    ]
  },
  "2-normalized": {
    "2-1-basic-num": {
      "caption": "read local . NUM-TK to NUM-TK st clients request all local records and read them sequentially . no data is read over the network , the only inter-node communication is the peer-to-peer collective , which in all cases takes < NUM-TK of the overall time . the NUM-TK file fits wholly in filesystem cache of the nodes , the NUM-TK file does not .",
      "sentence": [
        "read local .",
        "NUM-TK to NUM-TK st clients request all local records and read them sequentially .",
        "no data is read over the network , the only inter-node communication is the peer-to-peer collective , which in all cases takes < NUM-TK of the overall time .",
        "the NUM-TK file fits wholly in filesystem cache of the nodes , the NUM-TK file does not ."
      ],
      "token": [
        "read",
        "local",
        ".",
        "NUM-TK",
        "to",
        "NUM-TK",
        "st",
        "clients",
        "request",
        "all",
        "local",
        "records",
        "and",
        "read",
        "them",
        "sequentially",
        ".",
        "no",
        "data",
        "is",
        "read",
        "over",
        "the",
        "network",
        ",",
        "the",
        "only",
        "inter-node",
        "communication",
        "is",
        "the",
        "peer-to-peer",
        "collective",
        ",",
        "which",
        "in",
        "all",
        "cases",
        "takes",
        "<",
        "NUM-TK",
        "of",
        "the",
        "overall",
        "time",
        ".",
        "the",
        "NUM-TK",
        "file",
        "fits",
        "wholly",
        "in",
        "filesystem",
        "cache",
        "of",
        "the",
        "nodes",
        ",",
        "the",
        "NUM-TK",
        "file",
        "does",
        "not",
        "."
      ]
    },
    "2-2-advanced-euqation-bracket": {
      "caption": "read local . NUM to NUM st clients request all local records and read them sequentially . no data is read over the network , the only inter-node communication is the peer-to-peer collective , which in all cases takes < NUM of the overall time . the NUM file fits wholly in filesystem cache of the nodes , the NUM file does not .",
      "sentence": [
        "read local .",
        "NUM to NUM st clients request all local records and read them sequentially .",
        "no data is read over the network , the only inter-node communication is the peer-to-peer collective , which in all cases takes < NUM of the overall time .",
        "the NUM file fits wholly in filesystem cache of the nodes , the NUM file does not ."
      ],
      "tokens": [
        "read",
        "local",
        ".",
        "NUM",
        "to",
        "NUM",
        "st",
        "clients",
        "request",
        "all",
        "local",
        "records",
        "and",
        "read",
        "them",
        "sequentially",
        ".",
        "no",
        "data",
        "is",
        "read",
        "over",
        "the",
        "network",
        ",",
        "the",
        "only",
        "inter-node",
        "communication",
        "is",
        "the",
        "peer-to-peer",
        "collective",
        ",",
        "which",
        "in",
        "all",
        "cases",
        "takes",
        "<",
        "NUM",
        "of",
        "the",
        "overall",
        "time",
        ".",
        "the",
        "NUM",
        "file",
        "fits",
        "wholly",
        "in",
        "filesystem",
        "cache",
        "of",
        "the",
        "nodes",
        ",",
        "the",
        "NUM",
        "file",
        "does",
        "not",
        "."
      ]
    }
  }
}