{
  "contains-subfigure": false,
  "Img-text": [
    "Unconstrained",
    "capacity",
    "region",
    "CC",
    "capacity",
    "region",
    "with",
    "TCMA",
    "CC",
    "capacity",
    "region",
    "with",
    "FDMA",
    "CC",
    "capacity",
    "region",
    "with",
    "TDMA",
    "R",
    "2",
    "R1",
    "2",
    "1.8",
    "1.6",
    "1.4",
    "1.2",
    "1",
    "0.8",
    "1",
    "1.2",
    "1.4",
    "1.6",
    "1.8",
    "2",
    "0.8"
  ],
  "paper-ID": "1001.0357v1",
  "figure-ID": "1001.0357v1-Figure7-1.png",
  "figure-type": "Graph Plot",
  "0-originally-extracted": "Fig. 7. CC Capacity regions (in bits/sec) with FDMA, TDMA andTCMA for two-user GMAC with QPSK signal sets when\u03c1 = 2 dB,\u03c32 = 1, andW = 5 Hertz.",
  "1-lowercase-and-token-and-remove-figure-index": {
    "caption": "cc capacity regions ( in bits/sec ) with fdma , tdma andtcma for two-user gmac with qpsk signal sets when\u03c1 = 2 db , \u03c32 = 1 , andw = 5 hertz .",
    "sentence": [
      "cc capacity regions ( in bits/sec ) with fdma , tdma andtcma for two-user gmac with qpsk signal sets when\u03c1 = 2 db , \u03c32 = 1 , andw = 5 hertz ."
    ],
    "token": [
      "cc",
      "capacity",
      "regions",
      "(",
      "in",
      "bits/sec",
      ")",
      "with",
      "fdma",
      ",",
      "tdma",
      "andtcma",
      "for",
      "two-user",
      "gmac",
      "with",
      "qpsk",
      "signal",
      "sets",
      "when\u03c1",
      "=",
      "2",
      "db",
      ",",
      "\u03c32",
      "=",
      "1",
      ",",
      "andw",
      "=",
      "5",
      "hertz",
      "."
    ]
  },
  "2-normalized": {
    "2-1-basic-num": {
      "caption": "cc capacity regions ( in bits/sec ) with fdma , tdma andtcma for two-user gmac with qpsk signal sets when\u03c1 = NUM-TK db , \u03c32 = NUM-TK , andw = NUM-TK hertz .",
      "sentence": [
        "cc capacity regions ( in bits/sec ) with fdma , tdma andtcma for two-user gmac with qpsk signal sets when\u03c1 = NUM-TK db , \u03c32 = NUM-TK , andw = NUM-TK hertz ."
      ],
      "token": [
        "cc",
        "capacity",
        "regions",
        "(",
        "in",
        "bits/sec",
        ")",
        "with",
        "fdma",
        ",",
        "tdma",
        "andtcma",
        "for",
        "two-user",
        "gmac",
        "with",
        "qpsk",
        "signal",
        "sets",
        "when\u03c1",
        "=",
        "NUM-TK",
        "db",
        ",",
        "\u03c32",
        "=",
        "NUM-TK",
        ",",
        "andw",
        "=",
        "NUM-TK",
        "hertz",
        "."
      ]
    },
    "2-2-advanced-euqation-bracket": {
      "caption": "cc capacity regions BRACKET-TK with fdma , tdma andtcma for two-user gmac with qpsk signal sets EQUAT-TK db , \u03c32 = NUM , EQUAT-TK hertz .",
      "sentence": [
        "cc capacity regions BRACKET-TK with fdma , tdma andtcma for two-user gmac with qpsk signal sets EQUAT-TK db , \u03c32 = NUM , EQUAT-TK hertz ."
      ],
      "tokens": [
        "cc",
        "capacity",
        "regions",
        "BRACKET-TK",
        "with",
        "fdma",
        ",",
        "tdma",
        "andtcma",
        "for",
        "two-user",
        "gmac",
        "with",
        "qpsk",
        "signal",
        "sets",
        "EQUAT-TK",
        "db",
        ",",
        "\u03c32",
        "=",
        "NUM",
        ",",
        "EQUAT-TK",
        "hertz",
        "."
      ]
    }
  }
}