{
  "contains-subfigure": false,
  "Img-text": [
    "ss",
    "uc",
    "ce",
    "P",
    "S",
    "Number",
    "of",
    "acive",
    "sources",
    "1",
    "0.95",
    "0.9",
    "0.85",
    "0.8",
    "0.75",
    "0.7",
    "0.65",
    "0.6",
    "40",
    "41",
    "42",
    "43",
    "44",
    "45",
    "46",
    "47",
    "48",
    "49",
    "50",
    "0.55"
  ],
  "paper-ID": "1001.3689v1",
  "figure-ID": "1001.3689v1-Figure8-1.png",
  "figure-type": "Graph Plot",
  "0-originally-extracted": "Fig. 8. PSuccess vs number of active sources in scheme B for\u03b7 = 6R",
  "1-lowercase-and-token-and-remove-figure-index": {
    "caption": "psuccess vs number of active sources in scheme b for\u03b7 = 6r .",
    "sentence": [
      "psuccess vs number of active sources in scheme b for\u03b7 = 6r ."
    ],
    "token": [
      "psuccess",
      "vs",
      "number",
      "of",
      "active",
      "sources",
      "in",
      "scheme",
      "b",
      "for\u03b7",
      "=",
      "6r",
      "."
    ]
  },
  "2-normalized": {
    "2-1-basic-num": {
      "caption": "psuccess vs number of active sources in scheme b for\u03b7 = NUM-TK .",
      "sentence": [
        "psuccess vs number of active sources in scheme b for\u03b7 = NUM-TK ."
      ],
      "token": [
        "psuccess",
        "vs",
        "number",
        "of",
        "active",
        "sources",
        "in",
        "scheme",
        "b",
        "for\u03b7",
        "=",
        "NUM-TK",
        "."
      ]
    },
    "2-2-advanced-euqation-bracket": {
      "caption": "psuccess vs number of active sources in scheme b EQUAT-TK .",
      "sentence": [
        "psuccess vs number of active sources in scheme b EQUAT-TK ."
      ],
      "tokens": [
        "psuccess",
        "vs",
        "number",
        "of",
        "active",
        "sources",
        "in",
        "scheme",
        "b",
        "EQUAT-TK",
        "."
      ]
    }
  }
}