{
  "contains-subfigure": false,
  "Img-text": [
    "B=100",
    "B=300",
    "B=600",
    "B=1000",
    "B=1500",
    "ke",
    "ts",
    "P",
    "ac",
    "ct",
    "ed",
    "ol",
    "le",
    "al",
    "C",
    "T",
    "ot",
    "Distance",
    "[in",
    "multiples",
    "of",
    "R]",
    "1",
    "3",
    "6",
    "9",
    "12",
    "400",
    "500",
    "600",
    "700",
    "800",
    "900",
    "1000",
    "1100",
    "1200"
  ],
  "paper-ID": "1001.3689v1",
  "figure-ID": "1001.3689v1-Figure7-1.png",
  "figure-type": "Graph Plot",
  "0-originally-extracted": "Fig. 7. Total number of collected packets vs distance from anarbitrary source for different values of the buffer size in scheme B",
  "1-lowercase-and-token-and-remove-figure-index": {
    "caption": "total number of collected packets vs distance from anarbitrary source for different values of the buffer size in scheme b .",
    "sentence": [
      "total number of collected packets vs distance from anarbitrary source for different values of the buffer size in scheme b ."
    ],
    "token": [
      "total",
      "number",
      "of",
      "collected",
      "packets",
      "vs",
      "distance",
      "from",
      "anarbitrary",
      "source",
      "for",
      "different",
      "values",
      "of",
      "the",
      "buffer",
      "size",
      "in",
      "scheme",
      "b",
      "."
    ]
  },
  "2-normalized": {
    "2-1-basic-num": {
      "caption": "total number of collected packets vs distance from anarbitrary source for different values of the buffer size in scheme b .",
      "sentence": [
        "total number of collected packets vs distance from anarbitrary source for different values of the buffer size in scheme b ."
      ],
      "token": [
        "total",
        "number",
        "of",
        "collected",
        "packets",
        "vs",
        "distance",
        "from",
        "anarbitrary",
        "source",
        "for",
        "different",
        "values",
        "of",
        "the",
        "buffer",
        "size",
        "in",
        "scheme",
        "b",
        "."
      ]
    },
    "2-2-advanced-euqation-bracket": {
      "caption": "total number of collected packets vs distance from anarbitrary source for different values of the buffer size in scheme b .",
      "sentence": [
        "total number of collected packets vs distance from anarbitrary source for different values of the buffer size in scheme b ."
      ],
      "tokens": [
        "total",
        "number",
        "of",
        "collected",
        "packets",
        "vs",
        "distance",
        "from",
        "anarbitrary",
        "source",
        "for",
        "different",
        "values",
        "of",
        "the",
        "buffer",
        "size",
        "in",
        "scheme",
        "b",
        "."
      ]
    }
  }
}