{
  "contains-subfigure": false,
  "Img-text": [
    "k=20",
    "k=80",
    "k=160",
    "Iterations",
    "n",
    "cy",
    "ic",
    "ie",
    "E",
    "ff",
    "1",
    "2",
    "3",
    "4",
    "5",
    "6",
    "7",
    "0,59",
    "0,56",
    "0,53",
    "0,5",
    "0,47"
  ],
  "paper-ID": "1001.2778v1",
  "figure-ID": "1001.2778v1-Figure6-1.png",
  "figure-type": "Graph Plot",
  "0-originally-extracted": "Figure 6: in the case b \u2264 \ud835\udefc efficiency of the search algorithm increases when the number of topics k increases (\u03b1=8, b=2, k=20, 80, 160, m=750, n=1500)",
  "1-lowercase-and-token-and-remove-figure-index": {
    "caption": "in the case b \u2264 \ud835\udefc efficiency of the search algorithm increases when the number of topics k increases ( \u03b1=8 , b=2 , k=20 , 80 , 10 , m=750 , n=1500 ) .",
    "sentence": [
      "in the case b \u2264 \ud835\udefc efficiency of the search algorithm increases when the number of topics k increases ( \u03b1=8 , b=2 , k=20 , 80 , 10 , m=750 , n=1500 ) ."
    ],
    "token": [
      "in",
      "the",
      "case",
      "b",
      "\u2264",
      "\ud835\udefc",
      "efficiency",
      "of",
      "the",
      "search",
      "algorithm",
      "increases",
      "when",
      "the",
      "number",
      "of",
      "topics",
      "k",
      "increases",
      "(",
      "\u03b1=8",
      ",",
      "b=2",
      ",",
      "k=20",
      ",",
      "80",
      ",",
      "10",
      ",",
      "m=750",
      ",",
      "n=1500",
      ")",
      "."
    ]
  },
  "2-normalized": {
    "2-1-basic-num": {
      "caption": "in the case b \u2264 \ud835\udefc efficiency of the search algorithm increases when the number of topics k increases ( \u03b1=8 , b=2 , k=20 , NUM-TK , NUM-TK , m=750 , n=1500 ) .",
      "sentence": [
        "in the case b \u2264 \ud835\udefc efficiency of the search algorithm increases when the number of topics k increases ( \u03b1=8 , b=2 , k=20 , NUM-TK , NUM-TK , m=750 , n=1500 ) ."
      ],
      "token": [
        "in",
        "the",
        "case",
        "b",
        "\u2264",
        "\ud835\udefc",
        "efficiency",
        "of",
        "the",
        "search",
        "algorithm",
        "increases",
        "when",
        "the",
        "number",
        "of",
        "topics",
        "k",
        "increases",
        "(",
        "\u03b1=8",
        ",",
        "b=2",
        ",",
        "k=20",
        ",",
        "NUM-TK",
        ",",
        "NUM-TK",
        ",",
        "m=750",
        ",",
        "n=1500",
        ")",
        "."
      ]
    },
    "2-2-advanced-euqation-bracket": {
      "caption": "in the case b \u2264 \ud835\udefc efficiency of the search algorithm increases when the number of topics k increases BRACKET-TK .",
      "sentence": [
        "in the case b \u2264 \ud835\udefc efficiency of the search algorithm increases when the number of topics k increases BRACKET-TK ."
      ],
      "tokens": [
        "in",
        "the",
        "case",
        "b",
        "\u2264",
        "\ud835\udefc",
        "efficiency",
        "of",
        "the",
        "search",
        "algorithm",
        "increases",
        "when",
        "the",
        "number",
        "of",
        "topics",
        "k",
        "increases",
        "BRACKET-TK",
        "."
      ]
    }
  }
}