{
  "contains-subfigure": false,
  "Img-text": [],
  "paper-ID": "1001.2665v1",
  "figure-ID": "1001.2665v1-Figure7-1.png",
  "figure-type": "Graph Plot",
  "0-originally-extracted": "Fig. 7. The ROC curve - false positive rate vs. true positive rate. The percentages represent the threshold used.",
  "1-lowercase-and-token-and-remove-figure-index": {
    "caption": "the roc curve - false positive rate vs. true positive rate . the percentages represent the threshold used .",
    "sentence": [
      "the roc curve - false positive rate vs. true positive rate .",
      "the percentages represent the threshold used ."
    ],
    "token": [
      "the",
      "roc",
      "curve",
      "-",
      "false",
      "positive",
      "rate",
      "vs.",
      "true",
      "positive",
      "rate",
      ".",
      "the",
      "percentages",
      "represent",
      "the",
      "threshold",
      "used",
      "."
    ]
  },
  "2-normalized": {
    "2-1-basic-num": {
      "caption": "the roc curve - false positive rate vs. true positive rate . the percentages represent the threshold used .",
      "sentence": [
        "the roc curve - false positive rate vs. true positive rate .",
        "the percentages represent the threshold used ."
      ],
      "token": [
        "the",
        "roc",
        "curve",
        "-",
        "false",
        "positive",
        "rate",
        "vs.",
        "true",
        "positive",
        "rate",
        ".",
        "the",
        "percentages",
        "represent",
        "the",
        "threshold",
        "used",
        "."
      ]
    },
    "2-2-advanced-euqation-bracket": {
      "caption": "the roc curve - false positive rate vs. true positive rate . the percentages represent the threshold used .",
      "sentence": [
        "the roc curve - false positive rate vs. true positive rate .",
        "the percentages represent the threshold used ."
      ],
      "tokens": [
        "the",
        "roc",
        "curve",
        "-",
        "false",
        "positive",
        "rate",
        "vs.",
        "true",
        "positive",
        "rate",
        ".",
        "the",
        "percentages",
        "represent",
        "the",
        "threshold",
        "used",
        "."
      ]
    }
  }
}