{
  "contains-subfigure": false,
  "Img-text": [],
  "paper-ID": "1001.0069v1",
  "figure-ID": "1001.0069v1-Figure6-1.png",
  "figure-type": "Graph Plot",
  "0-originally-extracted": "Figure 6. Power penalty upper bound of carrier phase and frequency synchronization errors",
  "1-lowercase-and-token-and-remove-figure-index": {
    "caption": "power penalty upper bound of carrier phase and frequency synchronization errors .",
    "sentence": [
      "power penalty upper bound of carrier phase and frequency synchronization errors ."
    ],
    "token": [
      "power",
      "penalty",
      "upper",
      "bound",
      "of",
      "carrier",
      "phase",
      "and",
      "frequency",
      "synchronization",
      "errors",
      "."
    ]
  },
  "2-normalized": {
    "2-1-basic-num": {
      "caption": "power penalty upper bound of carrier phase and frequency synchronization errors .",
      "sentence": [
        "power penalty upper bound of carrier phase and frequency synchronization errors ."
      ],
      "token": [
        "power",
        "penalty",
        "upper",
        "bound",
        "of",
        "carrier",
        "phase",
        "and",
        "frequency",
        "synchronization",
        "errors",
        "."
      ]
    },
    "2-2-advanced-euqation-bracket": {
      "caption": "power penalty upper bound of carrier phase and frequency synchronization errors .",
      "sentence": [
        "power penalty upper bound of carrier phase and frequency synchronization errors ."
      ],
      "tokens": [
        "power",
        "penalty",
        "upper",
        "bound",
        "of",
        "carrier",
        "phase",
        "and",
        "frequency",
        "synchronization",
        "errors",
        "."
      ]
    }
  }
}