{
  "contains-subfigure": false,
  "Img-text": [
    "Non-colluding,",
    "\u03bbe",
    "=",
    "0.1m\u22122",
    "Non-colluding,",
    "\u03bbe",
    "=",
    "0.2m\u22122",
    "Colluding,",
    "\u03bbe",
    "=",
    "0.1m\u22122",
    "Colluding,",
    "\u03bbe",
    "=",
    "0.2m\u22122",
    "secrecy",
    "rate",
    "\u033a",
    "(bits)",
    "p",
    "o",
    "u",
    "ta",
    "ge",
    "(\u033a",
    ")",
    "1",
    "0.9",
    "0.8",
    "0.7",
    "0.6",
    "0.5",
    "0.4",
    "0.3",
    "0.2",
    "0.1",
    "0",
    "0.5",
    "1",
    "1.5",
    "2",
    "2.5",
    "3",
    "3.5",
    "4",
    "0"
  ],
  "paper-ID": "1001.3697v1",
  "figure-ID": "1001.3697v1-Figure19-1.png",
  "figure-type": "Graph Plot",
  "0-originally-extracted": "Figure 19. Probabilitypoutage of secrecy outage for the cases of colluding and non-colluding eavesdroppers, and various densities\u03bbe of eavesdroppers (b = 2, P\u2113/\u03c32 = 10, r\u2113 = 1m). The vertical line marks the capacity of the legitimate link, which for these system parameters isR \u2113 = 3.46 bits/complex dimension.",
  "1-lowercase-and-token-and-remove-figure-index": {
    "caption": "probabilitypoutage of secrecy outage for the cases of colluding and non-colluding eavesdroppers , and various densities\u03bbe of eavesdroppers ( b = 2 , p\u2113/\u03c32 = 10 , r\u2113 = 1m ) . the vertical line marks the capacity of the legitimate link , which for these system parameters isr \u2113 = 3.46 bits/complex dimension .",
    "sentence": [
      "probabilitypoutage of secrecy outage for the cases of colluding and non-colluding eavesdroppers , and various densities\u03bbe of eavesdroppers ( b = 2 , p\u2113/\u03c32 = 10 , r\u2113 = 1m ) .",
      "the vertical line marks the capacity of the legitimate link , which for these system parameters isr \u2113 = 3.46 bits/complex dimension ."
    ],
    "token": [
      "probabilitypoutage",
      "of",
      "secrecy",
      "outage",
      "for",
      "the",
      "cases",
      "of",
      "colluding",
      "and",
      "non-colluding",
      "eavesdroppers",
      ",",
      "and",
      "various",
      "densities\u03bbe",
      "of",
      "eavesdroppers",
      "(",
      "b",
      "=",
      "2",
      ",",
      "p\u2113/\u03c32",
      "=",
      "10",
      ",",
      "r\u2113",
      "=",
      "1m",
      ")",
      ".",
      "the",
      "vertical",
      "line",
      "marks",
      "the",
      "capacity",
      "of",
      "the",
      "legitimate",
      "link",
      ",",
      "which",
      "for",
      "these",
      "system",
      "parameters",
      "isr",
      "\u2113",
      "=",
      "3.46",
      "bits/complex",
      "dimension",
      "."
    ]
  },
  "2-normalized": {
    "2-1-basic-num": {
      "caption": "probabilitypoutage of secrecy outage for the cases of colluding and non-colluding eavesdroppers , and various densities\u03bbe of eavesdroppers ( b = NUM-TK , p\u2113/\u03c32 = NUM-TK , r\u2113 = NUM-TK ) . the vertical line marks the capacity of the legitimate link , which for these system parameters isr \u2113 = NUM-TK bits/complex dimension .",
      "sentence": [
        "probabilitypoutage of secrecy outage for the cases of colluding and non-colluding eavesdroppers , and various densities\u03bbe of eavesdroppers ( b = NUM-TK , p\u2113/\u03c32 = NUM-TK , r\u2113 = NUM-TK ) .",
        "the vertical line marks the capacity of the legitimate link , which for these system parameters isr \u2113 = NUM-TK bits/complex dimension ."
      ],
      "token": [
        "probabilitypoutage",
        "of",
        "secrecy",
        "outage",
        "for",
        "the",
        "cases",
        "of",
        "colluding",
        "and",
        "non-colluding",
        "eavesdroppers",
        ",",
        "and",
        "various",
        "densities\u03bbe",
        "of",
        "eavesdroppers",
        "(",
        "b",
        "=",
        "NUM-TK",
        ",",
        "p\u2113/\u03c32",
        "=",
        "NUM-TK",
        ",",
        "r\u2113",
        "=",
        "NUM-TK",
        ")",
        ".",
        "the",
        "vertical",
        "line",
        "marks",
        "the",
        "capacity",
        "of",
        "the",
        "legitimate",
        "link",
        ",",
        "which",
        "for",
        "these",
        "system",
        "parameters",
        "isr",
        "\u2113",
        "=",
        "NUM-TK",
        "bits/complex",
        "dimension",
        "."
      ]
    },
    "2-2-advanced-euqation-bracket": {
      "caption": "probabilitypoutage of secrecy outage for the cases of colluding and non-colluding eavesdroppers , and various densities\u03bbe of eavesdroppers BRACKET-TK . the vertical line marks the capacity of the legitimate link , which for these system parameters isr EQUAT-TK bits/complex dimension .",
      "sentence": [
        "probabilitypoutage of secrecy outage for the cases of colluding and non-colluding eavesdroppers , and various densities\u03bbe of eavesdroppers BRACKET-TK .",
        "the vertical line marks the capacity of the legitimate link , which for these system parameters isr EQUAT-TK bits/complex dimension ."
      ],
      "tokens": [
        "probabilitypoutage",
        "of",
        "secrecy",
        "outage",
        "for",
        "the",
        "cases",
        "of",
        "colluding",
        "and",
        "non-colluding",
        "eavesdroppers",
        ",",
        "and",
        "various",
        "densities\u03bbe",
        "of",
        "eavesdroppers",
        "BRACKET-TK",
        ".",
        "the",
        "vertical",
        "line",
        "marks",
        "the",
        "capacity",
        "of",
        "the",
        "legitimate",
        "link",
        ",",
        "which",
        "for",
        "these",
        "system",
        "parameters",
        "isr",
        "EQUAT-TK",
        "bits/complex",
        "dimension",
        "."
      ]
    }
  }
}