{
  "contains-subfigure": false,
  "Img-text": [],
  "paper-ID": "1001.1603v1",
  "figure-ID": "1001.1603v1-Figure8-1.png",
  "figure-type": "Graph Plot",
  "0-originally-extracted": "Fig. 8. Comparison of the hard and soft decision performances at the FEC decoder output.",
  "1-lowercase-and-token-and-remove-figure-index": {
    "caption": "comparison of the hard and soft decision performances at the fec decoder output .",
    "sentence": [
      "comparison of the hard and soft decision performances at the fec decoder output ."
    ],
    "token": [
      "comparison",
      "of",
      "the",
      "hard",
      "and",
      "soft",
      "decision",
      "performances",
      "at",
      "the",
      "fec",
      "decoder",
      "output",
      "."
    ]
  },
  "2-normalized": {
    "2-1-basic-num": {
      "caption": "comparison of the hard and soft decision performances at the fec decoder output .",
      "sentence": [
        "comparison of the hard and soft decision performances at the fec decoder output ."
      ],
      "token": [
        "comparison",
        "of",
        "the",
        "hard",
        "and",
        "soft",
        "decision",
        "performances",
        "at",
        "the",
        "fec",
        "decoder",
        "output",
        "."
      ]
    },
    "2-2-advanced-euqation-bracket": {
      "caption": "comparison of the hard and soft decision performances at the fec decoder output .",
      "sentence": [
        "comparison of the hard and soft decision performances at the fec decoder output ."
      ],
      "tokens": [
        "comparison",
        "of",
        "the",
        "hard",
        "and",
        "soft",
        "decision",
        "performances",
        "at",
        "the",
        "fec",
        "decoder",
        "output",
        "."
      ]
    }
  }
}