{
  "contains-subfigure": false,
  "Img-text": [
    "[",
    "s]",
    "fs",
    "et",
    "e",
    "of",
    "T",
    "im",
    "Time",
    "[30s",
    "step]",
    "\u22123",
    "\u22126",
    "x",
    "10",
    "\u22126.5",
    "\u22127",
    "\u22127.5",
    "\u22128",
    "\u22128.5",
    "0",
    "5",
    "10",
    "15",
    "20",
    "25",
    "30",
    "\u22129"
  ],
  "paper-ID": "1001.0025v1",
  "figure-ID": "1001.0025v1-Figure6-1.png",
  "figure-type": "Graph Plot",
  "0-originally-extracted": "Figure 6: Clock offset for the ASHTECH Z-XII3T receiver, during a 900 sec period with no re-synchronization.",
  "1-lowercase-and-token-and-remove-figure-index": {
    "caption": "clock offset for the ashtech z-xii3t receiver , during a 900 sec period with no re-synchronization .",
    "sentence": [
      "clock offset for the ashtech z-xii3t receiver , during a 900 sec period with no re-synchronization ."
    ],
    "token": [
      "clock",
      "offset",
      "for",
      "the",
      "ashtech",
      "z-xii3t",
      "receiver",
      ",",
      "during",
      "a",
      "900",
      "sec",
      "period",
      "with",
      "no",
      "re-synchronization",
      "."
    ]
  },
  "2-normalized": {
    "2-1-basic-num": {
      "caption": "clock offset for the ashtech z-xii3t receiver , during a NUM-TK sec period with no re-synchronization .",
      "sentence": [
        "clock offset for the ashtech z-xii3t receiver , during a NUM-TK sec period with no re-synchronization ."
      ],
      "token": [
        "clock",
        "offset",
        "for",
        "the",
        "ashtech",
        "z-xii3t",
        "receiver",
        ",",
        "during",
        "a",
        "NUM-TK",
        "sec",
        "period",
        "with",
        "no",
        "re-synchronization",
        "."
      ]
    },
    "2-2-advanced-euqation-bracket": {
      "caption": "clock offset for the ashtech z-xii3t receiver , during a NUM sec period with no re-synchronization .",
      "sentence": [
        "clock offset for the ashtech z-xii3t receiver , during a NUM sec period with no re-synchronization ."
      ],
      "tokens": [
        "clock",
        "offset",
        "for",
        "the",
        "ashtech",
        "z-xii3t",
        "receiver",
        ",",
        "during",
        "a",
        "NUM",
        "sec",
        "period",
        "with",
        "no",
        "re-synchronization",
        "."
      ]
    }
  }
}