{
  "contains-subfigure": false,
  "Img-text": [
    "LSH",
    "GA",
    "m",
    "e",
    "n",
    "ti",
    "ti",
    "o",
    "E",
    "x",
    "e",
    "c",
    "u",
    "Number",
    "of",
    "tasks",
    "0",
    "50",
    "100",
    "150",
    "250",
    "200",
    "150",
    "100",
    "50",
    "0",
    "Execution",
    "time",
    "Comparison"
  ],
  "paper-ID": "1001.1985v1",
  "figure-ID": "1001.1985v1-Figure3-1.png",
  "figure-type": "Graph Plot",
  "0-originally-extracted": "Fig 3 Task Vs Execution Time",
  "1-lowercase-and-token-and-remove-figure-index": {
    "caption": "task vs execution time .",
    "sentence": [
      "task vs execution time ."
    ],
    "token": [
      "task",
      "vs",
      "execution",
      "time",
      "."
    ]
  },
  "2-normalized": {
    "2-1-basic-num": {
      "caption": "task vs execution time .",
      "sentence": [
        "task vs execution time ."
      ],
      "token": [
        "task",
        "vs",
        "execution",
        "time",
        "."
      ]
    },
    "2-2-advanced-euqation-bracket": {
      "caption": "task vs execution time .",
      "sentence": [
        "task vs execution time ."
      ],
      "tokens": [
        "task",
        "vs",
        "execution",
        "time",
        "."
      ]
    }
  }
}