{
  "contains-subfigure": false,
  "Img-text": [
    "DPC",
    "(!=1)",
    "DPC",
    "(!\"#)",
    "Linear",
    "ZF",
    "\u2212",
    "Gaussian",
    "Input",
    "Linear",
    "ZF",
    "\u2212",
    "QPSK",
    "Input",
    "Nonlinear",
    "Precoding",
    "\u2212",
    "QPSK",
    "Input",
    "Nonlinear",
    "Precoding",
    "\u2212",
    "QPSK",
    "Input",
    "(CR)",
    "GTHP",
    "\u2212",
    "QPSK",
    "]",
    "en",
    "na",
    "A",
    "nt",
    "z/",
    "Tx",
    "c/",
    "H",
    "it/",
    "se",
    "C",
    "[b",
    "Eb/N0",
    "[dB]",
    "8",
    "Spectral",
    "Efficiency",
    "(Optimum",
    "!)",
    "7",
    "6",
    "5",
    "4",
    "3",
    "2",
    "1",
    "\u22122",
    "0",
    "2",
    "4",
    "6",
    "8",
    "10",
    "12",
    "14",
    "0"
  ],
  "paper-ID": "1001.3790v3",
  "figure-ID": "1001.3790v3-Figure11-1.png",
  "figure-type": "Graph Plot",
  "0-originally-extracted": "Figure 11: Spectral efficiency results optimized with respect to the load \u03b1.",
  "1-lowercase-and-token-and-remove-figure-index": {
    "caption": "spectral efficiency results optimized with respect to the load \u03b1 .",
    "sentence": [
      "spectral efficiency results optimized with respect to the load \u03b1 ."
    ],
    "token": [
      "spectral",
      "efficiency",
      "results",
      "optimized",
      "with",
      "respect",
      "to",
      "the",
      "load",
      "\u03b1",
      "."
    ]
  },
  "2-normalized": {
    "2-1-basic-num": {
      "caption": "spectral efficiency results optimized with respect to the load \u03b1 .",
      "sentence": [
        "spectral efficiency results optimized with respect to the load \u03b1 ."
      ],
      "token": [
        "spectral",
        "efficiency",
        "results",
        "optimized",
        "with",
        "respect",
        "to",
        "the",
        "load",
        "\u03b1",
        "."
      ]
    },
    "2-2-advanced-euqation-bracket": {
      "caption": "spectral efficiency results optimized with respect to the load \u03b1 .",
      "sentence": [
        "spectral efficiency results optimized with respect to the load \u03b1 ."
      ],
      "tokens": [
        "spectral",
        "efficiency",
        "results",
        "optimized",
        "with",
        "respect",
        "to",
        "the",
        "load",
        "\u03b1",
        "."
      ]
    }
  }
}