{
  "contains-subfigure": false,
  "Img-text": [
    "4-point",
    "DCT-III",
    "2-point",
    "DCT-II4-point",
    "DCT-II",
    "2-point",
    "DCT-III",
    "2-point",
    "DCT-III",
    "2-point",
    "DCT-II",
    "3",
    "2",
    "1",
    "0",
    "0",
    "1",
    "1",
    "22",
    "3",
    "82cos",
    "\u03c0",
    "82cos",
    "\u03c0",
    "2",
    "7",
    "162cos",
    "\u03c0",
    "5",
    "162cos",
    "\u03c0",
    "3",
    "162cos",
    "\u03c0",
    "2cos\u03c0",
    "1",
    "2",
    "16",
    "6x",
    "7x",
    "1",
    "32",
    "X",
    "1",
    "72",
    "X",
    "1",
    "12",
    "X",
    "1",
    "52",
    "X",
    "4x",
    "5x",
    "1",
    "2",
    "2",
    "2x",
    "3x",
    "3",
    "82cos",
    "\u03c0",
    "82cos",
    "\u03c0",
    "1",
    "42",
    "X",
    "1",
    "62",
    "X",
    "X2",
    "1",
    "02",
    "1",
    "22",
    "X",
    "8",
    "0x",
    "1x"
  ],
  "paper-ID": "1001.3713v1",
  "figure-ID": "1001.3713v1-Figure3-1.png",
  "figure-type": "Graph Plot",
  "0-originally-extracted": "Fig. 3. DCT-II of lengthsN = 2m (m = 1, 2, 3) factorized by our algorithm. Dashed arrows show factors that can be merged.",
  "1-lowercase-and-token-and-remove-figure-index": {
    "caption": "dct-ii of lengthsn = 2m ( m = 1 , 2 , ) factorized by our algorithm . dashed arrows show factors that can be merged .",
    "sentence": [
      "dct-ii of lengthsn = 2m ( m = 1 , 2 , ) factorized by our algorithm .",
      "dashed arrows show factors that can be merged ."
    ],
    "token": [
      "dct-ii",
      "of",
      "lengthsn",
      "=",
      "2m",
      "(",
      "m",
      "=",
      "1",
      ",",
      "2",
      ",",
      ")",
      "factorized",
      "by",
      "our",
      "algorithm",
      ".",
      "dashed",
      "arrows",
      "show",
      "factors",
      "that",
      "can",
      "be",
      "merged",
      "."
    ]
  },
  "2-normalized": {
    "2-1-basic-num": {
      "caption": "dct-ii of lengthsn = NUM-TK ( m = NUM-TK , NUM-TK , ) factorized by our algorithm . dashed arrows show factors that can be merged .",
      "sentence": [
        "dct-ii of lengthsn = NUM-TK ( m = NUM-TK , NUM-TK , ) factorized by our algorithm .",
        "dashed arrows show factors that can be merged ."
      ],
      "token": [
        "dct-ii",
        "of",
        "lengthsn",
        "=",
        "NUM-TK",
        "(",
        "m",
        "=",
        "NUM-TK",
        ",",
        "NUM-TK",
        ",",
        ")",
        "factorized",
        "by",
        "our",
        "algorithm",
        ".",
        "dashed",
        "arrows",
        "show",
        "factors",
        "that",
        "can",
        "be",
        "merged",
        "."
      ]
    },
    "2-2-advanced-euqation-bracket": {
      "caption": "dct-ii of EQUAT-TK BRACKET-TK factorized by our algorithm . dashed arrows show factors that can be merged .",
      "sentence": [
        "dct-ii of EQUAT-TK BRACKET-TK factorized by our algorithm .",
        "dashed arrows show factors that can be merged ."
      ],
      "tokens": [
        "dct-ii",
        "of",
        "EQUAT-TK",
        "BRACKET-TK",
        "factorized",
        "by",
        "our",
        "algorithm",
        ".",
        "dashed",
        "arrows",
        "show",
        "factors",
        "that",
        "can",
        "be",
        "merged",
        "."
      ]
    }
  }
}