{
  "contains-subfigure": false,
  "Img-text": [
    "N=102",
    "N=103",
    "N=104",
    "AvgDist:",
    "Synthetic",
    "dataset,",
    "k=1",
    "log10",
    "T",
    "(s",
    ")",
    "m",
    "e",
    "ld",
    "ti",
    "B",
    "ui",
    "2",
    "2.5",
    "3",
    "3.5",
    "4",
    "4.5",
    "5",
    "5.5",
    "6",
    "25",
    "20",
    "15",
    "10",
    "5",
    "0"
  ],
  "paper-ID": "1001.2625v2",
  "figure-ID": "1001.2625v2-Figure16-1.png",
  "figure-type": "Graph Plot",
  "0-originally-extracted": "Figure 16: Effect ofT on Build phase of AvgDist.",
  "1-lowercase-and-token-and-remove-figure-index": {
    "caption": "effect oft on build phase of avgdist .",
    "sentence": [
      "effect oft on build phase of avgdist ."
    ],
    "token": [
      "effect",
      "oft",
      "on",
      "build",
      "phase",
      "of",
      "avgdist",
      "."
    ]
  },
  "2-normalized": {
    "2-1-basic-num": {
      "caption": "effect oft on build phase of avgdist .",
      "sentence": [
        "effect oft on build phase of avgdist ."
      ],
      "token": [
        "effect",
        "oft",
        "on",
        "build",
        "phase",
        "of",
        "avgdist",
        "."
      ]
    },
    "2-2-advanced-euqation-bracket": {
      "caption": "effect oft on build phase of avgdist .",
      "sentence": [
        "effect oft on build phase of avgdist ."
      ],
      "tokens": [
        "effect",
        "oft",
        "on",
        "build",
        "phase",
        "of",
        "avgdist",
        "."
      ]
    }
  }
}