{
  "contains-subfigure": false,
  "Img-text": [
    "Random",
    "Selection",
    "(RS)",
    "based",
    "technique",
    "Positioning",
    "Information",
    "(PI)",
    "based",
    "technique",
    "Alamouti-PI",
    "Golden-PI",
    "3D-PI",
    "Alamouti-RS",
    "Golden-RS",
    "3D-RS",
    "n",
    "at",
    "io",
    "es",
    "tin",
    "he",
    "d",
    "a",
    "t",
    "t",
    "B",
    "E",
    "R",
    "Number",
    "of",
    "competitive",
    "relays",
    "10",
    "-3",
    "10",
    "-4",
    "-5",
    "50",
    "100",
    "150",
    "200",
    "250",
    "300",
    "350",
    "400",
    "450",
    "500",
    "10"
  ],
  "paper-ID": "1001.3395v1",
  "figure-ID": "1001.3395v1-Figure5-1.png",
  "figure-type": "Graph Plot",
  "0-originally-extracted": "Figure 5- BER measured at the destination, transmitted power Ps= 2dB, \u03b7= 4 b/s/Hz",
  "1-lowercase-and-token-and-remove-figure-index": {
    "caption": "ber measured at the destination , transmitted power ps= 2db , \u03b7= 4 b/s/hz .",
    "sentence": [
      "ber measured at the destination , transmitted power ps= 2db , \u03b7= 4 b/s/hz ."
    ],
    "token": [
      "ber",
      "measured",
      "at",
      "the",
      "destination",
      ",",
      "transmitted",
      "power",
      "ps=",
      "2db",
      ",",
      "\u03b7=",
      "4",
      "b/s/hz",
      "."
    ]
  },
  "2-normalized": {
    "2-1-basic-num": {
      "caption": "ber measured at the destination , transmitted power ps= NUM-TK , \u03b7= NUM-TK b/s/hz .",
      "sentence": [
        "ber measured at the destination , transmitted power ps= NUM-TK , \u03b7= NUM-TK b/s/hz ."
      ],
      "token": [
        "ber",
        "measured",
        "at",
        "the",
        "destination",
        ",",
        "transmitted",
        "power",
        "ps=",
        "NUM-TK",
        ",",
        "\u03b7=",
        "NUM-TK",
        "b/s/hz",
        "."
      ]
    },
    "2-2-advanced-euqation-bracket": {
      "caption": "ber measured at the destination , transmitted power ps= NUM , \u03b7= NUM b/s/hz .",
      "sentence": [
        "ber measured at the destination , transmitted power ps= NUM , \u03b7= NUM b/s/hz ."
      ],
      "tokens": [
        "ber",
        "measured",
        "at",
        "the",
        "destination",
        ",",
        "transmitted",
        "power",
        "ps=",
        "NUM",
        ",",
        "\u03b7=",
        "NUM",
        "b/s/hz",
        "."
      ]
    }
  }
}