{
  "contains-subfigure": false,
  "Img-text": [],
  "paper-ID": "1001.2569v1",
  "figure-ID": "1001.2569v1-Figure6-1.png",
  "figure-type": "Graph Plot",
  "0-originally-extracted": "Fig. 6. The time it takes for a single node joining a public overlay and then a private overlay. Since the public overlay size is the same in all tests, we averaged all results together for the individual evaluations. The format for the legend is defined using the following convention: EnvironmetOverlay, where the environment is PlanetLab, Simulator, or (Network) Modeler and overlay is Base for public overlay, No for no security private overlay, nd Sec for security enabled private overlay. ModBase is network modeler Public overlay connection time. SimSec is simulator security enabled private overlay.",
  "1-lowercase-and-token-and-remove-figure-index": {
    "caption": "the time it takes for a single node joining a public overlay and then a private overlay . since the public overlay size is the same in all tests , we averaged all results together for the individual evaluations . the format for the legend is defined using the following convention : environmetoverlay , where the environment is planetlab , simulator , or ( network ) modeler and overlay is base for public overlay , no for no security private overlay , nd sec for security enabled private overlay . modbase is network modeler public overlay connection time . simsec is simulator security enabled private overlay .",
    "sentence": [
      "the time it takes for a single node joining a public overlay and then a private overlay .",
      "since the public overlay size is the same in all tests , we averaged all results together for the individual evaluations .",
      "the format for the legend is defined using the following convention : environmetoverlay , where the environment is planetlab , simulator , or ( network ) modeler and overlay is base for public overlay , no for no security private overlay , nd sec for security enabled private overlay .",
      "modbase is network modeler public overlay connection time .",
      "simsec is simulator security enabled private overlay ."
    ],
    "token": [
      "the",
      "time",
      "it",
      "takes",
      "for",
      "a",
      "single",
      "node",
      "joining",
      "a",
      "public",
      "overlay",
      "and",
      "then",
      "a",
      "private",
      "overlay",
      ".",
      "since",
      "the",
      "public",
      "overlay",
      "size",
      "is",
      "the",
      "same",
      "in",
      "all",
      "tests",
      ",",
      "we",
      "averaged",
      "all",
      "results",
      "together",
      "for",
      "the",
      "individual",
      "evaluations",
      ".",
      "the",
      "format",
      "for",
      "the",
      "legend",
      "is",
      "defined",
      "using",
      "the",
      "following",
      "convention",
      ":",
      "environmetoverlay",
      ",",
      "where",
      "the",
      "environment",
      "is",
      "planetlab",
      ",",
      "simulator",
      ",",
      "or",
      "(",
      "network",
      ")",
      "modeler",
      "and",
      "overlay",
      "is",
      "base",
      "for",
      "public",
      "overlay",
      ",",
      "no",
      "for",
      "no",
      "security",
      "private",
      "overlay",
      ",",
      "nd",
      "sec",
      "for",
      "security",
      "enabled",
      "private",
      "overlay",
      ".",
      "modbase",
      "is",
      "network",
      "modeler",
      "public",
      "overlay",
      "connection",
      "time",
      ".",
      "simsec",
      "is",
      "simulator",
      "security",
      "enabled",
      "private",
      "overlay",
      "."
    ]
  },
  "2-normalized": {
    "2-1-basic-num": {
      "caption": "the time it takes for a single node joining a public overlay and then a private overlay . since the public overlay size is the same in all tests , we averaged all results together for the individual evaluations . the format for the legend is defined using the following convention : environmetoverlay , where the environment is planetlab , simulator , or ( network ) modeler and overlay is base for public overlay , no for no security private overlay , nd sec for security enabled private overlay . modbase is network modeler public overlay connection time . simsec is simulator security enabled private overlay .",
      "sentence": [
        "the time it takes for a single node joining a public overlay and then a private overlay .",
        "since the public overlay size is the same in all tests , we averaged all results together for the individual evaluations .",
        "the format for the legend is defined using the following convention : environmetoverlay , where the environment is planetlab , simulator , or ( network ) modeler and overlay is base for public overlay , no for no security private overlay , nd sec for security enabled private overlay .",
        "modbase is network modeler public overlay connection time .",
        "simsec is simulator security enabled private overlay ."
      ],
      "token": [
        "the",
        "time",
        "it",
        "takes",
        "for",
        "a",
        "single",
        "node",
        "joining",
        "a",
        "public",
        "overlay",
        "and",
        "then",
        "a",
        "private",
        "overlay",
        ".",
        "since",
        "the",
        "public",
        "overlay",
        "size",
        "is",
        "the",
        "same",
        "in",
        "all",
        "tests",
        ",",
        "we",
        "averaged",
        "all",
        "results",
        "together",
        "for",
        "the",
        "individual",
        "evaluations",
        ".",
        "the",
        "format",
        "for",
        "the",
        "legend",
        "is",
        "defined",
        "using",
        "the",
        "following",
        "convention",
        ":",
        "environmetoverlay",
        ",",
        "where",
        "the",
        "environment",
        "is",
        "planetlab",
        ",",
        "simulator",
        ",",
        "or",
        "(",
        "network",
        ")",
        "modeler",
        "and",
        "overlay",
        "is",
        "base",
        "for",
        "public",
        "overlay",
        ",",
        "no",
        "for",
        "no",
        "security",
        "private",
        "overlay",
        ",",
        "nd",
        "sec",
        "for",
        "security",
        "enabled",
        "private",
        "overlay",
        ".",
        "modbase",
        "is",
        "network",
        "modeler",
        "public",
        "overlay",
        "connection",
        "time",
        ".",
        "simsec",
        "is",
        "simulator",
        "security",
        "enabled",
        "private",
        "overlay",
        "."
      ]
    },
    "2-2-advanced-euqation-bracket": {
      "caption": "the time it takes for a single node joining a public overlay and then a private overlay . since the public overlay size is the same in all tests , we averaged all results together for the individual evaluations . the format for the legend is defined using the following convention : environmetoverlay , where the environment is planetlab , simulator , or BRACKET-TK modeler and overlay is base for public overlay , no for no security private overlay , nd sec for security enabled private overlay . modbase is network modeler public overlay connection time . simsec is simulator security enabled private overlay .",
      "sentence": [
        "the time it takes for a single node joining a public overlay and then a private overlay .",
        "since the public overlay size is the same in all tests , we averaged all results together for the individual evaluations .",
        "the format for the legend is defined using the following convention : environmetoverlay , where the environment is planetlab , simulator , or BRACKET-TK modeler and overlay is base for public overlay , no for no security private overlay , nd sec for security enabled private overlay .",
        "modbase is network modeler public overlay connection time .",
        "simsec is simulator security enabled private overlay ."
      ],
      "tokens": [
        "the",
        "time",
        "it",
        "takes",
        "for",
        "a",
        "single",
        "node",
        "joining",
        "a",
        "public",
        "overlay",
        "and",
        "then",
        "a",
        "private",
        "overlay",
        ".",
        "since",
        "the",
        "public",
        "overlay",
        "size",
        "is",
        "the",
        "same",
        "in",
        "all",
        "tests",
        ",",
        "we",
        "averaged",
        "all",
        "results",
        "together",
        "for",
        "the",
        "individual",
        "evaluations",
        ".",
        "the",
        "format",
        "for",
        "the",
        "legend",
        "is",
        "defined",
        "using",
        "the",
        "following",
        "convention",
        ":",
        "environmetoverlay",
        ",",
        "where",
        "the",
        "environment",
        "is",
        "planetlab",
        ",",
        "simulator",
        ",",
        "or",
        "BRACKET-TK",
        "modeler",
        "and",
        "overlay",
        "is",
        "base",
        "for",
        "public",
        "overlay",
        ",",
        "no",
        "for",
        "no",
        "security",
        "private",
        "overlay",
        ",",
        "nd",
        "sec",
        "for",
        "security",
        "enabled",
        "private",
        "overlay",
        ".",
        "modbase",
        "is",
        "network",
        "modeler",
        "public",
        "overlay",
        "connection",
        "time",
        ".",
        "simsec",
        "is",
        "simulator",
        "security",
        "enabled",
        "private",
        "overlay",
        "."
      ]
    }
  }
}