{
  "contains-subfigure": false,
  "Img-text": [
    "L=128",
    "L=64",
    "L=32",
    "Simulations",
    "Analatical",
    "ExpressionL=16",
    "}",
    "E",
    "{T",
    "ria",
    "ls",
    "of",
    "T",
    "be",
    "r",
    "N",
    "um",
    "ra",
    "ge",
    "A",
    "ve",
    "\u03b7",
    "thr",
    "[dB]",
    "10",
    "3",
    "10",
    "2",
    "10",
    "1",
    "0",
    "\u221215",
    "\u221210",
    "\u22125",
    "0",
    "5",
    "10",
    "10"
  ],
  "paper-ID": "1001.3193v1",
  "figure-ID": "1001.3193v1-Figure6-1.png",
  "figure-type": "Graph Plot",
  "0-originally-extracted": "Fig. 6. Average number of trialsE {T} versus threshold\u03b7thr: M = 512, N = 256, \u03d50 = 0o, and\u03d51 = 65o.",
  "1-lowercase-and-token-and-remove-figure-index": {
    "caption": "average number of trialse { t } versus threshold\u03b7thr : m = 512 , n = 25 , \u03d50 = 0o , and\u03d51 = 5o .",
    "sentence": [
      "average number of trialse { t } versus threshold\u03b7thr : m = 512 , n = 25 , \u03d50 = 0o , and\u03d51 = 5o ."
    ],
    "token": [
      "average",
      "number",
      "of",
      "trialse",
      "{",
      "t",
      "}",
      "versus",
      "threshold\u03b7thr",
      ":",
      "m",
      "=",
      "512",
      ",",
      "n",
      "=",
      "25",
      ",",
      "\u03d50",
      "=",
      "0o",
      ",",
      "and\u03d51",
      "=",
      "5o",
      "."
    ]
  },
  "2-normalized": {
    "2-1-basic-num": {
      "caption": "average number of trialse { t } versus threshold\u03b7thr : m = NUM-TK , n = NUM-TK , \u03d50 = NUM-TK , and\u03d51 = NUM-TK .",
      "sentence": [
        "average number of trialse { t } versus threshold\u03b7thr : m = NUM-TK , n = NUM-TK , \u03d50 = NUM-TK , and\u03d51 = NUM-TK ."
      ],
      "token": [
        "average",
        "number",
        "of",
        "trialse",
        "{",
        "t",
        "}",
        "versus",
        "threshold\u03b7thr",
        ":",
        "m",
        "=",
        "NUM-TK",
        ",",
        "n",
        "=",
        "NUM-TK",
        ",",
        "\u03d50",
        "=",
        "NUM-TK",
        ",",
        "and\u03d51",
        "=",
        "NUM-TK",
        "."
      ]
    },
    "2-2-advanced-euqation-bracket": {
      "caption": "average number of trialse BRACKET-TK versus threshold\u03b7thr : EQUAT-TK , EQUAT-TK , \u03d50 = NUM , and\u03d51 = NUM .",
      "sentence": [
        "average number of trialse BRACKET-TK versus threshold\u03b7thr : EQUAT-TK , EQUAT-TK , \u03d50 = NUM , and\u03d51 = NUM ."
      ],
      "tokens": [
        "average",
        "number",
        "of",
        "trialse",
        "BRACKET-TK",
        "versus",
        "threshold\u03b7thr",
        ":",
        "EQUAT-TK",
        ",",
        "EQUAT-TK",
        ",",
        "\u03d50",
        "=",
        "NUM",
        ",",
        "and\u03d51",
        "=",
        "NUM",
        "."
      ]
    }
  }
}