{
  "contains-subfigure": false,
  "Img-text": [
    "w/o",
    "network",
    "MIMO",
    "perfect",
    "CSIT",
    "M=4equal",
    "power",
    "M=2",
    "\u03b3",
    "=[3",
    "1]",
    "bit/ch.use",
    "statistical",
    "CSIT",
    "ty",
    "ab",
    "ili",
    "pr",
    "ob",
    "ag",
    "e",
    "O",
    "ut",
    "SNR",
    "per",
    "BS",
    "[dB]",
    "100",
    "10\u22121",
    "10\u22122",
    "10\u22123",
    "10\u22124",
    "5",
    "10",
    "15",
    "20",
    "2510",
    "\u22125"
  ],
  "paper-ID": "1001.2421v1",
  "figure-ID": "1001.2421v1-Figure5-1.png",
  "figure-type": "Graph Plot",
  "0-originally-extracted": "Fig. 5. Outage probability vs. SNR withB = K = 2 andM = 2, 4.",
  "1-lowercase-and-token-and-remove-figure-index": {
    "caption": "outage probability vs. snr withb = k = 2 andm = 2 , 4 .",
    "sentence": [
      "outage probability vs. snr withb = k = 2 andm = 2 , 4 ."
    ],
    "token": [
      "outage",
      "probability",
      "vs.",
      "snr",
      "withb",
      "=",
      "k",
      "=",
      "2",
      "andm",
      "=",
      "2",
      ",",
      "4",
      "."
    ]
  },
  "2-normalized": {
    "2-1-basic-num": {
      "caption": "outage probability vs. snr withb = k = NUM-TK andm = NUM-TK , NUM-TK .",
      "sentence": [
        "outage probability vs. snr withb = k = NUM-TK andm = NUM-TK , NUM-TK ."
      ],
      "token": [
        "outage",
        "probability",
        "vs.",
        "snr",
        "withb",
        "=",
        "k",
        "=",
        "NUM-TK",
        "andm",
        "=",
        "NUM-TK",
        ",",
        "NUM-TK",
        "."
      ]
    },
    "2-2-advanced-euqation-bracket": {
      "caption": "outage probability vs. snr withb = EQUAT-TK EQUAT-TK , NUM .",
      "sentence": [
        "outage probability vs. snr withb = EQUAT-TK EQUAT-TK , NUM ."
      ],
      "tokens": [
        "outage",
        "probability",
        "vs.",
        "snr",
        "withb",
        "=",
        "EQUAT-TK",
        "EQUAT-TK",
        ",",
        "NUM",
        "."
      ]
    }
  }
}