{
  "contains-subfigure": false,
  "Img-text": [
    "Coordinate",
    "beamforming",
    "limited",
    "feedback",
    "Proposed",
    "algo",
    "limited",
    "feedback",
    "Coordinate",
    "beamforming",
    "full",
    "CSIT",
    "Proposed",
    "algo",
    "full",
    "CSIT",
    "M=4,N=[4",
    "4],L=[1",
    "1],15",
    "bit",
    "per",
    "user",
    "R",
    "B",
    "E",
    "ra",
    "ge",
    "A",
    "ve",
    "SNR",
    "(in",
    "dB)",
    "10",
    "0",
    "10",
    "\u22121",
    "10",
    "\u22122",
    "10",
    "\u22123",
    "10",
    "\u22124",
    "10",
    "\u22125",
    "\u22126",
    "\u221210",
    "\u22128",
    "\u22126",
    "\u22124",
    "\u22122",
    "0",
    "2",
    "4",
    "6",
    "8",
    "10",
    "10"
  ],
  "paper-ID": "1001.2307v1",
  "figure-ID": "1001.2307v1-Figure5-1.png",
  "figure-type": "Graph Plot",
  "0-originally-extracted": "Fig. 5. Comparison with the coordinated beamformingM = 4, K = 2, Nk = 4, Lk = 1 \u2200k, B = 15, QPSK",
  "1-lowercase-and-token-and-remove-figure-index": {
    "caption": "comparison with the coordinated beamformingm = 4 , k = 2 , nk = 4 , lk = 1 \u2200k , b = 1 , qpsk .",
    "sentence": [
      "comparison with the coordinated beamformingm = 4 , k = 2 , nk = 4 , lk = 1 \u2200k , b = 1 , qpsk ."
    ],
    "token": [
      "comparison",
      "with",
      "the",
      "coordinated",
      "beamformingm",
      "=",
      "4",
      ",",
      "k",
      "=",
      "2",
      ",",
      "nk",
      "=",
      "4",
      ",",
      "lk",
      "=",
      "1",
      "\u2200k",
      ",",
      "b",
      "=",
      "1",
      ",",
      "qpsk",
      "."
    ]
  },
  "2-normalized": {
    "2-1-basic-num": {
      "caption": "comparison with the coordinated beamformingm = NUM-TK , k = NUM-TK , nk = NUM-TK , lk = NUM-TK \u2200k , b = NUM-TK , qpsk .",
      "sentence": [
        "comparison with the coordinated beamformingm = NUM-TK , k = NUM-TK , nk = NUM-TK , lk = NUM-TK \u2200k , b = NUM-TK , qpsk ."
      ],
      "token": [
        "comparison",
        "with",
        "the",
        "coordinated",
        "beamformingm",
        "=",
        "NUM-TK",
        ",",
        "k",
        "=",
        "NUM-TK",
        ",",
        "nk",
        "=",
        "NUM-TK",
        ",",
        "lk",
        "=",
        "NUM-TK",
        "\u2200k",
        ",",
        "b",
        "=",
        "NUM-TK",
        ",",
        "qpsk",
        "."
      ]
    },
    "2-2-advanced-euqation-bracket": {
      "caption": "comparison with the coordinated EQUAT-TK , EQUAT-TK , nEQUAT-TK , lEQUAT-TK \u2200k , EQUAT-TK , qpsk .",
      "sentence": [
        "comparison with the coordinated EQUAT-TK , EQUAT-TK , nEQUAT-TK , lEQUAT-TK \u2200k , EQUAT-TK , qpsk ."
      ],
      "tokens": [
        "comparison",
        "with",
        "the",
        "coordinated",
        "EQUAT-TK",
        ",",
        "EQUAT-TK",
        ",",
        "nEQUAT-TK",
        ",",
        "lEQUAT-TK",
        "\u2200k",
        ",",
        "EQUAT-TK",
        ",",
        "qpsk",
        "."
      ]
    }
  }
}