{
  "contains-subfigure": false,
  "Img-text": [
    "\u2126x(e",
    "j\u03c9)",
    "|1-F",
    "(ej\u03c9)|",
    "|W",
    "(ej\u03c9)|",
    "de",
    "ni",
    "tu",
    "M",
    "ag",
    "\u03c9,",
    "[rad/s]",
    "10",
    "9",
    "8",
    "7",
    "6",
    "5",
    "4",
    "3",
    "2",
    "1",
    "0",
    "0.5",
    "1",
    "1.5",
    "2",
    "2.5",
    "3",
    "0"
  ],
  "paper-ID": "1001.4181v2",
  "figure-ID": "1001.4181v2-Figure7-1.png",
  "figure-type": "Graph Plot",
  "0-originally-extracted": "Figure 7. \u2126x(ej\u03c9), \u2223 \u22231\u2212 F (ej\u03c9) \u2223 \u2223 and \u2223 \u2223W (ej\u03c9) \u2223 \u2223 of an approximate realization ofRitc (D) for a Gaussian stationary source with PSD \u2223 \u22231/(1\u2212 0.9 e\u2212j\u03c9) \u2223 \u2223 2 when the rate is0.2601 [bit/sample], using the system shown in Fig. 2. These frequency responses were obtained after four iterations of Iterative Procedure1, with filter W (z) being FIR with 8 taps.",
  "1-lowercase-and-token-and-remove-figure-index": {
    "caption": "\u03c9x ( ej\u03c9 ) , \u2223 \u22231\u2212 f ( ej\u03c9 ) \u2223 \u2223 and \u2223 \u2223w ( ej\u03c9 ) \u2223 \u2223 of an approximate realization ofritc ( d ) for a gaussian stationary source with psd \u2223 \u22231/ ( 1\u2212 0.9 e\u2212j\u03c9 ) \u2223 \u2223 2 when the rate is0.2601 [ bit/sample ] , using the system shown in fig . 2. these frequency responses were obtained after four iterations of iterative procedure1 , with filter w ( z ) being fir with 8 taps .",
    "sentence": [
      "\u03c9x ( ej\u03c9 ) , \u2223 \u22231\u2212 f ( ej\u03c9 ) \u2223 \u2223 and \u2223 \u2223w ( ej\u03c9 ) \u2223 \u2223 of an approximate realization ofritc ( d ) for a gaussian stationary source with psd \u2223 \u22231/ ( 1\u2212 0.9 e\u2212j\u03c9 ) \u2223 \u2223 2 when the rate is0.2601 [ bit/sample ] , using the system shown in fig .",
      "2. these frequency responses were obtained after four iterations of iterative procedure1 , with filter w ( z ) being fir with 8 taps ."
    ],
    "token": [
      "\u03c9x",
      "(",
      "ej\u03c9",
      ")",
      ",",
      "\u2223",
      "\u22231\u2212",
      "f",
      "(",
      "ej\u03c9",
      ")",
      "\u2223",
      "\u2223",
      "and",
      "\u2223",
      "\u2223w",
      "(",
      "ej\u03c9",
      ")",
      "\u2223",
      "\u2223",
      "of",
      "an",
      "approximate",
      "realization",
      "ofritc",
      "(",
      "d",
      ")",
      "for",
      "a",
      "gaussian",
      "stationary",
      "source",
      "with",
      "psd",
      "\u2223",
      "\u22231/",
      "(",
      "1\u2212",
      "0.9",
      "e\u2212j\u03c9",
      ")",
      "\u2223",
      "\u2223",
      "2",
      "when",
      "the",
      "rate",
      "is0.2601",
      "[",
      "bit/sample",
      "]",
      ",",
      "using",
      "the",
      "system",
      "shown",
      "in",
      "fig",
      ".",
      "2.",
      "these",
      "frequency",
      "responses",
      "were",
      "obtained",
      "after",
      "four",
      "iterations",
      "of",
      "iterative",
      "procedure1",
      ",",
      "with",
      "filter",
      "w",
      "(",
      "z",
      ")",
      "being",
      "fir",
      "with",
      "8",
      "taps",
      "."
    ]
  },
  "2-normalized": {
    "2-1-basic-num": {
      "caption": "\u03c9x ( ej\u03c9 ) , \u2223 \u22231\u2212 f ( ej\u03c9 ) \u2223 \u2223 and \u2223 \u2223w ( ej\u03c9 ) \u2223 \u2223 of an approximate realization ofritc ( d ) for a gaussian stationary source with psd \u2223 \u22231/ ( NUM-TK NUM-TK e\u2212j\u03c9 ) \u2223 \u2223 NUM-TK when the rate is0.2601 [ bit/sample ] , using the system shown in fig . NUM-TK these frequency responses were obtained after NUM-TK iterations of iterative procedure1 , with filter w ( z ) being fir with NUM-TK taps .",
      "sentence": [
        "\u03c9x ( ej\u03c9 ) , \u2223 \u22231\u2212 f ( ej\u03c9 ) \u2223 \u2223 and \u2223 \u2223w ( ej\u03c9 ) \u2223 \u2223 of an approximate realization ofritc ( d ) for a gaussian stationary source with psd \u2223 \u22231/ ( NUM-TK NUM-TK e\u2212j\u03c9 ) \u2223 \u2223 NUM-TK when the rate is0.2601 [ bit/sample ] , using the system shown in fig .",
        "NUM-TK these frequency responses were obtained after NUM-TK iterations of iterative procedure1 , with filter w ( z ) being fir with NUM-TK taps ."
      ],
      "token": [
        "\u03c9x",
        "(",
        "ej\u03c9",
        ")",
        ",",
        "\u2223",
        "\u22231\u2212",
        "f",
        "(",
        "ej\u03c9",
        ")",
        "\u2223",
        "\u2223",
        "and",
        "\u2223",
        "\u2223w",
        "(",
        "ej\u03c9",
        ")",
        "\u2223",
        "\u2223",
        "of",
        "an",
        "approximate",
        "realization",
        "ofritc",
        "(",
        "d",
        ")",
        "for",
        "a",
        "gaussian",
        "stationary",
        "source",
        "with",
        "psd",
        "\u2223",
        "\u22231/",
        "(",
        "NUM-TK",
        "NUM-TK",
        "e\u2212j\u03c9",
        ")",
        "\u2223",
        "\u2223",
        "NUM-TK",
        "when",
        "the",
        "rate",
        "is0.2601",
        "[",
        "bit/sample",
        "]",
        ",",
        "using",
        "the",
        "system",
        "shown",
        "in",
        "fig",
        ".",
        "NUM-TK",
        "these",
        "frequency",
        "responses",
        "were",
        "obtained",
        "after",
        "NUM-TK",
        "iterations",
        "of",
        "iterative",
        "procedure1",
        ",",
        "with",
        "filter",
        "w",
        "(",
        "z",
        ")",
        "being",
        "fir",
        "with",
        "NUM-TK",
        "taps",
        "."
      ]
    },
    "2-2-advanced-euqation-bracket": {
      "caption": "\u03c9x BRACKET-TK , \u2223 \u22231\u2212 f BRACKET-TK \u2223 \u2223 and \u2223 \u2223w BRACKET-TK \u2223 \u2223 of an approximate realization ofritc BRACKET-TK for a gaussian stationary source with psd \u2223 \u22231/ BRACKET-TK \u2223 \u2223 NUM when the rate is0.2601 BRACKET-TK , using the system shown in fig . NUM these frequency responses were obtained after NUM iterations of iterative procedure1 , with filter w BRACKET-TK being fir with NUM taps .",
      "sentence": [
        "\u03c9x BRACKET-TK , \u2223 \u22231\u2212 f BRACKET-TK \u2223 \u2223 and \u2223 \u2223w BRACKET-TK \u2223 \u2223 of an approximate realization ofritc BRACKET-TK for a gaussian stationary source with psd \u2223 \u22231/ BRACKET-TK \u2223 \u2223 NUM when the rate is0.2601 BRACKET-TK , using the system shown in fig .",
        "NUM these frequency responses were obtained after NUM iterations of iterative procedure1 , with filter w BRACKET-TK being fir with NUM taps ."
      ],
      "tokens": [
        "\u03c9x",
        "BRACKET-TK",
        ",",
        "\u2223",
        "\u22231\u2212",
        "f",
        "BRACKET-TK",
        "\u2223",
        "\u2223",
        "and",
        "\u2223",
        "\u2223w",
        "BRACKET-TK",
        "\u2223",
        "\u2223",
        "of",
        "an",
        "approximate",
        "realization",
        "ofritc",
        "BRACKET-TK",
        "for",
        "a",
        "gaussian",
        "stationary",
        "source",
        "with",
        "psd",
        "\u2223",
        "\u22231/",
        "BRACKET-TK",
        "\u2223",
        "\u2223",
        "NUM",
        "when",
        "the",
        "rate",
        "is0.2601",
        "BRACKET-TK",
        ",",
        "using",
        "the",
        "system",
        "shown",
        "in",
        "fig",
        ".",
        "NUM",
        "these",
        "frequency",
        "responses",
        "were",
        "obtained",
        "after",
        "NUM",
        "iterations",
        "of",
        "iterative",
        "procedure1",
        ",",
        "with",
        "filter",
        "w",
        "BRACKET-TK",
        "being",
        "fir",
        "with",
        "NUM",
        "taps",
        "."
      ]
    }
  }
}