{
  "contains-subfigure": false,
  "Img-text": [
    "solid",
    "lines:",
    "no",
    "SNR",
    "imbalance",
    "Dash",
    "lines:",
    "r=5dB",
    "\u03b2=0dB",
    "\u03b2=\u22125dB",
    "\u03b2=\u221210dB",
    "\u03b2=\u221215dB",
    "\u03b2=\u221220dB",
    "\u03b2=\u2212\u221e",
    "dB",
    "(no",
    "channel",
    "estimation",
    "error)",
    "P",
    "e",
    "SNR",
    "(dB)",
    "10",
    "0",
    "10",
    "\u22121",
    "10",
    "\u22122",
    "10",
    "\u22123",
    "10",
    "\u22124",
    "\u22125",
    "0",
    "5",
    "10",
    "15",
    "20",
    "10"
  ],
  "paper-ID": "1001.3475v1",
  "figure-ID": "1001.3475v1-Figure2-1.png",
  "figure-type": "Graph Plot",
  "0-originally-extracted": "Fig. 2. BER vs. SNR for the cooperative Alamouti scheme for different SNR imbalancesr = 0, 5 dB and channel estimation errors, QPSK modulation.",
  "1-lowercase-and-token-and-remove-figure-index": {
    "caption": "ber vs. snr for the cooperative alamouti scheme for different snr imbalancesr = 0 , 5 db and channel estimation errors , qpsk modulation .",
    "sentence": [
      "ber vs. snr for the cooperative alamouti scheme for different snr imbalancesr = 0 , 5 db and channel estimation errors , qpsk modulation ."
    ],
    "token": [
      "ber",
      "vs.",
      "snr",
      "for",
      "the",
      "cooperative",
      "alamouti",
      "scheme",
      "for",
      "different",
      "snr",
      "imbalancesr",
      "=",
      "0",
      ",",
      "5",
      "db",
      "and",
      "channel",
      "estimation",
      "errors",
      ",",
      "qpsk",
      "modulation",
      "."
    ]
  },
  "2-normalized": {
    "2-1-basic-num": {
      "caption": "ber vs. snr for the cooperative alamouti scheme for different snr imbalancesr = NUM-TK , NUM-TK db and channel estimation errors , qpsk modulation .",
      "sentence": [
        "ber vs. snr for the cooperative alamouti scheme for different snr imbalancesr = NUM-TK , NUM-TK db and channel estimation errors , qpsk modulation ."
      ],
      "token": [
        "ber",
        "vs.",
        "snr",
        "for",
        "the",
        "cooperative",
        "alamouti",
        "scheme",
        "for",
        "different",
        "snr",
        "imbalancesr",
        "=",
        "NUM-TK",
        ",",
        "NUM-TK",
        "db",
        "and",
        "channel",
        "estimation",
        "errors",
        ",",
        "qpsk",
        "modulation",
        "."
      ]
    },
    "2-2-advanced-euqation-bracket": {
      "caption": "ber vs. snr for the cooperative alamouti scheme for different snr EQUAT-TK , NUM db and channel estimation errors , qpsk modulation .",
      "sentence": [
        "ber vs. snr for the cooperative alamouti scheme for different snr EQUAT-TK , NUM db and channel estimation errors , qpsk modulation ."
      ],
      "tokens": [
        "ber",
        "vs.",
        "snr",
        "for",
        "the",
        "cooperative",
        "alamouti",
        "scheme",
        "for",
        "different",
        "snr",
        "EQUAT-TK",
        ",",
        "NUM",
        "db",
        "and",
        "channel",
        "estimation",
        "errors",
        ",",
        "qpsk",
        "modulation",
        "."
      ]
    }
  }
}