{
  "contains-subfigure": false,
  "Img-text": [],
  "paper-ID": "1001.0361v2",
  "figure-ID": "1001.0361v2-Figure3-1.png",
  "figure-type": "Graph Plot",
  "0-originally-extracted": "Figure 3: Citation count distribution (minus self-citations). 23% of our sample of 27197 articles had zero citations; 51% had 1-5 citations; 12% had 6-10 citations; 8% had 11-20 citations; 6% had 20+ citations.",
  "1-lowercase-and-token-and-remove-figure-index": {
    "caption": "citation count distribution ( minus self-citations ) . 2 % of our sample of 27197 articles had zero citations ; 51 % had 1-5 citations ; 12 % had 6-10 citations ; 8 % had 11-20 citations ; 6 % had 20+ citations .",
    "sentence": [
      "citation count distribution ( minus self-citations ) .",
      "2 % of our sample of 27197 articles had zero citations ; 51 % had 1-5 citations ; 12 % had 6-10 citations ; 8 % had 11-20 citations ; 6 % had 20+ citations ."
    ],
    "token": [
      "citation",
      "count",
      "distribution",
      "(",
      "minus",
      "self-citations",
      ")",
      ".",
      "2",
      "%",
      "of",
      "our",
      "sample",
      "of",
      "27197",
      "articles",
      "had",
      "zero",
      "citations",
      ";",
      "51",
      "%",
      "had",
      "1-5",
      "citations",
      ";",
      "12",
      "%",
      "had",
      "6-10",
      "citations",
      ";",
      "8",
      "%",
      "had",
      "11-20",
      "citations",
      ";",
      "6",
      "%",
      "had",
      "20+",
      "citations",
      "."
    ]
  },
  "2-normalized": {
    "2-1-basic-num": {
      "caption": "citation count distribution ( minus self-citations ) . NUM-TK of our sample of NUM-TK articles had NUM-TK citations ; NUM-TK had 1-5 citations ; NUM-TK had 6-10 citations ; NUM-TK had 11-20 citations ; NUM-TK had NUM-TK citations .",
      "sentence": [
        "citation count distribution ( minus self-citations ) .",
        "NUM-TK of our sample of NUM-TK articles had NUM-TK citations ; NUM-TK had 1-5 citations ; NUM-TK had 6-10 citations ; NUM-TK had 11-20 citations ; NUM-TK had NUM-TK citations ."
      ],
      "token": [
        "citation",
        "count",
        "distribution",
        "(",
        "minus",
        "self-citations",
        ")",
        ".",
        "NUM-TK",
        "of",
        "our",
        "sample",
        "of",
        "NUM-TK",
        "articles",
        "had",
        "NUM-TK",
        "citations",
        ";",
        "NUM-TK",
        "had",
        "1-5",
        "citations",
        ";",
        "NUM-TK",
        "had",
        "6-10",
        "citations",
        ";",
        "NUM-TK",
        "had",
        "11-20",
        "citations",
        ";",
        "NUM-TK",
        "had",
        "NUM-TK",
        "citations",
        "."
      ]
    },
    "2-2-advanced-euqation-bracket": {
      "caption": "citation count distribution BRACKET-TK . NUM of our sample of NUM articles had NUM citations ; NUM had 1-5 citations ; NUM had 6-10 citations ; NUM had 11-20 citations ; NUM had NUM citations .",
      "sentence": [
        "citation count distribution BRACKET-TK .",
        "NUM of our sample of NUM articles had NUM citations ; NUM had 1-5 citations ; NUM had 6-10 citations ; NUM had 11-20 citations ; NUM had NUM citations ."
      ],
      "tokens": [
        "citation",
        "count",
        "distribution",
        "BRACKET-TK",
        ".",
        "NUM",
        "of",
        "our",
        "sample",
        "of",
        "NUM",
        "articles",
        "had",
        "NUM",
        "citations",
        ";",
        "NUM",
        "had",
        "1-5",
        "citations",
        ";",
        "NUM",
        "had",
        "6-10",
        "citations",
        ";",
        "NUM",
        "had",
        "11-20",
        "citations",
        ";",
        "NUM",
        "had",
        "NUM",
        "citations",
        "."
      ]
    }
  }
}