{
  "contains-subfigure": false,
  "Img-text": [],
  "paper-ID": "1001.2277v1",
  "figure-ID": "1001.2277v1-Figure8-1.png",
  "figure-type": "Graph Plot",
  "0-originally-extracted": "Figure 8. Decision variable, X2 versus M iterations.",
  "1-lowercase-and-token-and-remove-figure-index": {
    "caption": "decision variable , x2 versus m iterations .",
    "sentence": [
      "decision variable , x2 versus m iterations ."
    ],
    "token": [
      "decision",
      "variable",
      ",",
      "x2",
      "versus",
      "m",
      "iterations",
      "."
    ]
  },
  "2-normalized": {
    "2-1-basic-num": {
      "caption": "decision variable , x2 versus m iterations .",
      "sentence": [
        "decision variable , x2 versus m iterations ."
      ],
      "token": [
        "decision",
        "variable",
        ",",
        "x2",
        "versus",
        "m",
        "iterations",
        "."
      ]
    },
    "2-2-advanced-euqation-bracket": {
      "caption": "decision variable , x2 versus m iterations .",
      "sentence": [
        "decision variable , x2 versus m iterations ."
      ],
      "tokens": [
        "decision",
        "variable",
        ",",
        "x2",
        "versus",
        "m",
        "iterations",
        "."
      ]
    }
  }
}