{
  "contains-subfigure": false,
  "Img-text": [
    "\u25cf",
    "k=5",
    "k=25",
    "k=45",
    "\u25cf",
    "\u25cf",
    "\u25cf",
    "\u25cf",
    "\u25cf",
    "\u25cf",
    "\u25cf",
    "\u25cf",
    "\u25cf",
    "\u25cf",
    "\u25cf",
    "\u25cf",
    "\u25cf",
    "\u25cf",
    "\u25cf",
    "\u25cf",
    "\u25cf",
    "\u25cf",
    "\u25cf",
    "\u25cf",
    "20",
    "0",
    "15",
    "0",
    "ue",
    "(",
    "$)",
    "0.05",
    "0.50",
    "1.00",
    "1.50",
    "2.00",
    "0",
    "50",
    "10",
    "0",
    "ev",
    "en",
    "\u03b1",
    "R"
  ],
  "paper-ID": "1001.0592v3",
  "figure-ID": "1001.0592v3-Figure15-1.png",
  "figure-type": "Graph Plot",
  "0-originally-extracted": "Figure 15: Revenue for Swoopo as the valuation parameter \u03b1 varies. Shown for three different values of k and n = 50, v = 100, b = 1 in a fixed-price auction.",
  "1-lowercase-and-token-and-remove-figure-index": {
    "caption": "revenue for swoopo as the valuation parameter \u03b1 varies . shown for three different values of k and n = 50 , v = 100 , b = 1 in a fixed-price auction .",
    "sentence": [
      "revenue for swoopo as the valuation parameter \u03b1 varies .",
      "shown for three different values of k and n = 50 , v = 100 , b = 1 in a fixed-price auction ."
    ],
    "token": [
      "revenue",
      "for",
      "swoopo",
      "as",
      "the",
      "valuation",
      "parameter",
      "\u03b1",
      "varies",
      ".",
      "shown",
      "for",
      "three",
      "different",
      "values",
      "of",
      "k",
      "and",
      "n",
      "=",
      "50",
      ",",
      "v",
      "=",
      "100",
      ",",
      "b",
      "=",
      "1",
      "in",
      "a",
      "fixed-price",
      "auction",
      "."
    ]
  },
  "2-normalized": {
    "2-1-basic-num": {
      "caption": "revenue for swoopo as the valuation parameter \u03b1 varies . shown for NUM-TK different values of k and n = NUM-TK , v = NUM-TK , b = NUM-TK in a fixed-price auction .",
      "sentence": [
        "revenue for swoopo as the valuation parameter \u03b1 varies .",
        "shown for NUM-TK different values of k and n = NUM-TK , v = NUM-TK , b = NUM-TK in a fixed-price auction ."
      ],
      "token": [
        "revenue",
        "for",
        "swoopo",
        "as",
        "the",
        "valuation",
        "parameter",
        "\u03b1",
        "varies",
        ".",
        "shown",
        "for",
        "NUM-TK",
        "different",
        "values",
        "of",
        "k",
        "and",
        "n",
        "=",
        "NUM-TK",
        ",",
        "v",
        "=",
        "NUM-TK",
        ",",
        "b",
        "=",
        "NUM-TK",
        "in",
        "a",
        "fixed-price",
        "auction",
        "."
      ]
    },
    "2-2-advanced-euqation-bracket": {
      "caption": "revenue for swoopo as the valuation parameter \u03b1 varies . shown for NUM different values of k and EQUAT-TK , EQUAT-TK , EQUAT-TK in a fixed-price auction .",
      "sentence": [
        "revenue for swoopo as the valuation parameter \u03b1 varies .",
        "shown for NUM different values of k and EQUAT-TK , EQUAT-TK , EQUAT-TK in a fixed-price auction ."
      ],
      "tokens": [
        "revenue",
        "for",
        "swoopo",
        "as",
        "the",
        "valuation",
        "parameter",
        "\u03b1",
        "varies",
        ".",
        "shown",
        "for",
        "NUM",
        "different",
        "values",
        "of",
        "k",
        "and",
        "EQUAT-TK",
        ",",
        "EQUAT-TK",
        ",",
        "EQUAT-TK",
        "in",
        "a",
        "fixed-price",
        "auction",
        "."
      ]
    }
  }
}