{
  "contains-subfigure": false,
  "Img-text": [],
  "paper-ID": "1001.3206v2",
  "figure-ID": "1001.3206v2-Figure3-1.png",
  "figure-type": "Graph Plot",
  "0-originally-extracted": "Fig. 3. The complexity of the QR Decomposition using Givens Rotations of the proposed tree codes and the original TAST codes.",
  "1-lowercase-and-token-and-remove-figure-index": {
    "caption": "the complexity of the qr decomposition using givens rotations of the proposed tree codes and the original tast codes .",
    "sentence": [
      "the complexity of the qr decomposition using givens rotations of the proposed tree codes and the original tast codes ."
    ],
    "token": [
      "the",
      "complexity",
      "of",
      "the",
      "qr",
      "decomposition",
      "using",
      "givens",
      "rotations",
      "of",
      "the",
      "proposed",
      "tree",
      "codes",
      "and",
      "the",
      "original",
      "tast",
      "codes",
      "."
    ]
  },
  "2-normalized": {
    "2-1-basic-num": {
      "caption": "the complexity of the qr decomposition using givens rotations of the proposed tree codes and the original tast codes .",
      "sentence": [
        "the complexity of the qr decomposition using givens rotations of the proposed tree codes and the original tast codes ."
      ],
      "token": [
        "the",
        "complexity",
        "of",
        "the",
        "qr",
        "decomposition",
        "using",
        "givens",
        "rotations",
        "of",
        "the",
        "proposed",
        "tree",
        "codes",
        "and",
        "the",
        "original",
        "tast",
        "codes",
        "."
      ]
    },
    "2-2-advanced-euqation-bracket": {
      "caption": "the complexity of the qr decomposition using givens rotations of the proposed tree codes and the original tast codes .",
      "sentence": [
        "the complexity of the qr decomposition using givens rotations of the proposed tree codes and the original tast codes ."
      ],
      "tokens": [
        "the",
        "complexity",
        "of",
        "the",
        "qr",
        "decomposition",
        "using",
        "givens",
        "rotations",
        "of",
        "the",
        "proposed",
        "tree",
        "codes",
        "and",
        "the",
        "original",
        "tast",
        "codes",
        "."
      ]
    }
  }
}