{
  "contains-subfigure": false,
  "Img-text": [
    "ML",
    "MMSE\u2212GDFE+LLL+ZF",
    "MMSE\u2212GDFE+LLL\u2212SIC",
    "MMSE\u2212GDFE+ALR",
    "MMSE\u2212GDFE+ILR",
    "R",
    "S",
    "E",
    "SNR",
    "MIMO",
    "6x6,",
    "spatial",
    "multiplexing,",
    "16\u2212QAM",
    "10",
    "0",
    "10",
    "\u22121",
    "10",
    "\u22122",
    "10",
    "\u22123",
    "10",
    "\u22124",
    "10",
    "\u22125",
    "\u22126",
    "3",
    "6",
    "9",
    "12",
    "15",
    "18",
    "21",
    "10"
  ],
  "paper-ID": "1001.1625v1",
  "figure-ID": "1001.1625v1-Figure2-1.png",
  "figure-type": "Graph Plot",
  "0-originally-extracted": "Figure 2. Performance comparison of augmented lattice reduction with LLL-ZF, LLL-SIC and Improved Lattice Reduction with MMSE-GDFE preprocessing for a6\u00d7 6 uncoded MIMO system using16-QAM.",
  "1-lowercase-and-token-and-remove-figure-index": {
    "caption": "performance comparison of augmented lattice reduction with lll-zf , lll-sic and improved lattice reduction with mmse-gdfe preprocessing for a6\u00d7 6 uncoded mimo system using16-qam .",
    "sentence": [
      "performance comparison of augmented lattice reduction with lll-zf , lll-sic and improved lattice reduction with mmse-gdfe preprocessing for a6\u00d7 6 uncoded mimo system using16-qam ."
    ],
    "token": [
      "performance",
      "comparison",
      "of",
      "augmented",
      "lattice",
      "reduction",
      "with",
      "lll-zf",
      ",",
      "lll-sic",
      "and",
      "improved",
      "lattice",
      "reduction",
      "with",
      "mmse-gdfe",
      "preprocessing",
      "for",
      "a6\u00d7",
      "6",
      "uncoded",
      "mimo",
      "system",
      "using16-qam",
      "."
    ]
  },
  "2-normalized": {
    "2-1-basic-num": {
      "caption": "performance comparison of augmented lattice reduction with lll-zf , lll-sic and improved lattice reduction with mmse-gdfe preprocessing for a6\u00d7 NUM-TK uncoded mimo system using16-qam .",
      "sentence": [
        "performance comparison of augmented lattice reduction with lll-zf , lll-sic and improved lattice reduction with mmse-gdfe preprocessing for a6\u00d7 NUM-TK uncoded mimo system using16-qam ."
      ],
      "token": [
        "performance",
        "comparison",
        "of",
        "augmented",
        "lattice",
        "reduction",
        "with",
        "lll-zf",
        ",",
        "lll-sic",
        "and",
        "improved",
        "lattice",
        "reduction",
        "with",
        "mmse-gdfe",
        "preprocessing",
        "for",
        "a6\u00d7",
        "NUM-TK",
        "uncoded",
        "mimo",
        "system",
        "using16-qam",
        "."
      ]
    },
    "2-2-advanced-euqation-bracket": {
      "caption": "performance comparison of augmented lattice reduction with lll-zf , lll-sic and improved lattice reduction with mmse-gdfe preprocessing for a6\u00d7 NUM uncoded mimo system using16-qam .",
      "sentence": [
        "performance comparison of augmented lattice reduction with lll-zf , lll-sic and improved lattice reduction with mmse-gdfe preprocessing for a6\u00d7 NUM uncoded mimo system using16-qam ."
      ],
      "tokens": [
        "performance",
        "comparison",
        "of",
        "augmented",
        "lattice",
        "reduction",
        "with",
        "lll-zf",
        ",",
        "lll-sic",
        "and",
        "improved",
        "lattice",
        "reduction",
        "with",
        "mmse-gdfe",
        "preprocessing",
        "for",
        "a6\u00d7",
        "NUM",
        "uncoded",
        "mimo",
        "system",
        "using16-qam",
        "."
      ]
    }
  }
}