{
  "contains-subfigure": false,
  "Img-text": [
    "\u03b7",
    "thr",
    "=",
    "\u22125",
    "dB",
    "\u03b7",
    "thr",
    "=",
    "10",
    "dB",
    "\u03b7",
    "thr",
    "=",
    "5",
    "dB",
    "\u03b7",
    "thr",
    "=",
    "0",
    "dB",
    "Simulations",
    "Analatical",
    "Expression",
    "D",
    "F",
    "C",
    "C",
    "\u03b7",
    "[dB]",
    "10",
    "0",
    "10",
    "\u22121",
    "\u22122",
    "\u221225",
    "\u221220",
    "\u221215",
    "\u221210",
    "\u22125",
    "0",
    "5",
    "10",
    "15",
    "10"
  ],
  "paper-ID": "1001.3193v1",
  "figure-ID": "1001.3193v1-Figure9-1.png",
  "figure-type": "Graph Plot",
  "0-originally-extracted": "Fig. 9. The CCDF of the INR for different values of the threshold \u03b7thr: M = 512, N = 256, L = 32, \u03d50 = 0o, and\u03d51 = 65o.",
  "1-lowercase-and-token-and-remove-figure-index": {
    "caption": "the ccdf of the inr for different values of the threshold \u03b7thr : m = 512 , n = 256 , l = 32 , \u03d50 = 0o , and\u03d51 = 65o .",
    "sentence": [
      "the ccdf of the inr for different values of the threshold \u03b7thr : m = 512 , n = 256 , l = 32 , \u03d50 = 0o , and\u03d51 = 65o ."
    ],
    "token": [
      "the",
      "ccdf",
      "of",
      "the",
      "inr",
      "for",
      "different",
      "values",
      "of",
      "the",
      "threshold",
      "\u03b7thr",
      ":",
      "m",
      "=",
      "512",
      ",",
      "n",
      "=",
      "256",
      ",",
      "l",
      "=",
      "32",
      ",",
      "\u03d50",
      "=",
      "0o",
      ",",
      "and\u03d51",
      "=",
      "65o",
      "."
    ]
  },
  "2-normalized": {
    "2-1-basic-num": {
      "caption": "the ccdf of the inr for different values of the threshold \u03b7thr : m = NUM-TK , n = NUM-TK , l = NUM-TK , \u03d50 = NUM-TK , and\u03d51 = NUM-TK .",
      "sentence": [
        "the ccdf of the inr for different values of the threshold \u03b7thr : m = NUM-TK , n = NUM-TK , l = NUM-TK , \u03d50 = NUM-TK , and\u03d51 = NUM-TK ."
      ],
      "token": [
        "the",
        "ccdf",
        "of",
        "the",
        "inr",
        "for",
        "different",
        "values",
        "of",
        "the",
        "threshold",
        "\u03b7thr",
        ":",
        "m",
        "=",
        "NUM-TK",
        ",",
        "n",
        "=",
        "NUM-TK",
        ",",
        "l",
        "=",
        "NUM-TK",
        ",",
        "\u03d50",
        "=",
        "NUM-TK",
        ",",
        "and\u03d51",
        "=",
        "NUM-TK",
        "."
      ]
    },
    "2-2-advanced-euqation-bracket": {
      "caption": "the ccdf of the inr for different values of the threshold \u03b7thr : EQUAT-TK , EQUAT-TK , EQUAT-TK , \u03d50 = NUM , and\u03d51 = NUM .",
      "sentence": [
        "the ccdf of the inr for different values of the threshold \u03b7thr : EQUAT-TK , EQUAT-TK , EQUAT-TK , \u03d50 = NUM , and\u03d51 = NUM ."
      ],
      "tokens": [
        "the",
        "ccdf",
        "of",
        "the",
        "inr",
        "for",
        "different",
        "values",
        "of",
        "the",
        "threshold",
        "\u03b7thr",
        ":",
        "EQUAT-TK",
        ",",
        "EQUAT-TK",
        ",",
        "EQUAT-TK",
        ",",
        "\u03d50",
        "=",
        "NUM",
        ",",
        "and\u03d51",
        "=",
        "NUM",
        "."
      ]
    }
  }
}