{
  "contains-subfigure": false,
  "Img-text": [],
  "paper-ID": "1001.1860v2",
  "figure-ID": "1001.1860v2-Figure5-1.png",
  "figure-type": "Graph Plot",
  "0-originally-extracted": "Fig. 5 Comparison of the performance of the dense matrix-matrix multiplications (mod2am, double-precision) for various matrix sizes using RapidMind\u2019s CUDA backend, Nvidia\u2019s cuBLAS and Intel\u2019s Math Kernel Library. The peak performance of oneC1060 GPU is comparable to 8 Nehalem EP cores (78 vs. 80 GFlops).",
  "1-lowercase-and-token-and-remove-figure-index": {
    "caption": "comparison of the performance of the dense matrix-matrix multiplications ( mod2am , double-precision ) for various matrix sizes using rapidmind \u2019 s cuda backend , nvidia \u2019 s cublas and intel \u2019 s math kernel library . the peak performance of onec1060 gpu is comparable to 8 nehalem ep cores ( 78 vs. 80 gflops ) .",
    "sentence": [
      "comparison of the performance of the dense matrix-matrix multiplications ( mod2am , double-precision ) for various matrix sizes using rapidmind \u2019 s cuda backend , nvidia \u2019 s cublas and intel \u2019 s math kernel library .",
      "the peak performance of onec1060 gpu is comparable to 8 nehalem ep cores ( 78 vs. 80 gflops ) ."
    ],
    "token": [
      "comparison",
      "of",
      "the",
      "performance",
      "of",
      "the",
      "dense",
      "matrix-matrix",
      "multiplications",
      "(",
      "mod2am",
      ",",
      "double-precision",
      ")",
      "for",
      "various",
      "matrix",
      "sizes",
      "using",
      "rapidmind",
      "\u2019",
      "s",
      "cuda",
      "backend",
      ",",
      "nvidia",
      "\u2019",
      "s",
      "cublas",
      "and",
      "intel",
      "\u2019",
      "s",
      "math",
      "kernel",
      "library",
      ".",
      "the",
      "peak",
      "performance",
      "of",
      "onec1060",
      "gpu",
      "is",
      "comparable",
      "to",
      "8",
      "nehalem",
      "ep",
      "cores",
      "(",
      "78",
      "vs.",
      "80",
      "gflops",
      ")",
      "."
    ]
  },
  "2-normalized": {
    "2-1-basic-num": {
      "caption": "comparison of the performance of the dense matrix-matrix multiplications ( mod2am , double-precision ) for various matrix sizes using rapidmind \u2019 s cuda backend , nvidia \u2019 s cublas and intel \u2019 s math kernel library . the peak performance of onec1060 gpu is comparable to NUM-TK nehalem ep cores ( NUM-TK vs. NUM-TK gflops ) .",
      "sentence": [
        "comparison of the performance of the dense matrix-matrix multiplications ( mod2am , double-precision ) for various matrix sizes using rapidmind \u2019 s cuda backend , nvidia \u2019 s cublas and intel \u2019 s math kernel library .",
        "the peak performance of onec1060 gpu is comparable to NUM-TK nehalem ep cores ( NUM-TK vs. NUM-TK gflops ) ."
      ],
      "token": [
        "comparison",
        "of",
        "the",
        "performance",
        "of",
        "the",
        "dense",
        "matrix-matrix",
        "multiplications",
        "(",
        "mod2am",
        ",",
        "double-precision",
        ")",
        "for",
        "various",
        "matrix",
        "sizes",
        "using",
        "rapidmind",
        "\u2019",
        "s",
        "cuda",
        "backend",
        ",",
        "nvidia",
        "\u2019",
        "s",
        "cublas",
        "and",
        "intel",
        "\u2019",
        "s",
        "math",
        "kernel",
        "library",
        ".",
        "the",
        "peak",
        "performance",
        "of",
        "onec1060",
        "gpu",
        "is",
        "comparable",
        "to",
        "NUM-TK",
        "nehalem",
        "ep",
        "cores",
        "(",
        "NUM-TK",
        "vs.",
        "NUM-TK",
        "gflops",
        ")",
        "."
      ]
    },
    "2-2-advanced-euqation-bracket": {
      "caption": "comparison of the performance of the dense matrix-matrix multiplications BRACKET-TK for various matrix sizes using rapidmind \u2019 s cuda backend , nvidia \u2019 s cublas and intel \u2019 s math kernel library . the peak performance of onec1060 gpu is comparable to NUM nehalem ep cores BRACKET-TK .",
      "sentence": [
        "comparison of the performance of the dense matrix-matrix multiplications BRACKET-TK for various matrix sizes using rapidmind \u2019 s cuda backend , nvidia \u2019 s cublas and intel \u2019 s math kernel library .",
        "the peak performance of onec1060 gpu is comparable to NUM nehalem ep cores BRACKET-TK ."
      ],
      "tokens": [
        "comparison",
        "of",
        "the",
        "performance",
        "of",
        "the",
        "dense",
        "matrix-matrix",
        "multiplications",
        "BRACKET-TK",
        "for",
        "various",
        "matrix",
        "sizes",
        "using",
        "rapidmind",
        "\u2019",
        "s",
        "cuda",
        "backend",
        ",",
        "nvidia",
        "\u2019",
        "s",
        "cublas",
        "and",
        "intel",
        "\u2019",
        "s",
        "math",
        "kernel",
        "library",
        ".",
        "the",
        "peak",
        "performance",
        "of",
        "onec1060",
        "gpu",
        "is",
        "comparable",
        "to",
        "NUM",
        "nehalem",
        "ep",
        "cores",
        "BRACKET-TK",
        "."
      ]
    }
  }
}