{
  "contains-subfigure": false,
  "Img-text": [
    "SNR",
    "(dB)",
    "H",
    "z)",
    "b/",
    "s/",
    "cy",
    "(",
    "ci",
    "en",
    "l",
    "E",
    "ffi",
    "ct",
    "ra",
    "S",
    "pe",
    "-5",
    "0",
    "5",
    "10",
    "15",
    "20",
    "12",
    "10",
    "8",
    "6",
    "4",
    "2",
    "0",
    "nb",
    "=",
    "10",
    "nb",
    "=",
    "4",
    "I\u0304(SNR)",
    "cit",
    "y",
    "Ca",
    "pa",
    "t-C",
    "SI",
    "Per",
    "fec",
    "nT",
    "=",
    "2",
    "nR",
    "=",
    "2"
  ],
  "paper-ID": "1001.2283v1",
  "figure-ID": "1001.2283v1-Figure5-1.png",
  "figure-type": "Graph Plot",
  "0-originally-extracted": "Fig. 5. In solid, mutual information I\u0304(SNR) for nT = nR = 2, with nb = 10 and with nb = 4. In dashed, the corresponding perfect-CSI capacity.",
  "1-lowercase-and-token-and-remove-figure-index": {
    "caption": "in solid , mutual information i\u0304 ( snr ) for nt = nr = 2 , with nb = 10 and with nb = 4. in dashed , the corresponding perfect-csi capacity .",
    "sentence": [
      "in solid , mutual information i\u0304 ( snr ) for nt = nr = 2 , with nb = 10 and with nb = 4. in dashed , the corresponding perfect-csi capacity ."
    ],
    "token": [
      "in",
      "solid",
      ",",
      "mutual",
      "information",
      "i\u0304",
      "(",
      "snr",
      ")",
      "for",
      "nt",
      "=",
      "nr",
      "=",
      "2",
      ",",
      "with",
      "nb",
      "=",
      "10",
      "and",
      "with",
      "nb",
      "=",
      "4.",
      "in",
      "dashed",
      ",",
      "the",
      "corresponding",
      "perfect-csi",
      "capacity",
      "."
    ]
  },
  "2-normalized": {
    "2-1-basic-num": {
      "caption": "in solid , mutual information i\u0304 ( snr ) for nt = nr = NUM-TK , with nb = NUM-TK and with nb = NUM-TK in dashed , the corresponding perfect-csi capacity .",
      "sentence": [
        "in solid , mutual information i\u0304 ( snr ) for nt = nr = NUM-TK , with nb = NUM-TK and with nb = NUM-TK in dashed , the corresponding perfect-csi capacity ."
      ],
      "token": [
        "in",
        "solid",
        ",",
        "mutual",
        "information",
        "i\u0304",
        "(",
        "snr",
        ")",
        "for",
        "nt",
        "=",
        "nr",
        "=",
        "NUM-TK",
        ",",
        "with",
        "nb",
        "=",
        "NUM-TK",
        "and",
        "with",
        "nb",
        "=",
        "NUM-TK",
        "in",
        "dashed",
        ",",
        "the",
        "corresponding",
        "perfect-csi",
        "capacity",
        "."
      ]
    },
    "2-2-advanced-euqation-bracket": {
      "caption": "in solid , mutual information i\u0304 BRACKET-TK for nt = EQUAT-TK , with EQUAT-TK and with EQUAT-TK in dashed , the corresponding perfect-csi capacity .",
      "sentence": [
        "in solid , mutual information i\u0304 BRACKET-TK for nt = EQUAT-TK , with EQUAT-TK and with EQUAT-TK in dashed , the corresponding perfect-csi capacity ."
      ],
      "tokens": [
        "in",
        "solid",
        ",",
        "mutual",
        "information",
        "i\u0304",
        "BRACKET-TK",
        "for",
        "nt",
        "=",
        "EQUAT-TK",
        ",",
        "with",
        "EQUAT-TK",
        "and",
        "with",
        "EQUAT-TK",
        "in",
        "dashed",
        ",",
        "the",
        "corresponding",
        "perfect-csi",
        "capacity",
        "."
      ]
    }
  }
}