{
  "contains-subfigure": false,
  "Img-text": [],
  "paper-ID": "1001.3720v1",
  "figure-ID": "1001.3720v1-Figure18-1.png",
  "figure-type": "Graph Plot",
  "0-originally-extracted": "Figure 18. TPC-C benchmark: I/O time per transaction as the DBMS buffer size is varied (database size = 1Gbytes).",
  "1-lowercase-and-token-and-remove-figure-index": {
    "caption": "tpc-c benchmark : i/o time per transaction as the dbms buffer size is varied ( database size = 1gbytes ) .",
    "sentence": [
      "tpc-c benchmark : i/o time per transaction as the dbms buffer size is varied ( database size = 1gbytes ) ."
    ],
    "token": [
      "tpc-c",
      "benchmark",
      ":",
      "i/o",
      "time",
      "per",
      "transaction",
      "as",
      "the",
      "dbms",
      "buffer",
      "size",
      "is",
      "varied",
      "(",
      "database",
      "size",
      "=",
      "1gbytes",
      ")",
      "."
    ]
  },
  "2-normalized": {
    "2-1-basic-num": {
      "caption": "tpc-c benchmark : i/o time per transaction as the dbms buffer size is varied ( database size = NUM-TK ) .",
      "sentence": [
        "tpc-c benchmark : i/o time per transaction as the dbms buffer size is varied ( database size = NUM-TK ) ."
      ],
      "token": [
        "tpc-c",
        "benchmark",
        ":",
        "i/o",
        "time",
        "per",
        "transaction",
        "as",
        "the",
        "dbms",
        "buffer",
        "size",
        "is",
        "varied",
        "(",
        "database",
        "size",
        "=",
        "NUM-TK",
        ")",
        "."
      ]
    },
    "2-2-advanced-euqation-bracket": {
      "caption": "tpc-c benchmark : i/o time per transaction as the dbms buffer size is varied BRACKET-TK .",
      "sentence": [
        "tpc-c benchmark : i/o time per transaction as the dbms buffer size is varied BRACKET-TK ."
      ],
      "tokens": [
        "tpc-c",
        "benchmark",
        ":",
        "i/o",
        "time",
        "per",
        "transaction",
        "as",
        "the",
        "dbms",
        "buffer",
        "size",
        "is",
        "varied",
        "BRACKET-TK",
        "."
      ]
    }
  }
}