{
  "contains-subfigure": false,
  "Img-text": [
    "Simulated",
    "Goodput",
    "with",
    "proposed",
    "design",
    "(NQAM)",
    "Simulated",
    "Goodput",
    "with",
    "proposed",
    "design",
    "(NPSK)",
    "Order\u2212of\u2212growth",
    "expressions",
    "Naive",
    "Coded",
    "Design",
    "Naive",
    "Uncoded",
    "Design",
    "Goodput",
    "vs",
    "Feedback",
    "Bits",
    "\u2212\u2212",
    "Fixed",
    "Feedback",
    "SER",
    "z)",
    "t/s",
    "/H",
    "(",
    "bi",
    "dp",
    "ut",
    "G",
    "oo",
    "te",
    "m",
    "S",
    "ys",
    "ra",
    "ge",
    "A",
    "ve",
    "Number",
    "of",
    "Feedback",
    "bits",
    "C",
    "fb",
    "12",
    "10",
    "8",
    "6",
    "4",
    "2",
    "3",
    "4",
    "5",
    "6",
    "7",
    "8",
    "9",
    "10",
    "0"
  ],
  "paper-ID": "1001.2947v2",
  "figure-ID": "1001.2947v2-Figure4-1.png",
  "figure-type": "Graph Plot",
  "0-originally-extracted": "Fig. 4. System goodput versus number of feedback bits. NaiveUncoded Design refers to design assuming the limited feedback channel is noiseless and the feedback bits are uncoded and Naive Coded Design is similar to naive uncoded design except the feedback bits are protected by Hamming code. The SER on feedback channel is fixed at 0.2. The dotted curve of naive coded design is not smooth because of the overhead in the parity bits of Hamming code(k, 2k) used to protect the CSIT feedback.",
  "1-lowercase-and-token-and-remove-figure-index": {
    "caption": "system goodput versus number of feedback bits . naiveuncoded design refers to design assuming the limited feedback channel is noiseless and the feedback bits are uncoded and naive coded design is similar to naive uncoded design except the feedback bits are protected by hamming code . the ser on feedback channel is fixed at 0.2. the dotted curve of naive coded design is not smooth because of the overhead in the parity bits of hamming code ( k , 2k ) used to protect the csit feedback .",
    "sentence": [
      "system goodput versus number of feedback bits .",
      "naiveuncoded design refers to design assuming the limited feedback channel is noiseless and the feedback bits are uncoded and naive coded design is similar to naive uncoded design except the feedback bits are protected by hamming code .",
      "the ser on feedback channel is fixed at 0.2. the dotted curve of naive coded design is not smooth because of the overhead in the parity bits of hamming code ( k , 2k ) used to protect the csit feedback ."
    ],
    "token": [
      "system",
      "goodput",
      "versus",
      "number",
      "of",
      "feedback",
      "bits",
      ".",
      "naiveuncoded",
      "design",
      "refers",
      "to",
      "design",
      "assuming",
      "the",
      "limited",
      "feedback",
      "channel",
      "is",
      "noiseless",
      "and",
      "the",
      "feedback",
      "bits",
      "are",
      "uncoded",
      "and",
      "naive",
      "coded",
      "design",
      "is",
      "similar",
      "to",
      "naive",
      "uncoded",
      "design",
      "except",
      "the",
      "feedback",
      "bits",
      "are",
      "protected",
      "by",
      "hamming",
      "code",
      ".",
      "the",
      "ser",
      "on",
      "feedback",
      "channel",
      "is",
      "fixed",
      "at",
      "0.2.",
      "the",
      "dotted",
      "curve",
      "of",
      "naive",
      "coded",
      "design",
      "is",
      "not",
      "smooth",
      "because",
      "of",
      "the",
      "overhead",
      "in",
      "the",
      "parity",
      "bits",
      "of",
      "hamming",
      "code",
      "(",
      "k",
      ",",
      "2k",
      ")",
      "used",
      "to",
      "protect",
      "the",
      "csit",
      "feedback",
      "."
    ]
  },
  "2-normalized": {
    "2-1-basic-num": {
      "caption": "system goodput versus number of feedback bits . naiveuncoded design refers to design assuming the limited feedback channel is noiseless and the feedback bits are uncoded and naive coded design is similar to naive uncoded design except the feedback bits are protected by hamming code . the ser on feedback channel is fixed at NUM-TK the dotted curve of naive coded design is not smooth because of the overhead in the parity bits of hamming code ( k , NUM-TK ) used to protect the csit feedback .",
      "sentence": [
        "system goodput versus number of feedback bits .",
        "naiveuncoded design refers to design assuming the limited feedback channel is noiseless and the feedback bits are uncoded and naive coded design is similar to naive uncoded design except the feedback bits are protected by hamming code .",
        "the ser on feedback channel is fixed at NUM-TK the dotted curve of naive coded design is not smooth because of the overhead in the parity bits of hamming code ( k , NUM-TK ) used to protect the csit feedback ."
      ],
      "token": [
        "system",
        "goodput",
        "versus",
        "number",
        "of",
        "feedback",
        "bits",
        ".",
        "naiveuncoded",
        "design",
        "refers",
        "to",
        "design",
        "assuming",
        "the",
        "limited",
        "feedback",
        "channel",
        "is",
        "noiseless",
        "and",
        "the",
        "feedback",
        "bits",
        "are",
        "uncoded",
        "and",
        "naive",
        "coded",
        "design",
        "is",
        "similar",
        "to",
        "naive",
        "uncoded",
        "design",
        "except",
        "the",
        "feedback",
        "bits",
        "are",
        "protected",
        "by",
        "hamming",
        "code",
        ".",
        "the",
        "ser",
        "on",
        "feedback",
        "channel",
        "is",
        "fixed",
        "at",
        "NUM-TK",
        "the",
        "dotted",
        "curve",
        "of",
        "naive",
        "coded",
        "design",
        "is",
        "not",
        "smooth",
        "because",
        "of",
        "the",
        "overhead",
        "in",
        "the",
        "parity",
        "bits",
        "of",
        "hamming",
        "code",
        "(",
        "k",
        ",",
        "NUM-TK",
        ")",
        "used",
        "to",
        "protect",
        "the",
        "csit",
        "feedback",
        "."
      ]
    },
    "2-2-advanced-euqation-bracket": {
      "caption": "system goodput versus number of feedback bits . naiveuncoded design refers to design assuming the limited feedback channel is noiseless and the feedback bits are uncoded and naive coded design is similar to naive uncoded design except the feedback bits are protected by hamming code . the ser on feedback channel is fixed at NUM the dotted curve of naive coded design is not smooth because of the overhead in the parity bits of hamming code BRACKET-TK used to protect the csit feedback .",
      "sentence": [
        "system goodput versus number of feedback bits .",
        "naiveuncoded design refers to design assuming the limited feedback channel is noiseless and the feedback bits are uncoded and naive coded design is similar to naive uncoded design except the feedback bits are protected by hamming code .",
        "the ser on feedback channel is fixed at NUM the dotted curve of naive coded design is not smooth because of the overhead in the parity bits of hamming code BRACKET-TK used to protect the csit feedback ."
      ],
      "tokens": [
        "system",
        "goodput",
        "versus",
        "number",
        "of",
        "feedback",
        "bits",
        ".",
        "naiveuncoded",
        "design",
        "refers",
        "to",
        "design",
        "assuming",
        "the",
        "limited",
        "feedback",
        "channel",
        "is",
        "noiseless",
        "and",
        "the",
        "feedback",
        "bits",
        "are",
        "uncoded",
        "and",
        "naive",
        "coded",
        "design",
        "is",
        "similar",
        "to",
        "naive",
        "uncoded",
        "design",
        "except",
        "the",
        "feedback",
        "bits",
        "are",
        "protected",
        "by",
        "hamming",
        "code",
        ".",
        "the",
        "ser",
        "on",
        "feedback",
        "channel",
        "is",
        "fixed",
        "at",
        "NUM",
        "the",
        "dotted",
        "curve",
        "of",
        "naive",
        "coded",
        "design",
        "is",
        "not",
        "smooth",
        "because",
        "of",
        "the",
        "overhead",
        "in",
        "the",
        "parity",
        "bits",
        "of",
        "hamming",
        "code",
        "BRACKET-TK",
        "used",
        "to",
        "protect",
        "the",
        "csit",
        "feedback",
        "."
      ]
    }
  }
}