{
  "contains-subfigure": false,
  "Img-text": [
    "All",
    "Nothing",
    "g(p)",
    "Slope",
    "in",
    "sqrt(d)",
    "0",
    "0.2",
    "0.4",
    "0.6",
    "0.8",
    "1",
    "1",
    "0.8",
    "0.6",
    "0.4",
    "0.2",
    "0"
  ],
  "paper-ID": "1001.2463v1",
  "figure-ID": "1001.2463v1-Figure1-1.png",
  "figure-type": "Graph Plot",
  "0-originally-extracted": "Figure 1. Illustration of the threshold effect,d = 400, pc = 0.7",
  "1-lowercase-and-token-and-remove-figure-index": {
    "caption": "illustration of the threshold effect , d = 400 , pc = 0.7 .",
    "sentence": [
      "illustration of the threshold effect , d = 400 , pc = 0.7 ."
    ],
    "token": [
      "illustration",
      "of",
      "the",
      "threshold",
      "effect",
      ",",
      "d",
      "=",
      "400",
      ",",
      "pc",
      "=",
      "0.7",
      "."
    ]
  },
  "2-normalized": {
    "2-1-basic-num": {
      "caption": "illustration of the threshold effect , d = NUM-TK , pc = NUM-TK .",
      "sentence": [
        "illustration of the threshold effect , d = NUM-TK , pc = NUM-TK ."
      ],
      "token": [
        "illustration",
        "of",
        "the",
        "threshold",
        "effect",
        ",",
        "d",
        "=",
        "NUM-TK",
        ",",
        "pc",
        "=",
        "NUM-TK",
        "."
      ]
    },
    "2-2-advanced-euqation-bracket": {
      "caption": "illustration of the threshold effect , EQUAT-TK , EQUAT-TK .",
      "sentence": [
        "illustration of the threshold effect , EQUAT-TK , EQUAT-TK ."
      ],
      "tokens": [
        "illustration",
        "of",
        "the",
        "threshold",
        "effect",
        ",",
        "EQUAT-TK",
        ",",
        "EQUAT-TK",
        "."
      ]
    }
  }
}