{
  "contains-subfigure": false,
  "Img-text": [
    "Classical",
    "iterative",
    "decoding",
    "Hybrid",
    "Proximal",
    "Point",
    "Hybrid",
    "Min",
    "Entropy",
    "tio",
    "ns",
    "ite",
    "ra",
    "EbN0",
    "30",
    "25",
    "20",
    "15",
    "10",
    "4",
    "4.5",
    "5",
    "5.5",
    "6",
    "6.5",
    "7",
    "7.5",
    "8",
    "8.5",
    "5"
  ],
  "paper-ID": "1001.1917v1",
  "figure-ID": "1001.1917v1-Figure5-1.png",
  "figure-type": "Graph Plot",
  "0-originally-extracted": "Fig. 5. Iteration number versus EbN0",
  "1-lowercase-and-token-and-remove-figure-index": {
    "caption": "iteration number versus ebn0 .",
    "sentence": [
      "iteration number versus ebn0 ."
    ],
    "token": [
      "iteration",
      "number",
      "versus",
      "ebn0",
      "."
    ]
  },
  "2-normalized": {
    "2-1-basic-num": {
      "caption": "iteration number versus ebn0 .",
      "sentence": [
        "iteration number versus ebn0 ."
      ],
      "token": [
        "iteration",
        "number",
        "versus",
        "ebn0",
        "."
      ]
    },
    "2-2-advanced-euqation-bracket": {
      "caption": "iteration number versus ebn0 .",
      "sentence": [
        "iteration number versus ebn0 ."
      ],
      "tokens": [
        "iteration",
        "number",
        "versus",
        "ebn0",
        "."
      ]
    }
  }
}