{
  "contains-subfigure": false,
  "Img-text": [],
  "paper-ID": "1001.4135v1",
  "figure-ID": "1001.4135v1-Figure3-1.png",
  "figure-type": "Graph Plot",
  "0-originally-extracted": "Figure 3. Hit Ratio of the videos requested",
  "1-lowercase-and-token-and-remove-figure-index": {
    "caption": "hit ratio of the videos requested .",
    "sentence": [
      "hit ratio of the videos requested ."
    ],
    "token": [
      "hit",
      "ratio",
      "of",
      "the",
      "videos",
      "requested",
      "."
    ]
  },
  "2-normalized": {
    "2-1-basic-num": {
      "caption": "hit ratio of the videos requested .",
      "sentence": [
        "hit ratio of the videos requested ."
      ],
      "token": [
        "hit",
        "ratio",
        "of",
        "the",
        "videos",
        "requested",
        "."
      ]
    },
    "2-2-advanced-euqation-bracket": {
      "caption": "hit ratio of the videos requested .",
      "sentence": [
        "hit ratio of the videos requested ."
      ],
      "tokens": [
        "hit",
        "ratio",
        "of",
        "the",
        "videos",
        "requested",
        "."
      ]
    }
  }
}