{
  "contains-subfigure": false,
  "Img-text": [],
  "paper-ID": "1001.2569v1",
  "figure-ID": "1001.2569v1-Figure9-1.png",
  "figure-type": "Graph Plot",
  "0-originally-extracted": "Fig. 9. Bandwidth used in a systems with and without securityduring steady state operations consisting of 200 public nodes and varioussized paired public / private nodes. Those lines labeled \u201cstatic\u201d have DHT listsqueried every 5 minutes whereas in \u201cdynamic\u201d queries are made using an exponntial backoff policy starting at 30 seconds up to a maximum of 60 minutes. Bandwidth is in bytes / second, a negligible amount of bandwidth for DSLand Cable Internet.",
  "1-lowercase-and-token-and-remove-figure-index": {
    "caption": "bandwidth used in a systems with and without securityduring steady state operations consisting of 200 public nodes and varioussized paired public / private nodes . those lines labeled \u201c static \u201d have dht listsqueried every 5 minutes whereas in \u201c dynamic \u201d queries are made using an exponntial backoff policy starting at 30 seconds up to a maximum of 60 minutes . bandwidth is in bytes / second , a negligible amount of bandwidth for dsland cable internet .",
    "sentence": [
      "bandwidth used in a systems with and without securityduring steady state operations consisting of 200 public nodes and varioussized paired public / private nodes .",
      "those lines labeled \u201c static \u201d have dht listsqueried every 5 minutes whereas in \u201c dynamic \u201d queries are made using an exponntial backoff policy starting at 30 seconds up to a maximum of 60 minutes .",
      "bandwidth is in bytes / second , a negligible amount of bandwidth for dsland cable internet ."
    ],
    "token": [
      "bandwidth",
      "used",
      "in",
      "a",
      "systems",
      "with",
      "and",
      "without",
      "securityduring",
      "steady",
      "state",
      "operations",
      "consisting",
      "of",
      "200",
      "public",
      "nodes",
      "and",
      "varioussized",
      "paired",
      "public",
      "/",
      "private",
      "nodes",
      ".",
      "those",
      "lines",
      "labeled",
      "\u201c",
      "static",
      "\u201d",
      "have",
      "dht",
      "listsqueried",
      "every",
      "5",
      "minutes",
      "whereas",
      "in",
      "\u201c",
      "dynamic",
      "\u201d",
      "queries",
      "are",
      "made",
      "using",
      "an",
      "exponntial",
      "backoff",
      "policy",
      "starting",
      "at",
      "30",
      "seconds",
      "up",
      "to",
      "a",
      "maximum",
      "of",
      "60",
      "minutes",
      ".",
      "bandwidth",
      "is",
      "in",
      "bytes",
      "/",
      "second",
      ",",
      "a",
      "negligible",
      "amount",
      "of",
      "bandwidth",
      "for",
      "dsland",
      "cable",
      "internet",
      "."
    ]
  },
  "2-normalized": {
    "2-1-basic-num": {
      "caption": "bandwidth used in a systems with and without securityduring steady state operations consisting of NUM-TK public nodes and varioussized paired public / private nodes . those lines labeled \u201c static \u201d have dht listsqueried every NUM-TK minutes whereas in \u201c dynamic \u201d queries are made using an exponntial backoff policy starting at NUM-TK seconds up to a maximum of NUM-TK minutes . bandwidth is in bytes / second , a negligible amount of bandwidth for dsland cable internet .",
      "sentence": [
        "bandwidth used in a systems with and without securityduring steady state operations consisting of NUM-TK public nodes and varioussized paired public / private nodes .",
        "those lines labeled \u201c static \u201d have dht listsqueried every NUM-TK minutes whereas in \u201c dynamic \u201d queries are made using an exponntial backoff policy starting at NUM-TK seconds up to a maximum of NUM-TK minutes .",
        "bandwidth is in bytes / second , a negligible amount of bandwidth for dsland cable internet ."
      ],
      "token": [
        "bandwidth",
        "used",
        "in",
        "a",
        "systems",
        "with",
        "and",
        "without",
        "securityduring",
        "steady",
        "state",
        "operations",
        "consisting",
        "of",
        "NUM-TK",
        "public",
        "nodes",
        "and",
        "varioussized",
        "paired",
        "public",
        "/",
        "private",
        "nodes",
        ".",
        "those",
        "lines",
        "labeled",
        "\u201c",
        "static",
        "\u201d",
        "have",
        "dht",
        "listsqueried",
        "every",
        "NUM-TK",
        "minutes",
        "whereas",
        "in",
        "\u201c",
        "dynamic",
        "\u201d",
        "queries",
        "are",
        "made",
        "using",
        "an",
        "exponntial",
        "backoff",
        "policy",
        "starting",
        "at",
        "NUM-TK",
        "seconds",
        "up",
        "to",
        "a",
        "maximum",
        "of",
        "NUM-TK",
        "minutes",
        ".",
        "bandwidth",
        "is",
        "in",
        "bytes",
        "/",
        "second",
        ",",
        "a",
        "negligible",
        "amount",
        "of",
        "bandwidth",
        "for",
        "dsland",
        "cable",
        "internet",
        "."
      ]
    },
    "2-2-advanced-euqation-bracket": {
      "caption": "bandwidth used in a systems with and without securityduring steady state operations consisting of NUM public nodes and varioussized paired public / private nodes . those lines labeled \u201c static \u201d have dht listsqueried every NUM minutes whereas in \u201c dynamic \u201d queries are made using an exponntial backoff policy starting at NUM seconds up to a maximum of NUM minutes . bandwidth is in bytes / second , a negligible amount of bandwidth for dsland cable internet .",
      "sentence": [
        "bandwidth used in a systems with and without securityduring steady state operations consisting of NUM public nodes and varioussized paired public / private nodes .",
        "those lines labeled \u201c static \u201d have dht listsqueried every NUM minutes whereas in \u201c dynamic \u201d queries are made using an exponntial backoff policy starting at NUM seconds up to a maximum of NUM minutes .",
        "bandwidth is in bytes / second , a negligible amount of bandwidth for dsland cable internet ."
      ],
      "tokens": [
        "bandwidth",
        "used",
        "in",
        "a",
        "systems",
        "with",
        "and",
        "without",
        "securityduring",
        "steady",
        "state",
        "operations",
        "consisting",
        "of",
        "NUM",
        "public",
        "nodes",
        "and",
        "varioussized",
        "paired",
        "public",
        "/",
        "private",
        "nodes",
        ".",
        "those",
        "lines",
        "labeled",
        "\u201c",
        "static",
        "\u201d",
        "have",
        "dht",
        "listsqueried",
        "every",
        "NUM",
        "minutes",
        "whereas",
        "in",
        "\u201c",
        "dynamic",
        "\u201d",
        "queries",
        "are",
        "made",
        "using",
        "an",
        "exponntial",
        "backoff",
        "policy",
        "starting",
        "at",
        "NUM",
        "seconds",
        "up",
        "to",
        "a",
        "maximum",
        "of",
        "NUM",
        "minutes",
        ".",
        "bandwidth",
        "is",
        "in",
        "bytes",
        "/",
        "second",
        ",",
        "a",
        "negligible",
        "amount",
        "of",
        "bandwidth",
        "for",
        "dsland",
        "cable",
        "internet",
        "."
      ]
    }
  }
}