{
  "contains-subfigure": false,
  "Img-text": [],
  "paper-ID": "1001.2279v1",
  "figure-ID": "1001.2279v1-Figure5-1.png",
  "figure-type": "Graph Plot",
  "0-originally-extracted": "Figure 5. Membership functions of Zoom",
  "1-lowercase-and-token-and-remove-figure-index": {
    "caption": "membership functions of zoom .",
    "sentence": [
      "membership functions of zoom ."
    ],
    "token": [
      "membership",
      "functions",
      "of",
      "zoom",
      "."
    ]
  },
  "2-normalized": {
    "2-1-basic-num": {
      "caption": "membership functions of zoom .",
      "sentence": [
        "membership functions of zoom ."
      ],
      "token": [
        "membership",
        "functions",
        "of",
        "zoom",
        "."
      ]
    },
    "2-2-advanced-euqation-bracket": {
      "caption": "membership functions of zoom .",
      "sentence": [
        "membership functions of zoom ."
      ],
      "tokens": [
        "membership",
        "functions",
        "of",
        "zoom",
        "."
      ]
    }
  }
}