{
  "contains-subfigure": false,
  "Img-text": [
    "Fuzzy",
    "Temporal",
    "Logic",
    "Fuzzy",
    "Logic",
    "%",
    ")",
    "at",
    "e(",
    "e",
    "R",
    "si",
    "tiv",
    "e",
    "Po",
    "Fa",
    "ls",
    "No.",
    "of",
    "patients",
    "90",
    "0",
    "70",
    "0",
    "50",
    "0",
    "30",
    "0",
    "10",
    "0",
    "100",
    "90",
    "80",
    "70",
    "60",
    "50",
    "40",
    "30",
    "20",
    "10",
    "0"
  ],
  "paper-ID": "1001.1979v1",
  "figure-ID": "1001.1979v1-Figure3-1.png",
  "figure-type": "Graph Plot",
  "0-originally-extracted": "Figure 3. False Positive Analysis",
  "1-lowercase-and-token-and-remove-figure-index": {
    "caption": "false positive analysis .",
    "sentence": [
      "false positive analysis ."
    ],
    "token": [
      "false",
      "positive",
      "analysis",
      "."
    ]
  },
  "2-normalized": {
    "2-1-basic-num": {
      "caption": "false positive analysis .",
      "sentence": [
        "false positive analysis ."
      ],
      "token": [
        "false",
        "positive",
        "analysis",
        "."
      ]
    },
    "2-2-advanced-euqation-bracket": {
      "caption": "false positive analysis .",
      "sentence": [
        "false positive analysis ."
      ],
      "tokens": [
        "false",
        "positive",
        "analysis",
        "."
      ]
    }
  }
}