{
  "contains-subfigure": false,
  "Img-text": [
    "Average",
    "Beampattern",
    "Beampattern",
    "\u2212",
    "With",
    "Node",
    "Selection",
    "Directions",
    "of",
    "Neighboring",
    "BSs/APs",
    "B",
    "]",
    "er",
    "[d",
    "P",
    "ow",
    "Angle",
    "\u03c6",
    "[degree]",
    "40",
    "30",
    "20",
    "10",
    "0",
    "\u221210",
    "\u2212180",
    "\u2212120",
    "\u221260",
    "0",
    "60",
    "120",
    "180",
    "\u221220"
  ],
  "paper-ID": "1001.3193v1",
  "figure-ID": "1001.3193v1-Figure5-1.png",
  "figure-type": "Graph Plot",
  "0-originally-extracted": "Fig. 5. Beampattern: The neighboring BSs/APs are at directions corresponding to the peaks of the average beampattern.",
  "1-lowercase-and-token-and-remove-figure-index": {
    "caption": "beampattern : the neighboring bss/aps are at directions corresponding to the peaks of the average beampattern .",
    "sentence": [
      "beampattern : the neighboring bss/aps are at directions corresponding to the peaks of the average beampattern ."
    ],
    "token": [
      "beampattern",
      ":",
      "the",
      "neighboring",
      "bss/aps",
      "are",
      "at",
      "directions",
      "corresponding",
      "to",
      "the",
      "peaks",
      "of",
      "the",
      "average",
      "beampattern",
      "."
    ]
  },
  "2-normalized": {
    "2-1-basic-num": {
      "caption": "beampattern : the neighboring bss/aps are at directions corresponding to the peaks of the average beampattern .",
      "sentence": [
        "beampattern : the neighboring bss/aps are at directions corresponding to the peaks of the average beampattern ."
      ],
      "token": [
        "beampattern",
        ":",
        "the",
        "neighboring",
        "bss/aps",
        "are",
        "at",
        "directions",
        "corresponding",
        "to",
        "the",
        "peaks",
        "of",
        "the",
        "average",
        "beampattern",
        "."
      ]
    },
    "2-2-advanced-euqation-bracket": {
      "caption": "beampattern : the neighboring bss/aps are at directions corresponding to the peaks of the average beampattern .",
      "sentence": [
        "beampattern : the neighboring bss/aps are at directions corresponding to the peaks of the average beampattern ."
      ],
      "tokens": [
        "beampattern",
        ":",
        "the",
        "neighboring",
        "bss/aps",
        "are",
        "at",
        "directions",
        "corresponding",
        "to",
        "the",
        "peaks",
        "of",
        "the",
        "average",
        "beampattern",
        "."
      ]
    }
  }
}