{
  "contains-subfigure": false,
  "Img-text": [],
  "paper-ID": "1001.1110v1",
  "figure-ID": "1001.1110v1-Figure2-1.png",
  "figure-type": "Graph Plot",
  "0-originally-extracted": "Fig. 2. Variations of mf [dB] with \u03c3 [dB] for \u03b7 = 3.",
  "1-lowercase-and-token-and-remove-figure-index": {
    "caption": "variations of mf [ db ] with \u03c3 [ db ] for \u03b7 = 3 .",
    "sentence": [
      "variations of mf [ db ] with \u03c3 [ db ] for \u03b7 = 3 ."
    ],
    "token": [
      "variations",
      "of",
      "mf",
      "[",
      "db",
      "]",
      "with",
      "\u03c3",
      "[",
      "db",
      "]",
      "for",
      "\u03b7",
      "=",
      "3",
      "."
    ]
  },
  "2-normalized": {
    "2-1-basic-num": {
      "caption": "variations of mf [ db ] with \u03c3 [ db ] for \u03b7 = NUM-TK .",
      "sentence": [
        "variations of mf [ db ] with \u03c3 [ db ] for \u03b7 = NUM-TK ."
      ],
      "token": [
        "variations",
        "of",
        "mf",
        "[",
        "db",
        "]",
        "with",
        "\u03c3",
        "[",
        "db",
        "]",
        "for",
        "\u03b7",
        "=",
        "NUM-TK",
        "."
      ]
    },
    "2-2-advanced-euqation-bracket": {
      "caption": "variations of mf BRACKET-TK with \u03c3 BRACKET-TK for EQUAT-TK .",
      "sentence": [
        "variations of mf BRACKET-TK with \u03c3 BRACKET-TK for EQUAT-TK ."
      ],
      "tokens": [
        "variations",
        "of",
        "mf",
        "BRACKET-TK",
        "with",
        "\u03c3",
        "BRACKET-TK",
        "for",
        "EQUAT-TK",
        "."
      ]
    }
  }
}