{
  "contains-subfigure": false,
  "Img-text": [
    "Antigen",
    "ID",
    "0",
    "100",
    "200",
    "300",
    "400",
    "500",
    "600",
    "700",
    "0",
    "0.1",
    "0.2",
    "0.3",
    "0.4",
    "0.5",
    "0.6",
    "0.7",
    "0.8",
    "0.9",
    "1",
    "s",
    "e",
    "n",
    "ti",
    "g",
    "a",
    "n",
    "x",
    "t",
    "n",
    "te",
    "re",
    "co",
    "a",
    "tu",
    "%",
    "m"
  ],
  "paper-ID": "1001.2411v1",
  "figure-ID": "1001.2411v1-Figure2-1.png",
  "figure-type": "Graph Plot",
  "0-originally-extracted": "Fig. 2. The experiment shown features a one step data order (n=20). The data set contains 240 data items of class 0 followed by 460 class 1 items. The context switching of DCs is demonstrated in accordance with change in the data.",
  "1-lowercase-and-token-and-remove-figure-index": {
    "caption": "the experiment shown features a one step data order ( n=0 ) . the data set contains 40 data items of class 0 followed by 460 class 1 items . the context switching of dcs is demonstrated in accordance with change in the data .",
    "sentence": [
      "the experiment shown features a one step data order ( n=0 ) .",
      "the data set contains 40 data items of class 0 followed by 460 class 1 items .",
      "the context switching of dcs is demonstrated in accordance with change in the data ."
    ],
    "token": [
      "the",
      "experiment",
      "shown",
      "features",
      "a",
      "one",
      "step",
      "data",
      "order",
      "(",
      "n=0",
      ")",
      ".",
      "the",
      "data",
      "set",
      "contains",
      "40",
      "data",
      "items",
      "of",
      "class",
      "0",
      "followed",
      "by",
      "460",
      "class",
      "1",
      "items",
      ".",
      "the",
      "context",
      "switching",
      "of",
      "dcs",
      "is",
      "demonstrated",
      "in",
      "accordance",
      "with",
      "change",
      "in",
      "the",
      "data",
      "."
    ]
  },
  "2-normalized": {
    "2-1-basic-num": {
      "caption": "the experiment shown features a NUM-TK step data order ( n=0 ) . the data set contains NUM-TK data items of class NUM-TK followed by NUM-TK class NUM-TK items . the context switching of dcs is demonstrated in accordance with change in the data .",
      "sentence": [
        "the experiment shown features a NUM-TK step data order ( n=0 ) .",
        "the data set contains NUM-TK data items of class NUM-TK followed by NUM-TK class NUM-TK items .",
        "the context switching of dcs is demonstrated in accordance with change in the data ."
      ],
      "token": [
        "the",
        "experiment",
        "shown",
        "features",
        "a",
        "NUM-TK",
        "step",
        "data",
        "order",
        "(",
        "n=0",
        ")",
        ".",
        "the",
        "data",
        "set",
        "contains",
        "NUM-TK",
        "data",
        "items",
        "of",
        "class",
        "NUM-TK",
        "followed",
        "by",
        "NUM-TK",
        "class",
        "NUM-TK",
        "items",
        ".",
        "the",
        "context",
        "switching",
        "of",
        "dcs",
        "is",
        "demonstrated",
        "in",
        "accordance",
        "with",
        "change",
        "in",
        "the",
        "data",
        "."
      ]
    },
    "2-2-advanced-euqation-bracket": {
      "caption": "the experiment shown features a NUM step data order BRACKET-TK . the data set contains NUM data items of class NUM followed by NUM class NUM items . the context switching of dcs is demonstrated in accordance with change in the data .",
      "sentence": [
        "the experiment shown features a NUM step data order BRACKET-TK .",
        "the data set contains NUM data items of class NUM followed by NUM class NUM items .",
        "the context switching of dcs is demonstrated in accordance with change in the data ."
      ],
      "tokens": [
        "the",
        "experiment",
        "shown",
        "features",
        "a",
        "NUM",
        "step",
        "data",
        "order",
        "BRACKET-TK",
        ".",
        "the",
        "data",
        "set",
        "contains",
        "NUM",
        "data",
        "items",
        "of",
        "class",
        "NUM",
        "followed",
        "by",
        "NUM",
        "class",
        "NUM",
        "items",
        ".",
        "the",
        "context",
        "switching",
        "of",
        "dcs",
        "is",
        "demonstrated",
        "in",
        "accordance",
        "with",
        "change",
        "in",
        "the",
        "data",
        "."
      ]
    }
  }
}