{
  "contains-subfigure": false,
  "Img-text": [],
  "paper-ID": "1001.4301v1",
  "figure-ID": "1001.4301v1-Figure20-1.png",
  "figure-type": "Graph Plot",
  "0-originally-extracted": "Fig. 20 Experimental results for BACH PCA algorithm (input signal energy decreased 100 times)",
  "1-lowercase-and-token-and-remove-figure-index": {
    "caption": "experimental results for bach pca algorithm ( input signal energy decreased 100 times ) .",
    "sentence": [
      "experimental results for bach pca algorithm ( input signal energy decreased 100 times ) ."
    ],
    "token": [
      "experimental",
      "results",
      "for",
      "bach",
      "pca",
      "algorithm",
      "(",
      "input",
      "signal",
      "energy",
      "decreased",
      "100",
      "times",
      ")",
      "."
    ]
  },
  "2-normalized": {
    "2-1-basic-num": {
      "caption": "experimental results for bach pca algorithm ( input signal energy decreased NUM-TK times ) .",
      "sentence": [
        "experimental results for bach pca algorithm ( input signal energy decreased NUM-TK times ) ."
      ],
      "token": [
        "experimental",
        "results",
        "for",
        "bach",
        "pca",
        "algorithm",
        "(",
        "input",
        "signal",
        "energy",
        "decreased",
        "NUM-TK",
        "times",
        ")",
        "."
      ]
    },
    "2-2-advanced-euqation-bracket": {
      "caption": "experimental results for bach pca algorithm BRACKET-TK .",
      "sentence": [
        "experimental results for bach pca algorithm BRACKET-TK ."
      ],
      "tokens": [
        "experimental",
        "results",
        "for",
        "bach",
        "pca",
        "algorithm",
        "BRACKET-TK",
        "."
      ]
    }
  }
}