{
  "contains-subfigure": false,
  "Img-text": [
    "K",
    "=",
    "1",
    "Sol",
    "id",
    "Lines:",
    "\u2212",
    "1",
    "L",
    "l",
    "ogPe",
    "|H",
    "Dotted",
    "Lines:",
    "Error",
    "exponent",
    "AWGN",
    "Ricean",
    "\u03b3",
    "s",
    "=",
    "\u221210dB,",
    "p",
    "1",
    "=",
    "0.5,\u03b3",
    "c",
    "=",
    "\u221210dB,",
    "N",
    "=",
    "5",
    "L",
    "\u22126",
    "\u22128",
    "\u221210",
    "\u221212",
    "\u221214",
    "\u221216",
    "\u221218",
    "0",
    "20",
    "40",
    "60",
    "80",
    "100",
    "120",
    "140",
    "160",
    "180",
    "200",
    "\u221220"
  ],
  "paper-ID": "1001.3173v2",
  "figure-ID": "1001.3173v2-Figure3-1.png",
  "figure-type": "Graph Plot",
  "0-originally-extracted": "Fig. 3. Monte-Carlo simulation - Error exponent for AWGN andRicean Fading channels.",
  "1-lowercase-and-token-and-remove-figure-index": {
    "caption": "monte-carlo simulation - error exponent for awgn andricean fading channels .",
    "sentence": [
      "monte-carlo simulation - error exponent for awgn andricean fading channels ."
    ],
    "token": [
      "monte-carlo",
      "simulation",
      "-",
      "error",
      "exponent",
      "for",
      "awgn",
      "andricean",
      "fading",
      "channels",
      "."
    ]
  },
  "2-normalized": {
    "2-1-basic-num": {
      "caption": "monte-carlo simulation - error exponent for awgn andricean fading channels .",
      "sentence": [
        "monte-carlo simulation - error exponent for awgn andricean fading channels ."
      ],
      "token": [
        "monte-carlo",
        "simulation",
        "-",
        "error",
        "exponent",
        "for",
        "awgn",
        "andricean",
        "fading",
        "channels",
        "."
      ]
    },
    "2-2-advanced-euqation-bracket": {
      "caption": "monte-carlo simulation - error exponent for awgn andricean fading channels .",
      "sentence": [
        "monte-carlo simulation - error exponent for awgn andricean fading channels ."
      ],
      "tokens": [
        "monte-carlo",
        "simulation",
        "-",
        "error",
        "exponent",
        "for",
        "awgn",
        "andricean",
        "fading",
        "channels",
        "."
      ]
    }
  }
}