{
  "contains-subfigure": false,
  "Img-text": [
    "MKL",
    "(8",
    "N-EP",
    "cores)",
    "CUDA",
    "(C1060",
    "GPU)",
    "RapidMind",
    "(8",
    "N-EP",
    "cores)",
    "RapidMind",
    "(C1060",
    "GPU)",
    "RapidMind",
    "(Cell,",
    "8",
    "SPUs)",
    "Sparse",
    "matrix-vector",
    "multiplication",
    "(mod2as,",
    "dp)",
    "#Rows",
    "p",
    "/s",
    "Fl",
    "o",
    "in",
    "M",
    "an",
    "ce",
    "fo",
    "rm",
    "P",
    "er",
    "64",
    "128",
    "256",
    "512",
    "1024",
    "2048",
    "4096",
    "8192",
    "10000",
    "1000",
    "100",
    "10",
    "1",
    "0.1",
    "0.01",
    "0.001"
  ],
  "paper-ID": "1001.1902v2",
  "figure-ID": "1001.1902v2-Figure5-1.png",
  "figure-type": "Graph Plot",
  "0-originally-extracted": "Fig. 5. Performance comparison of the sparse matrix-vector multiplication. Performance results for the RapidMind implementation on various backends are given and compared with implementations in CUDA and based on MKL. The difference between the MKL and the RapidMind x86-results is less than a factor of 3 for big matrix sizes.",
  "1-lowercase-and-token-and-remove-figure-index": {
    "caption": "performance comparison of the sparse matrix-vector multiplication . performance results for the rapidmind implementation on various backends are given and compared with implementations in cuda and based on mkl . the difference between the mkl and the rapidmind x86-results is less than a factor of 3 for big matrix sizes .",
    "sentence": [
      "performance comparison of the sparse matrix-vector multiplication .",
      "performance results for the rapidmind implementation on various backends are given and compared with implementations in cuda and based on mkl .",
      "the difference between the mkl and the rapidmind x86-results is less than a factor of 3 for big matrix sizes ."
    ],
    "token": [
      "performance",
      "comparison",
      "of",
      "the",
      "sparse",
      "matrix-vector",
      "multiplication",
      ".",
      "performance",
      "results",
      "for",
      "the",
      "rapidmind",
      "implementation",
      "on",
      "various",
      "backends",
      "are",
      "given",
      "and",
      "compared",
      "with",
      "implementations",
      "in",
      "cuda",
      "and",
      "based",
      "on",
      "mkl",
      ".",
      "the",
      "difference",
      "between",
      "the",
      "mkl",
      "and",
      "the",
      "rapidmind",
      "x86-results",
      "is",
      "less",
      "than",
      "a",
      "factor",
      "of",
      "3",
      "for",
      "big",
      "matrix",
      "sizes",
      "."
    ]
  },
  "2-normalized": {
    "2-1-basic-num": {
      "caption": "performance comparison of the sparse matrix-vector multiplication . performance results for the rapidmind implementation on various backends are given and compared with implementations in cuda and based on mkl . the difference between the mkl and the rapidmind x86-results is less than a factor of NUM-TK for big matrix sizes .",
      "sentence": [
        "performance comparison of the sparse matrix-vector multiplication .",
        "performance results for the rapidmind implementation on various backends are given and compared with implementations in cuda and based on mkl .",
        "the difference between the mkl and the rapidmind x86-results is less than a factor of NUM-TK for big matrix sizes ."
      ],
      "token": [
        "performance",
        "comparison",
        "of",
        "the",
        "sparse",
        "matrix-vector",
        "multiplication",
        ".",
        "performance",
        "results",
        "for",
        "the",
        "rapidmind",
        "implementation",
        "on",
        "various",
        "backends",
        "are",
        "given",
        "and",
        "compared",
        "with",
        "implementations",
        "in",
        "cuda",
        "and",
        "based",
        "on",
        "mkl",
        ".",
        "the",
        "difference",
        "between",
        "the",
        "mkl",
        "and",
        "the",
        "rapidmind",
        "x86-results",
        "is",
        "less",
        "than",
        "a",
        "factor",
        "of",
        "NUM-TK",
        "for",
        "big",
        "matrix",
        "sizes",
        "."
      ]
    },
    "2-2-advanced-euqation-bracket": {
      "caption": "performance comparison of the sparse matrix-vector multiplication . performance results for the rapidmind implementation on various backends are given and compared with implementations in cuda and based on mkl . the difference between the mkl and the rapidmind x86-results is less than a factor of NUM for big matrix sizes .",
      "sentence": [
        "performance comparison of the sparse matrix-vector multiplication .",
        "performance results for the rapidmind implementation on various backends are given and compared with implementations in cuda and based on mkl .",
        "the difference between the mkl and the rapidmind x86-results is less than a factor of NUM for big matrix sizes ."
      ],
      "tokens": [
        "performance",
        "comparison",
        "of",
        "the",
        "sparse",
        "matrix-vector",
        "multiplication",
        ".",
        "performance",
        "results",
        "for",
        "the",
        "rapidmind",
        "implementation",
        "on",
        "various",
        "backends",
        "are",
        "given",
        "and",
        "compared",
        "with",
        "implementations",
        "in",
        "cuda",
        "and",
        "based",
        "on",
        "mkl",
        ".",
        "the",
        "difference",
        "between",
        "the",
        "mkl",
        "and",
        "the",
        "rapidmind",
        "x86-results",
        "is",
        "less",
        "than",
        "a",
        "factor",
        "of",
        "NUM",
        "for",
        "big",
        "matrix",
        "sizes",
        "."
      ]
    }
  }
}