{
  "contains-subfigure": false,
  "Img-text": [
    "w=5,",
    "d=1",
    "w=10,",
    "d=1",
    "R",
    "B",
    "E",
    "Eb/N0",
    "(dB)",
    "10",
    "0",
    "10",
    "-1",
    "10",
    "-2",
    "10",
    "-3",
    "10",
    "-4",
    "10",
    "-5",
    "-6",
    "0",
    "2",
    "4",
    "6",
    "8",
    "10",
    "12",
    "14",
    "10"
  ],
  "paper-ID": "1001.4423v1",
  "figure-ID": "1001.4423v1-Figure1-1.png",
  "figure-type": "Graph Plot",
  "0-originally-extracted": "Fig. 1. BER vs. \ud835\udc38\ud835\udc38\ud835\udc4f\ud835\udc4f \ud835\udc41\ud835\udc410\u2044 for different window lengths.",
  "1-lowercase-and-token-and-remove-figure-index": {
    "caption": "ber vs. \ud835\udc38\ud835\udc38\ud835\udc4f\ud835\udc4f \ud835\udc41\ud835\udc410\u2044 for different window lengths .",
    "sentence": [
      "ber vs. \ud835\udc38\ud835\udc38\ud835\udc4f\ud835\udc4f \ud835\udc41\ud835\udc410\u2044 for different window lengths ."
    ],
    "token": [
      "ber",
      "vs.",
      "\ud835\udc38\ud835\udc38\ud835\udc4f\ud835\udc4f",
      "\ud835\udc41\ud835\udc410\u2044",
      "for",
      "different",
      "window",
      "lengths",
      "."
    ]
  },
  "2-normalized": {
    "2-1-basic-num": {
      "caption": "ber vs. \ud835\udc38\ud835\udc38\ud835\udc4f\ud835\udc4f \ud835\udc41\ud835\udc410\u2044 for different window lengths .",
      "sentence": [
        "ber vs. \ud835\udc38\ud835\udc38\ud835\udc4f\ud835\udc4f \ud835\udc41\ud835\udc410\u2044 for different window lengths ."
      ],
      "token": [
        "ber",
        "vs.",
        "\ud835\udc38\ud835\udc38\ud835\udc4f\ud835\udc4f",
        "\ud835\udc41\ud835\udc410\u2044",
        "for",
        "different",
        "window",
        "lengths",
        "."
      ]
    },
    "2-2-advanced-euqation-bracket": {
      "caption": "ber vs. \ud835\udc38\ud835\udc38\ud835\udc4f\ud835\udc4f \ud835\udc41\ud835\udc410\u2044 for different window lengths .",
      "sentence": [
        "ber vs. \ud835\udc38\ud835\udc38\ud835\udc4f\ud835\udc4f \ud835\udc41\ud835\udc410\u2044 for different window lengths ."
      ],
      "tokens": [
        "ber",
        "vs.",
        "\ud835\udc38\ud835\udc38\ud835\udc4f\ud835\udc4f",
        "\ud835\udc41\ud835\udc410\u2044",
        "for",
        "different",
        "window",
        "lengths",
        "."
      ]
    }
  }
}