{
  "contains-subfigure": false,
  "Img-text": [
    "1",
    "2",
    "3",
    "4",
    "5",
    "6",
    "8000000000",
    "7000000000",
    "6000000000",
    "5000000000",
    "4000000000",
    "3000000000",
    "2000000000",
    "1000000000",
    "0",
    "packet",
    "size",
    "(2",
    "10",
    "-2",
    "15",
    "bytes)."
  ],
  "paper-ID": "1001.1451v1",
  "figure-ID": "1001.1451v1-Figure3-1.png",
  "figure-type": "Graph Plot",
  "0-originally-extracted": "Fig. 3. The product between the error of the estimation and the",
  "1-lowercase-and-token-and-remove-figure-index": {
    "caption": "the product between the error of the estimation and the .",
    "sentence": [
      "the product between the error of the estimation and the ."
    ],
    "token": [
      "the",
      "product",
      "between",
      "the",
      "error",
      "of",
      "the",
      "estimation",
      "and",
      "the",
      "."
    ]
  },
  "2-normalized": {
    "2-1-basic-num": {
      "caption": "the product between the error of the estimation and the .",
      "sentence": [
        "the product between the error of the estimation and the ."
      ],
      "token": [
        "the",
        "product",
        "between",
        "the",
        "error",
        "of",
        "the",
        "estimation",
        "and",
        "the",
        "."
      ]
    },
    "2-2-advanced-euqation-bracket": {
      "caption": "the product between the error of the estimation and the .",
      "sentence": [
        "the product between the error of the estimation and the ."
      ],
      "tokens": [
        "the",
        "product",
        "between",
        "the",
        "error",
        "of",
        "the",
        "estimation",
        "and",
        "the",
        "."
      ]
    }
  }
}