{
  "contains-subfigure": false,
  "Img-text": [
    "0",
    "\u03b3",
    "R",
    "R",
    "0",
    "/",
    "AF",
    "strategy",
    "DF",
    "strategy",
    "p=0.1",
    "p=0.3",
    "p=0.5",
    "(dB)",
    "1",
    "0.95",
    "0.9",
    "0.85",
    "0.8",
    "0.75",
    "0.7",
    "0.65",
    "0.6",
    "0.55",
    "0",
    "5",
    "10",
    "15",
    "20",
    "25",
    "30",
    "35",
    "40",
    "0.5"
  ],
  "paper-ID": "1001.5336v1",
  "figure-ID": "1001.5336v1-Figure5-1.png",
  "figure-type": "Graph Plot",
  "0-originally-extracted": "Fig. 5. Rate loss due to random attacks,\u03b1 = 0.6.",
  "1-lowercase-and-token-and-remove-figure-index": {
    "caption": "rate loss due to random attacks , \u03b1 = 0.6 .",
    "sentence": [
      "rate loss due to random attacks , \u03b1 = 0.6 ."
    ],
    "token": [
      "rate",
      "loss",
      "due",
      "to",
      "random",
      "attacks",
      ",",
      "\u03b1",
      "=",
      "0.6",
      "."
    ]
  },
  "2-normalized": {
    "2-1-basic-num": {
      "caption": "rate loss due to random attacks , \u03b1 = NUM-TK .",
      "sentence": [
        "rate loss due to random attacks , \u03b1 = NUM-TK ."
      ],
      "token": [
        "rate",
        "loss",
        "due",
        "to",
        "random",
        "attacks",
        ",",
        "\u03b1",
        "=",
        "NUM-TK",
        "."
      ]
    },
    "2-2-advanced-euqation-bracket": {
      "caption": "rate loss due to random attacks , EQUAT-TK .",
      "sentence": [
        "rate loss due to random attacks , EQUAT-TK ."
      ],
      "tokens": [
        "rate",
        "loss",
        "due",
        "to",
        "random",
        "attacks",
        ",",
        "EQUAT-TK",
        "."
      ]
    }
  }
}