{
  "contains-subfigure": false,
  "Img-text": [
    "Proposed",
    "Code",
    "Perfect",
    "code",
    "te",
    "R",
    "a",
    "o",
    "r",
    "l",
    "E",
    "rr",
    "b",
    "o",
    "S",
    "ym",
    "SNR",
    "in",
    "db",
    "10",
    "0",
    "10",
    "\u22121",
    "10",
    "\u22122",
    "10",
    "\u22123",
    "10",
    "\u22124",
    "10",
    "\u22125",
    "10",
    "\u22126",
    "\u22127",
    "4",
    "6",
    "8",
    "10",
    "12",
    "14",
    "16",
    "18",
    "10"
  ],
  "paper-ID": "1001.1872v1",
  "figure-ID": "1001.1872v1-Figure4-1.png",
  "figure-type": "Graph Plot",
  "0-originally-extracted": "Fig. 4. SER performance at 8 BPCU for codes for4\u00d7 4 systems",
  "1-lowercase-and-token-and-remove-figure-index": {
    "caption": "ser performance at 8 bpcu for codes for\u00d7 systems .",
    "sentence": [
      "ser performance at 8 bpcu for codes for\u00d7 systems ."
    ],
    "token": [
      "ser",
      "performance",
      "at",
      "8",
      "bpcu",
      "for",
      "codes",
      "for\u00d7",
      "systems",
      "."
    ]
  },
  "2-normalized": {
    "2-1-basic-num": {
      "caption": "ser performance at NUM-TK bpcu for codes for\u00d7 systems .",
      "sentence": [
        "ser performance at NUM-TK bpcu for codes for\u00d7 systems ."
      ],
      "token": [
        "ser",
        "performance",
        "at",
        "NUM-TK",
        "bpcu",
        "for",
        "codes",
        "for\u00d7",
        "systems",
        "."
      ]
    },
    "2-2-advanced-euqation-bracket": {
      "caption": "ser performance at NUM bpcu for codes for\u00d7 systems .",
      "sentence": [
        "ser performance at NUM bpcu for codes for\u00d7 systems ."
      ],
      "tokens": [
        "ser",
        "performance",
        "at",
        "NUM",
        "bpcu",
        "for",
        "codes",
        "for\u00d7",
        "systems",
        "."
      ]
    }
  }
}