{
  "contains-subfigure": false,
  "Img-text": [],
  "paper-ID": "1001.1603v1",
  "figure-ID": "1001.1603v1-Figure7-1.png",
  "figure-type": "Graph Plot",
  "0-originally-extracted": "Fig. 7. Performances of the soft decision MIMO codes measured at the FEC decoder output.",
  "1-lowercase-and-token-and-remove-figure-index": {
    "caption": "performances of the soft decision mimo codes measured at the fec decoder output .",
    "sentence": [
      "performances of the soft decision mimo codes measured at the fec decoder output ."
    ],
    "token": [
      "performances",
      "of",
      "the",
      "soft",
      "decision",
      "mimo",
      "codes",
      "measured",
      "at",
      "the",
      "fec",
      "decoder",
      "output",
      "."
    ]
  },
  "2-normalized": {
    "2-1-basic-num": {
      "caption": "performances of the soft decision mimo codes measured at the fec decoder output .",
      "sentence": [
        "performances of the soft decision mimo codes measured at the fec decoder output ."
      ],
      "token": [
        "performances",
        "of",
        "the",
        "soft",
        "decision",
        "mimo",
        "codes",
        "measured",
        "at",
        "the",
        "fec",
        "decoder",
        "output",
        "."
      ]
    },
    "2-2-advanced-euqation-bracket": {
      "caption": "performances of the soft decision mimo codes measured at the fec decoder output .",
      "sentence": [
        "performances of the soft decision mimo codes measured at the fec decoder output ."
      ],
      "tokens": [
        "performances",
        "of",
        "the",
        "soft",
        "decision",
        "mimo",
        "codes",
        "measured",
        "at",
        "the",
        "fec",
        "decoder",
        "output",
        "."
      ]
    }
  }
}