{
  "contains-subfigure": false,
  "Img-text": [
    "Proposed",
    "algorithm",
    "Maximum",
    "expected",
    "signal",
    "combining",
    "(ZF",
    "precoder)",
    "Maximum",
    "Eigenmode",
    "transmission",
    "Quantization",
    "Based",
    "Combining",
    "M",
    "=",
    "4,",
    "L",
    "=",
    "[2",
    "2],",
    "N",
    "=",
    "[3",
    "3],",
    "24",
    "bit",
    "per",
    "user",
    "R",
    "B",
    "E",
    "ra",
    "ge",
    "A",
    "ve",
    "SNR",
    "(in",
    "dB)",
    "10",
    "0",
    "10",
    "\u22121",
    "10",
    "\u22122",
    "10",
    "\u22123",
    "\u22124",
    "0",
    "5",
    "10",
    "15",
    "20",
    "25",
    "10"
  ],
  "paper-ID": "1001.2307v1",
  "figure-ID": "1001.2307v1-Figure6-1.png",
  "figure-type": "Graph Plot",
  "0-originally-extracted": "Fig. 6. Comparison with previous MU-MIMO VQ precoding techniquesM = 4, N1 = N2 = 2, N3 = 3, Lk = 1, \u2200k, B = 15, QPSK",
  "1-lowercase-and-token-and-remove-figure-index": {
    "caption": "comparison with previous mu-mimo vq precoding techniquesm = 4 , n1 = n2 = 2 , n3 = 3 , lk = 1 , \u2200k , b = 15 , qpsk .",
    "sentence": [
      "comparison with previous mu-mimo vq precoding techniquesm = 4 , n1 = n2 = 2 , n3 = 3 , lk = 1 , \u2200k , b = 15 , qpsk ."
    ],
    "token": [
      "comparison",
      "with",
      "previous",
      "mu-mimo",
      "vq",
      "precoding",
      "techniquesm",
      "=",
      "4",
      ",",
      "n1",
      "=",
      "n2",
      "=",
      "2",
      ",",
      "n3",
      "=",
      "3",
      ",",
      "lk",
      "=",
      "1",
      ",",
      "\u2200k",
      ",",
      "b",
      "=",
      "15",
      ",",
      "qpsk",
      "."
    ]
  },
  "2-normalized": {
    "2-1-basic-num": {
      "caption": "comparison with previous mu-mimo vq precoding techniquesm = NUM-TK , n1 = n2 = NUM-TK , n3 = NUM-TK , lk = NUM-TK , \u2200k , b = NUM-TK , qpsk .",
      "sentence": [
        "comparison with previous mu-mimo vq precoding techniquesm = NUM-TK , n1 = n2 = NUM-TK , n3 = NUM-TK , lk = NUM-TK , \u2200k , b = NUM-TK , qpsk ."
      ],
      "token": [
        "comparison",
        "with",
        "previous",
        "mu-mimo",
        "vq",
        "precoding",
        "techniquesm",
        "=",
        "NUM-TK",
        ",",
        "n1",
        "=",
        "n2",
        "=",
        "NUM-TK",
        ",",
        "n3",
        "=",
        "NUM-TK",
        ",",
        "lk",
        "=",
        "NUM-TK",
        ",",
        "\u2200k",
        ",",
        "b",
        "=",
        "NUM-TK",
        ",",
        "qpsk",
        "."
      ]
    },
    "2-2-advanced-euqation-bracket": {
      "caption": "comparison with previous mu-mimo vq precoding EQUAT-TK , n1 = n2 = NUM , n3 = NUM , EQUAT-TK , \u2200k , EQUAT-TK , qpsk .",
      "sentence": [
        "comparison with previous mu-mimo vq precoding EQUAT-TK , n1 = n2 = NUM , n3 = NUM , EQUAT-TK , \u2200k , EQUAT-TK , qpsk ."
      ],
      "tokens": [
        "comparison",
        "with",
        "previous",
        "mu-mimo",
        "vq",
        "precoding",
        "EQUAT-TK",
        ",",
        "n1",
        "=",
        "n2",
        "=",
        "NUM",
        ",",
        "n3",
        "=",
        "NUM",
        ",",
        "EQUAT-TK",
        ",",
        "\u2200k",
        ",",
        "EQUAT-TK",
        ",",
        "qpsk",
        "."
      ]
    }
  }
}