{
  "contains-subfigure": false,
  "Img-text": [],
  "paper-ID": "1001.2253v1",
  "figure-ID": "1001.2253v1-Figure10-1.png",
  "figure-type": "Graph Plot",
  "0-originally-extracted": "Figure 10. Output characteristic DC current at 400\u00b5Ap-p p input current, temperature 25O,50O, 75Oand 100O",
  "1-lowercase-and-token-and-remove-figure-index": {
    "caption": "output characteristic dc current at 400\u00b5ap-p p input current , temperature 25o,50o , 75oand 0o .",
    "sentence": [
      "output characteristic dc current at 400\u00b5ap-p p input current , temperature 25o,50o , 75oand 0o ."
    ],
    "token": [
      "output",
      "characteristic",
      "dc",
      "current",
      "at",
      "400\u00b5ap-p",
      "p",
      "input",
      "current",
      ",",
      "temperature",
      "25o,50o",
      ",",
      "75oand",
      "0o",
      "."
    ]
  },
  "2-normalized": {
    "2-1-basic-num": {
      "caption": "output characteristic dc current at 400\u00b5ap-p p input current , temperature NUM-TK , NUM-TK NUM-TK .",
      "sentence": [
        "output characteristic dc current at 400\u00b5ap-p p input current , temperature NUM-TK , NUM-TK NUM-TK ."
      ],
      "token": [
        "output",
        "characteristic",
        "dc",
        "current",
        "at",
        "400\u00b5ap-p",
        "p",
        "input",
        "current",
        ",",
        "temperature",
        "NUM-TK",
        ",",
        "NUM-TK",
        "NUM-TK",
        "."
      ]
    },
    "2-2-advanced-euqation-bracket": {
      "caption": "output characteristic dc current at 400\u00b5ap-p p input current , temperature NUM , NUM NUM .",
      "sentence": [
        "output characteristic dc current at 400\u00b5ap-p p input current , temperature NUM , NUM NUM ."
      ],
      "tokens": [
        "output",
        "characteristic",
        "dc",
        "current",
        "at",
        "400\u00b5ap-p",
        "p",
        "input",
        "current",
        ",",
        "temperature",
        "NUM",
        ",",
        "NUM",
        "NUM",
        "."
      ]
    }
  }
}