{
  "contains-subfigure": false,
  "Img-text": [],
  "paper-ID": "1001.1912v1",
  "figure-ID": "1001.1912v1-Figure2-1.png",
  "figure-type": "Graph Plot",
  "0-originally-extracted": "FIGURE 2 \u2013 Canal discret binaire syme\u0301trique.",
  "1-lowercase-and-token-and-remove-figure-index": {
    "caption": "\u2013 canal discret binaire syme\u0301trique .",
    "sentence": [
      "\u2013 canal discret binaire syme\u0301trique ."
    ],
    "token": [
      "\u2013",
      "canal",
      "discret",
      "binaire",
      "syme\u0301trique",
      "."
    ]
  },
  "2-normalized": {
    "2-1-basic-num": {
      "caption": "\u2013 canal discret binaire syme\u0301trique .",
      "sentence": [
        "\u2013 canal discret binaire syme\u0301trique ."
      ],
      "token": [
        "\u2013",
        "canal",
        "discret",
        "binaire",
        "syme\u0301trique",
        "."
      ]
    },
    "2-2-advanced-euqation-bracket": {
      "caption": "\u2013 canal discret binaire syme\u0301trique .",
      "sentence": [
        "\u2013 canal discret binaire syme\u0301trique ."
      ],
      "tokens": [
        "\u2013",
        "canal",
        "discret",
        "binaire",
        "syme\u0301trique",
        "."
      ]
    }
  }
}