{
  "contains-subfigure": false,
  "Img-text": [
    "RM",
    "gpu-opt",
    "version",
    "(sp)",
    "cuda,",
    "1",
    "C1060,",
    "sp",
    "cuda,",
    "1",
    "C1060,",
    "dp",
    "x86,",
    "8",
    "N-EP,",
    "sp",
    "x86,",
    "8",
    "N-EP,",
    "dp",
    "Dense",
    "matrix-matrix",
    "multiplication",
    "(mod2am,",
    "simple",
    "version)",
    "Matrix",
    "size",
    "(m)",
    "/s",
    "o",
    "p",
    "G",
    "Fl",
    "8",
    "16",
    "32",
    "64",
    "128",
    "256",
    "512",
    "1024",
    "2048",
    "4096",
    "8192",
    "100",
    "10",
    "1",
    "0.1",
    "0.01",
    "0.001"
  ],
  "paper-ID": "1001.1902v2",
  "figure-ID": "1001.1902v2-Figure2-1.png",
  "figure-type": "Graph Plot",
  "0-originally-extracted": "Fig. 2. Performance comparison of the simple mod2am version on various RapidMind backends and associated hardware. The simple version is also compared to the GPUoptimized version running on 1 C1060 GPU in single-precision.",
  "1-lowercase-and-token-and-remove-figure-index": {
    "caption": "performance comparison of the simple modam version on various rapidmind backends and associated hardware . the simple version is also compared to the gpuoptimized version running on 1 c1060 gpu in single-precision .",
    "sentence": [
      "performance comparison of the simple modam version on various rapidmind backends and associated hardware .",
      "the simple version is also compared to the gpuoptimized version running on 1 c1060 gpu in single-precision ."
    ],
    "token": [
      "performance",
      "comparison",
      "of",
      "the",
      "simple",
      "modam",
      "version",
      "on",
      "various",
      "rapidmind",
      "backends",
      "and",
      "associated",
      "hardware",
      ".",
      "the",
      "simple",
      "version",
      "is",
      "also",
      "compared",
      "to",
      "the",
      "gpuoptimized",
      "version",
      "running",
      "on",
      "1",
      "c1060",
      "gpu",
      "in",
      "single-precision",
      "."
    ]
  },
  "2-normalized": {
    "2-1-basic-num": {
      "caption": "performance comparison of the simple modam version on various rapidmind backends and associated hardware . the simple version is also compared to the gpuoptimized version running on NUM-TK c1060 gpu in single-precision .",
      "sentence": [
        "performance comparison of the simple modam version on various rapidmind backends and associated hardware .",
        "the simple version is also compared to the gpuoptimized version running on NUM-TK c1060 gpu in single-precision ."
      ],
      "token": [
        "performance",
        "comparison",
        "of",
        "the",
        "simple",
        "modam",
        "version",
        "on",
        "various",
        "rapidmind",
        "backends",
        "and",
        "associated",
        "hardware",
        ".",
        "the",
        "simple",
        "version",
        "is",
        "also",
        "compared",
        "to",
        "the",
        "gpuoptimized",
        "version",
        "running",
        "on",
        "NUM-TK",
        "c1060",
        "gpu",
        "in",
        "single-precision",
        "."
      ]
    },
    "2-2-advanced-euqation-bracket": {
      "caption": "performance comparison of the simple modam version on various rapidmind backends and associated hardware . the simple version is also compared to the gpuoptimized version running on NUM c1060 gpu in single-precision .",
      "sentence": [
        "performance comparison of the simple modam version on various rapidmind backends and associated hardware .",
        "the simple version is also compared to the gpuoptimized version running on NUM c1060 gpu in single-precision ."
      ],
      "tokens": [
        "performance",
        "comparison",
        "of",
        "the",
        "simple",
        "modam",
        "version",
        "on",
        "various",
        "rapidmind",
        "backends",
        "and",
        "associated",
        "hardware",
        ".",
        "the",
        "simple",
        "version",
        "is",
        "also",
        "compared",
        "to",
        "the",
        "gpuoptimized",
        "version",
        "running",
        "on",
        "NUM",
        "c1060",
        "gpu",
        "in",
        "single-precision",
        "."
      ]
    }
  }
}