{
  "contains-subfigure": false,
  "Img-text": [
    "Divided",
    "Data",
    "Length",
    "(N)",
    "[byte]",
    "]",
    "[d",
    "B",
    "N",
    "R",
    "P",
    "S",
    "0",
    "500",
    "1000",
    "1500",
    "2000",
    "45",
    "40",
    "35",
    "30",
    "25",
    "20",
    "15",
    "10",
    "5",
    "0"
  ],
  "paper-ID": "1001.2623v1",
  "figure-ID": "1001.2623v1-Figure3-1.png",
  "figure-type": "Graph Plot",
  "0-originally-extracted": "Fig. 3. The relation between the divided data lengthN andPSNR.",
  "1-lowercase-and-token-and-remove-figure-index": {
    "caption": "the relation between the divided data lengthn andpsnr .",
    "sentence": [
      "the relation between the divided data lengthn andpsnr ."
    ],
    "token": [
      "the",
      "relation",
      "between",
      "the",
      "divided",
      "data",
      "lengthn",
      "andpsnr",
      "."
    ]
  },
  "2-normalized": {
    "2-1-basic-num": {
      "caption": "the relation between the divided data lengthn andpsnr .",
      "sentence": [
        "the relation between the divided data lengthn andpsnr ."
      ],
      "token": [
        "the",
        "relation",
        "between",
        "the",
        "divided",
        "data",
        "lengthn",
        "andpsnr",
        "."
      ]
    },
    "2-2-advanced-euqation-bracket": {
      "caption": "the relation between the divided data lengthn andpsnr .",
      "sentence": [
        "the relation between the divided data lengthn andpsnr ."
      ],
      "tokens": [
        "the",
        "relation",
        "between",
        "the",
        "divided",
        "data",
        "lengthn",
        "andpsnr",
        "."
      ]
    }
  }
}