{
  "contains-subfigure": false,
  "Img-text": [],
  "paper-ID": "1001.2334v3",
  "figure-ID": "1001.2334v3-Figure4-1.png",
  "figure-type": "Graph Plot",
  "0-originally-extracted": "Figure 4 : Effect of using Network Coding at the Relay for various values of number of encoded packets (K)",
  "1-lowercase-and-token-and-remove-figure-index": {
    "caption": ": effect of using network coding at the relay for various values of number of encoded packets ( k ) .",
    "sentence": [
      ": effect of using network coding at the relay for various values of number of encoded packets ( k ) ."
    ],
    "token": [
      ":",
      "effect",
      "of",
      "using",
      "network",
      "coding",
      "at",
      "the",
      "relay",
      "for",
      "various",
      "values",
      "of",
      "number",
      "of",
      "encoded",
      "packets",
      "(",
      "k",
      ")",
      "."
    ]
  },
  "2-normalized": {
    "2-1-basic-num": {
      "caption": ": effect of using network coding at the relay for various values of number of encoded packets ( k ) .",
      "sentence": [
        ": effect of using network coding at the relay for various values of number of encoded packets ( k ) ."
      ],
      "token": [
        ":",
        "effect",
        "of",
        "using",
        "network",
        "coding",
        "at",
        "the",
        "relay",
        "for",
        "various",
        "values",
        "of",
        "number",
        "of",
        "encoded",
        "packets",
        "(",
        "k",
        ")",
        "."
      ]
    },
    "2-2-advanced-euqation-bracket": {
      "caption": ": effect of using network coding at the relay for various values of number of encoded packets BRACKET-TK .",
      "sentence": [
        ": effect of using network coding at the relay for various values of number of encoded packets BRACKET-TK ."
      ],
      "tokens": [
        ":",
        "effect",
        "of",
        "using",
        "network",
        "coding",
        "at",
        "the",
        "relay",
        "for",
        "various",
        "values",
        "of",
        "number",
        "of",
        "encoded",
        "packets",
        "BRACKET-TK",
        "."
      ]
    }
  }
}