{
  "contains-subfigure": false,
  "Img-text": [
    "h=10",
    "h=15",
    "h=30",
    "d",
    "e",
    "a",
    "ve",
    "rh",
    "y",
    "o",
    "e",
    "la",
    "n",
    "d",
    "ct",
    "io",
    "co",
    "lle",
    "\u03b4",
    "in",
    "percents",
    "4.5",
    "4",
    "3.5",
    "3",
    "2.5",
    "2",
    "1.5",
    "1",
    "0.5",
    "0",
    "0.5",
    "1",
    "1.5",
    "2",
    "2.5",
    "3",
    "3.5",
    "4",
    "4.5",
    "5",
    "0"
  ],
  "paper-ID": "1001.3765v1",
  "figure-ID": "1001.3765v1-Figure14-1.png",
  "figure-type": "Graph Plot",
  "0-originally-extracted": "Fig. 14. Collection delay (hop count) above minimum per input symbol for different values of coverage redundancyh as a function of \u03b4. Note that there is an optimal\u03b4 for eachh in which the delay is minimized: forh = 10 \u03b4 is one percent, forh = 15 it is 3% percent, forh = 30 \u03b4 = 4%",
  "1-lowercase-and-token-and-remove-figure-index": {
    "caption": "collection delay ( hop count ) above minimum per input symbol for different values of coverage redundancyh as a function of \u03b4. note that there is an optimal\u03b4 for eachh in which the delay is minimized : forh = 10 \u03b4 is one percent , forh = 15 it is 3 % percent , forh = 30 \u03b4 = 4 % .",
    "sentence": [
      "collection delay ( hop count ) above minimum per input symbol for different values of coverage redundancyh as a function of \u03b4. note that there is an optimal\u03b4 for eachh in which the delay is minimized : forh = 10 \u03b4 is one percent , forh = 15 it is 3 % percent , forh = 30 \u03b4 = 4 % ."
    ],
    "token": [
      "collection",
      "delay",
      "(",
      "hop",
      "count",
      ")",
      "above",
      "minimum",
      "per",
      "input",
      "symbol",
      "for",
      "different",
      "values",
      "of",
      "coverage",
      "redundancyh",
      "as",
      "a",
      "function",
      "of",
      "\u03b4.",
      "note",
      "that",
      "there",
      "is",
      "an",
      "optimal\u03b4",
      "for",
      "eachh",
      "in",
      "which",
      "the",
      "delay",
      "is",
      "minimized",
      ":",
      "forh",
      "=",
      "10",
      "\u03b4",
      "is",
      "one",
      "percent",
      ",",
      "forh",
      "=",
      "15",
      "it",
      "is",
      "3",
      "%",
      "percent",
      ",",
      "forh",
      "=",
      "30",
      "\u03b4",
      "=",
      "4",
      "%",
      "."
    ]
  },
  "2-normalized": {
    "2-1-basic-num": {
      "caption": "collection delay ( hop count ) above minimum per input symbol for different values of coverage redundancyh as a function of \u03b4. note that there is an optimal\u03b4 for eachh in which the delay is minimized : forh = NUM-TK \u03b4 is NUM-TK percent , forh = NUM-TK it is NUM-TK percent , forh = NUM-TK \u03b4 = NUM-TK .",
      "sentence": [
        "collection delay ( hop count ) above minimum per input symbol for different values of coverage redundancyh as a function of \u03b4. note that there is an optimal\u03b4 for eachh in which the delay is minimized : forh = NUM-TK \u03b4 is NUM-TK percent , forh = NUM-TK it is NUM-TK percent , forh = NUM-TK \u03b4 = NUM-TK ."
      ],
      "token": [
        "collection",
        "delay",
        "(",
        "hop",
        "count",
        ")",
        "above",
        "minimum",
        "per",
        "input",
        "symbol",
        "for",
        "different",
        "values",
        "of",
        "coverage",
        "redundancyh",
        "as",
        "a",
        "function",
        "of",
        "\u03b4.",
        "note",
        "that",
        "there",
        "is",
        "an",
        "optimal\u03b4",
        "for",
        "eachh",
        "in",
        "which",
        "the",
        "delay",
        "is",
        "minimized",
        ":",
        "forh",
        "=",
        "NUM-TK",
        "\u03b4",
        "is",
        "NUM-TK",
        "percent",
        ",",
        "forh",
        "=",
        "NUM-TK",
        "it",
        "is",
        "NUM-TK",
        "percent",
        ",",
        "forh",
        "=",
        "NUM-TK",
        "\u03b4",
        "=",
        "NUM-TK",
        "."
      ]
    },
    "2-2-advanced-euqation-bracket": {
      "caption": "collection delay BRACKET-TK above minimum per input symbol for different values of coverage redundancyh as a function of \u03b4. note that there is an optimal\u03b4 for eachh in which the delay is minimized : EQUAT-TK \u03b4 is NUM percent , EQUAT-TK it is NUM percent , EQUAT-TK EQUAT-TK .",
      "sentence": [
        "collection delay BRACKET-TK above minimum per input symbol for different values of coverage redundancyh as a function of \u03b4. note that there is an optimal\u03b4 for eachh in which the delay is minimized : EQUAT-TK \u03b4 is NUM percent , EQUAT-TK it is NUM percent , EQUAT-TK EQUAT-TK ."
      ],
      "tokens": [
        "collection",
        "delay",
        "BRACKET-TK",
        "above",
        "minimum",
        "per",
        "input",
        "symbol",
        "for",
        "different",
        "values",
        "of",
        "coverage",
        "redundancyh",
        "as",
        "a",
        "function",
        "of",
        "\u03b4.",
        "note",
        "that",
        "there",
        "is",
        "an",
        "optimal\u03b4",
        "for",
        "eachh",
        "in",
        "which",
        "the",
        "delay",
        "is",
        "minimized",
        ":",
        "EQUAT-TK",
        "\u03b4",
        "is",
        "NUM",
        "percent",
        ",",
        "EQUAT-TK",
        "it",
        "is",
        "NUM",
        "percent",
        ",",
        "EQUAT-TK",
        "EQUAT-TK",
        "."
      ]
    }
  }
}