{
  "contains-subfigure": false,
  "Img-text": [],
  "paper-ID": "1001.4301v1",
  "figure-ID": "1001.4301v1-Figure19-1.png",
  "figure-type": "Graph Plot",
  "0-originally-extracted": "Fig. 19 Experimental results for BACH PCA algorithm (16-dimensional input, 4-dimensional output)",
  "1-lowercase-and-token-and-remove-figure-index": {
    "caption": "experimental results for bach pca algorithm ( 16-dimensional input , 4-dimensional output ) .",
    "sentence": [
      "experimental results for bach pca algorithm ( 16-dimensional input , 4-dimensional output ) ."
    ],
    "token": [
      "experimental",
      "results",
      "for",
      "bach",
      "pca",
      "algorithm",
      "(",
      "16-dimensional",
      "input",
      ",",
      "4-dimensional",
      "output",
      ")",
      "."
    ]
  },
  "2-normalized": {
    "2-1-basic-num": {
      "caption": "experimental results for bach pca algorithm ( 16-dimensional input , 4-dimensional output ) .",
      "sentence": [
        "experimental results for bach pca algorithm ( 16-dimensional input , 4-dimensional output ) ."
      ],
      "token": [
        "experimental",
        "results",
        "for",
        "bach",
        "pca",
        "algorithm",
        "(",
        "16-dimensional",
        "input",
        ",",
        "4-dimensional",
        "output",
        ")",
        "."
      ]
    },
    "2-2-advanced-euqation-bracket": {
      "caption": "experimental results for bach pca algorithm BRACKET-TK .",
      "sentence": [
        "experimental results for bach pca algorithm BRACKET-TK ."
      ],
      "tokens": [
        "experimental",
        "results",
        "for",
        "bach",
        "pca",
        "algorithm",
        "BRACKET-TK",
        "."
      ]
    }
  }
}