{
  "contains-subfigure": false,
  "Img-text": [
    "=1",
    "MIMO",
    "IA",
    "=0.25",
    "MIMO",
    "IA",
    "=0.0625",
    "MIMO",
    "IA",
    "=1",
    "SISO",
    "=0.25",
    "SISO",
    "=0.0625",
    "SISO",
    "P",
    "(s",
    "u",
    "cc",
    "es",
    "s)",
    "d",
    "ii",
    "1",
    "0.9",
    "0.8",
    "0.7",
    "0.6",
    "0.5",
    "0.4",
    "0.3",
    "0.2",
    "0.1",
    "0",
    "0.5",
    "1",
    "1.5",
    "2",
    "2.5",
    "0"
  ],
  "paper-ID": "1001.2198v1",
  "figure-ID": "1001.2198v1-Figure4-1.png",
  "figure-type": "Graph Plot",
  "0-originally-extracted": "Fig. 4. P(success) versusdii for \u03bbp = 0.25, c\u0304 = 3, T = 0.1, and\u03b1 = 4, comparison of SISO clustered network with MIMO intra-cluster IA",
  "1-lowercase-and-token-and-remove-figure-index": {
    "caption": "p ( success ) versusdii for \u03bbp = 0.25 , c\u0304 = 3 , t = 0.1 , and\u03b1 = , comparison of siso clustered network with mimo intra-cluster ia .",
    "sentence": [
      "p ( success ) versusdii for \u03bbp = 0.25 , c\u0304 = 3 , t = 0.1 , and\u03b1 = , comparison of siso clustered network with mimo intra-cluster ia ."
    ],
    "token": [
      "p",
      "(",
      "success",
      ")",
      "versusdii",
      "for",
      "\u03bbp",
      "=",
      "0.25",
      ",",
      "c\u0304",
      "=",
      "3",
      ",",
      "t",
      "=",
      "0.1",
      ",",
      "and\u03b1",
      "=",
      ",",
      "comparison",
      "of",
      "siso",
      "clustered",
      "network",
      "with",
      "mimo",
      "intra-cluster",
      "ia",
      "."
    ]
  },
  "2-normalized": {
    "2-1-basic-num": {
      "caption": "p ( success ) versusdii for \u03bbp = NUM-TK , c\u0304 = NUM-TK , t = NUM-TK , and\u03b1 = , comparison of siso clustered network with mimo intra-cluster ia .",
      "sentence": [
        "p ( success ) versusdii for \u03bbp = NUM-TK , c\u0304 = NUM-TK , t = NUM-TK , and\u03b1 = , comparison of siso clustered network with mimo intra-cluster ia ."
      ],
      "token": [
        "p",
        "(",
        "success",
        ")",
        "versusdii",
        "for",
        "\u03bbp",
        "=",
        "NUM-TK",
        ",",
        "c\u0304",
        "=",
        "NUM-TK",
        ",",
        "t",
        "=",
        "NUM-TK",
        ",",
        "and\u03b1",
        "=",
        ",",
        "comparison",
        "of",
        "siso",
        "clustered",
        "network",
        "with",
        "mimo",
        "intra-cluster",
        "ia",
        "."
      ]
    },
    "2-2-advanced-euqation-bracket": {
      "caption": "p BRACKET-TK versusdii for EQUAT-TK , c\u0304 = NUM , EQUAT-TK , and\u03b1 = , comparison of siso clustered network with mimo intra-cluster ia .",
      "sentence": [
        "p BRACKET-TK versusdii for EQUAT-TK , c\u0304 = NUM , EQUAT-TK , and\u03b1 = , comparison of siso clustered network with mimo intra-cluster ia ."
      ],
      "tokens": [
        "p",
        "BRACKET-TK",
        "versusdii",
        "for",
        "EQUAT-TK",
        ",",
        "c\u0304",
        "=",
        "NUM",
        ",",
        "EQUAT-TK",
        ",",
        "and\u03b1",
        "=",
        ",",
        "comparison",
        "of",
        "siso",
        "clustered",
        "network",
        "with",
        "mimo",
        "intra-cluster",
        "ia",
        "."
      ]
    }
  }
}