{
  "contains-subfigure": false,
  "Img-text": [
    "a=10",
    "a=8",
    "a=6",
    "a=4",
    "a=2",
    "Iterations",
    "n",
    "cy",
    "ic",
    "ie",
    "E",
    "ff",
    "1",
    "2",
    "3",
    "4",
    "5",
    "6",
    "7",
    "0,6",
    "0,55",
    "0,5",
    "0,45"
  ],
  "paper-ID": "1001.2778v1",
  "figure-ID": "1001.2778v1-Figure4-1.png",
  "figure-type": "Graph Plot",
  "0-originally-extracted": "Figure 4: (i) in the case b \u2264 \ud835\udefc efficiency of the search algorithm increases when the number of recommended Documents by the Search Engine \u03b1 increases (\u03b1=2, 4, 6, 8, 20, b=2, k=80, m=750, n=1500)",
  "1-lowercase-and-token-and-remove-figure-index": {
    "caption": "( i ) in the case b \u2264 \ud835\udefc efficiency of the search algorithm increases when the number of recommended documents by the search engine \u03b1 increases ( \u03b1=2 , , 6 , 8 , 20 , b=2 , k=80 , m=750 , n=1500 ) .",
    "sentence": [
      "( i ) in the case b \u2264 \ud835\udefc efficiency of the search algorithm increases when the number of recommended documents by the search engine \u03b1 increases ( \u03b1=2 , , 6 , 8 , 20 , b=2 , k=80 , m=750 , n=1500 ) ."
    ],
    "token": [
      "(",
      "i",
      ")",
      "in",
      "the",
      "case",
      "b",
      "\u2264",
      "\ud835\udefc",
      "efficiency",
      "of",
      "the",
      "search",
      "algorithm",
      "increases",
      "when",
      "the",
      "number",
      "of",
      "recommended",
      "documents",
      "by",
      "the",
      "search",
      "engine",
      "\u03b1",
      "increases",
      "(",
      "\u03b1=2",
      ",",
      ",",
      "6",
      ",",
      "8",
      ",",
      "20",
      ",",
      "b=2",
      ",",
      "k=80",
      ",",
      "m=750",
      ",",
      "n=1500",
      ")",
      "."
    ]
  },
  "2-normalized": {
    "2-1-basic-num": {
      "caption": "( i ) in the case b \u2264 \ud835\udefc efficiency of the search algorithm increases when the number of recommended documents by the search engine \u03b1 increases ( \u03b1=2 , , NUM-TK , NUM-TK , NUM-TK , b=2 , k=80 , m=750 , n=1500 ) .",
      "sentence": [
        "( i ) in the case b \u2264 \ud835\udefc efficiency of the search algorithm increases when the number of recommended documents by the search engine \u03b1 increases ( \u03b1=2 , , NUM-TK , NUM-TK , NUM-TK , b=2 , k=80 , m=750 , n=1500 ) ."
      ],
      "token": [
        "(",
        "i",
        ")",
        "in",
        "the",
        "case",
        "b",
        "\u2264",
        "\ud835\udefc",
        "efficiency",
        "of",
        "the",
        "search",
        "algorithm",
        "increases",
        "when",
        "the",
        "number",
        "of",
        "recommended",
        "documents",
        "by",
        "the",
        "search",
        "engine",
        "\u03b1",
        "increases",
        "(",
        "\u03b1=2",
        ",",
        ",",
        "NUM-TK",
        ",",
        "NUM-TK",
        ",",
        "NUM-TK",
        ",",
        "b=2",
        ",",
        "k=80",
        ",",
        "m=750",
        ",",
        "n=1500",
        ")",
        "."
      ]
    },
    "2-2-advanced-euqation-bracket": {
      "caption": "BRACKET-TK in the case b \u2264 \ud835\udefc efficiency of the search algorithm increases when the number of recommended documents by the search engine \u03b1 increases BRACKET-TK .",
      "sentence": [
        "BRACKET-TK in the case b \u2264 \ud835\udefc efficiency of the search algorithm increases when the number of recommended documents by the search engine \u03b1 increases BRACKET-TK ."
      ],
      "tokens": [
        "BRACKET-TK",
        "in",
        "the",
        "case",
        "b",
        "\u2264",
        "\ud835\udefc",
        "efficiency",
        "of",
        "the",
        "search",
        "algorithm",
        "increases",
        "when",
        "the",
        "number",
        "of",
        "recommended",
        "documents",
        "by",
        "the",
        "search",
        "engine",
        "\u03b1",
        "increases",
        "BRACKET-TK",
        "."
      ]
    }
  }
}