{
  "contains-subfigure": false,
  "Img-text": [
    "dirt",
    "power",
    "=",
    "0",
    "dB",
    "dirt",
    "power",
    "=",
    "7",
    "dB",
    "dirt",
    "power",
    "=",
    "10",
    "dB",
    "R",
    "B",
    "E",
    "SNR",
    "(dB)",
    "10",
    "0",
    "10",
    "\u22121",
    "10",
    "\u22122",
    "10",
    "\u22123",
    "10",
    "\u22124",
    "10",
    "\u22125",
    "\u22126",
    "6",
    "6.5",
    "7",
    "7.5",
    "8",
    "8.5",
    "9",
    "9.5",
    "10",
    "10.5",
    "11",
    "11.5",
    "12",
    "10"
  ],
  "paper-ID": "1001.3107v1",
  "figure-ID": "1001.3107v1-Figure11-1.png",
  "figure-type": "Graph Plot",
  "0-originally-extracted": "Fig. 11. BER versus SNR at 1 bit/channel use using a 8 state and 16 QAM constellation with P\u0303 = 16.3 dB",
  "1-lowercase-and-token-and-remove-figure-index": {
    "caption": "ber versus snr at 1 bit/channel use using a 8 state and 16 qam constellation with p\u0303 = 16.3 db .",
    "sentence": [
      "ber versus snr at 1 bit/channel use using a 8 state and 16 qam constellation with p\u0303 = 16.3 db ."
    ],
    "token": [
      "ber",
      "versus",
      "snr",
      "at",
      "1",
      "bit/channel",
      "use",
      "using",
      "a",
      "8",
      "state",
      "and",
      "16",
      "qam",
      "constellation",
      "with",
      "p\u0303",
      "=",
      "16.3",
      "db",
      "."
    ]
  },
  "2-normalized": {
    "2-1-basic-num": {
      "caption": "ber versus snr at NUM-TK bit/channel use using a NUM-TK state and NUM-TK qam constellation with p\u0303 = NUM-TK db .",
      "sentence": [
        "ber versus snr at NUM-TK bit/channel use using a NUM-TK state and NUM-TK qam constellation with p\u0303 = NUM-TK db ."
      ],
      "token": [
        "ber",
        "versus",
        "snr",
        "at",
        "NUM-TK",
        "bit/channel",
        "use",
        "using",
        "a",
        "NUM-TK",
        "state",
        "and",
        "NUM-TK",
        "qam",
        "constellation",
        "with",
        "p\u0303",
        "=",
        "NUM-TK",
        "db",
        "."
      ]
    },
    "2-2-advanced-euqation-bracket": {
      "caption": "ber versus snr at NUM bit/channel use using a NUM state and NUM qam constellation with p\u0303 = NUM db .",
      "sentence": [
        "ber versus snr at NUM bit/channel use using a NUM state and NUM qam constellation with p\u0303 = NUM db ."
      ],
      "tokens": [
        "ber",
        "versus",
        "snr",
        "at",
        "NUM",
        "bit/channel",
        "use",
        "using",
        "a",
        "NUM",
        "state",
        "and",
        "NUM",
        "qam",
        "constellation",
        "with",
        "p\u0303",
        "=",
        "NUM",
        "db",
        "."
      ]
    }
  }
}