{
  "contains-subfigure": false,
  "Img-text": [
    "\u03b7=0",
    "\u03b7=0.1",
    "\u03b7=0.5",
    "\u03b7=1",
    "p)",
    "f",
    "\u03b7",
    "(",
    "p",
    "1",
    "0.9",
    "0.8",
    "0.7",
    "0.6",
    "0.5",
    "0.4",
    "0.3",
    "0.2",
    "0.1",
    "0",
    "0.1",
    "0.2",
    "0.3",
    "0.4",
    "0.5",
    "0.6",
    "0.7",
    "0.8",
    "0.9",
    "1",
    "0"
  ],
  "paper-ID": "1001.1917v1",
  "figure-ID": "1001.1917v1-Figure3-1.png",
  "figure-type": "Graph Plot",
  "0-originally-extracted": "Fig. 3. f\u03b7(p) for various values of\u03b7",
  "1-lowercase-and-token-and-remove-figure-index": {
    "caption": "f\u03b7 ( p ) for various values of\u03b7 .",
    "sentence": [
      "f\u03b7 ( p ) for various values of\u03b7 ."
    ],
    "token": [
      "f\u03b7",
      "(",
      "p",
      ")",
      "for",
      "various",
      "values",
      "of\u03b7",
      "."
    ]
  },
  "2-normalized": {
    "2-1-basic-num": {
      "caption": "f\u03b7 ( p ) for various values of\u03b7 .",
      "sentence": [
        "f\u03b7 ( p ) for various values of\u03b7 ."
      ],
      "token": [
        "f\u03b7",
        "(",
        "p",
        ")",
        "for",
        "various",
        "values",
        "of\u03b7",
        "."
      ]
    },
    "2-2-advanced-euqation-bracket": {
      "caption": "f\u03b7 BRACKET-TK for various values of\u03b7 .",
      "sentence": [
        "f\u03b7 BRACKET-TK for various values of\u03b7 ."
      ],
      "tokens": [
        "f\u03b7",
        "BRACKET-TK",
        "for",
        "various",
        "values",
        "of\u03b7",
        "."
      ]
    }
  }
}