{
  "contains-subfigure": false,
  "Img-text": [],
  "paper-ID": "1001.3246v1",
  "figure-ID": "1001.3246v1-Figure2-1.png",
  "figure-type": "Graph Plot",
  "0-originally-extracted": "Figure 2: Varying thresholds of an approximate tanh-based sigmoidal function. It can be seen that the input salience signal applied to each node has the effect of pushing active node\u2019s threshold closer to their activation threshold (for positive salience), or moving them further away from this threshold (for negative salience).",
  "1-lowercase-and-token-and-remove-figure-index": {
    "caption": "varying thresholds of an approximate tanh-based sigmoidal function . it can be seen that the input salience signal applied to each node has the effect of pushing active node \u2019 s threshold closer to their activation threshold ( for positive salience ) , or moving them further away from this threshold ( for negative salience ) .",
    "sentence": [
      "varying thresholds of an approximate tanh-based sigmoidal function .",
      "it can be seen that the input salience signal applied to each node has the effect of pushing active node \u2019 s threshold closer to their activation threshold ( for positive salience ) , or moving them further away from this threshold ( for negative salience ) ."
    ],
    "token": [
      "varying",
      "thresholds",
      "of",
      "an",
      "approximate",
      "tanh-based",
      "sigmoidal",
      "function",
      ".",
      "it",
      "can",
      "be",
      "seen",
      "that",
      "the",
      "input",
      "salience",
      "signal",
      "applied",
      "to",
      "each",
      "node",
      "has",
      "the",
      "effect",
      "of",
      "pushing",
      "active",
      "node",
      "\u2019",
      "s",
      "threshold",
      "closer",
      "to",
      "their",
      "activation",
      "threshold",
      "(",
      "for",
      "positive",
      "salience",
      ")",
      ",",
      "or",
      "moving",
      "them",
      "further",
      "away",
      "from",
      "this",
      "threshold",
      "(",
      "for",
      "negative",
      "salience",
      ")",
      "."
    ]
  },
  "2-normalized": {
    "2-1-basic-num": {
      "caption": "varying thresholds of an approximate tanh-based sigmoidal function . it can be seen that the input salience signal applied to each node has the effect of pushing active node \u2019 s threshold closer to their activation threshold ( for positive salience ) , or moving them further away from this threshold ( for negative salience ) .",
      "sentence": [
        "varying thresholds of an approximate tanh-based sigmoidal function .",
        "it can be seen that the input salience signal applied to each node has the effect of pushing active node \u2019 s threshold closer to their activation threshold ( for positive salience ) , or moving them further away from this threshold ( for negative salience ) ."
      ],
      "token": [
        "varying",
        "thresholds",
        "of",
        "an",
        "approximate",
        "tanh-based",
        "sigmoidal",
        "function",
        ".",
        "it",
        "can",
        "be",
        "seen",
        "that",
        "the",
        "input",
        "salience",
        "signal",
        "applied",
        "to",
        "each",
        "node",
        "has",
        "the",
        "effect",
        "of",
        "pushing",
        "active",
        "node",
        "\u2019",
        "s",
        "threshold",
        "closer",
        "to",
        "their",
        "activation",
        "threshold",
        "(",
        "for",
        "positive",
        "salience",
        ")",
        ",",
        "or",
        "moving",
        "them",
        "further",
        "away",
        "from",
        "this",
        "threshold",
        "(",
        "for",
        "negative",
        "salience",
        ")",
        "."
      ]
    },
    "2-2-advanced-euqation-bracket": {
      "caption": "varying thresholds of an approximate tanh-based sigmoidal function . it can be seen that the input salience signal applied to each node has the effect of pushing active node \u2019 s threshold closer to their activation threshold BRACKET-TK , or moving them further away from this threshold BRACKET-TK .",
      "sentence": [
        "varying thresholds of an approximate tanh-based sigmoidal function .",
        "it can be seen that the input salience signal applied to each node has the effect of pushing active node \u2019 s threshold closer to their activation threshold BRACKET-TK , or moving them further away from this threshold BRACKET-TK ."
      ],
      "tokens": [
        "varying",
        "thresholds",
        "of",
        "an",
        "approximate",
        "tanh-based",
        "sigmoidal",
        "function",
        ".",
        "it",
        "can",
        "be",
        "seen",
        "that",
        "the",
        "input",
        "salience",
        "signal",
        "applied",
        "to",
        "each",
        "node",
        "has",
        "the",
        "effect",
        "of",
        "pushing",
        "active",
        "node",
        "\u2019",
        "s",
        "threshold",
        "closer",
        "to",
        "their",
        "activation",
        "threshold",
        "BRACKET-TK",
        ",",
        "or",
        "moving",
        "them",
        "further",
        "away",
        "from",
        "this",
        "threshold",
        "BRACKET-TK",
        "."
      ]
    }
  }
}