{
  "contains-subfigure": false,
  "Img-text": [
    "ML",
    "LLL\u2212ZF",
    "LLL\u2212SIC",
    "ALR",
    "version",
    "1",
    "ALR",
    "version",
    "2",
    "R",
    "S",
    "E",
    "SNR",
    "MIMO",
    "6x6,",
    "spatial",
    "multiplexing,",
    "16\u2212QAM",
    "10",
    "0",
    "10",
    "\u22121",
    "10",
    "\u22122",
    "10",
    "\u22123",
    "10",
    "\u22124",
    "10",
    "\u22125",
    "\u22126",
    "3",
    "6",
    "9",
    "12",
    "15",
    "18",
    "21",
    "10"
  ],
  "paper-ID": "1001.1625v1",
  "figure-ID": "1001.1625v1-Figure1-1.png",
  "figure-type": "Graph Plot",
  "0-originally-extracted": "Figure 1. Performance comparison of augmented lattice reduction with LLL-ZF and LLL-SIC detection for a6\u00d7 6 uncoded MIMO system using16-QAM. The LLL algorithm is performed using\u03b4 = 3 4 .",
  "1-lowercase-and-token-and-remove-figure-index": {
    "caption": "performance comparison of augmented lattice reduction with lll-zf and lll-sic detection for a6\u00d7 6 uncoded mimo system using6-qam . the lll algorithm is performed using\u03b4 = 3 4 .",
    "sentence": [
      "performance comparison of augmented lattice reduction with lll-zf and lll-sic detection for a6\u00d7 6 uncoded mimo system using6-qam .",
      "the lll algorithm is performed using\u03b4 = 3 4 ."
    ],
    "token": [
      "performance",
      "comparison",
      "of",
      "augmented",
      "lattice",
      "reduction",
      "with",
      "lll-zf",
      "and",
      "lll-sic",
      "detection",
      "for",
      "a6\u00d7",
      "6",
      "uncoded",
      "mimo",
      "system",
      "using6-qam",
      ".",
      "the",
      "lll",
      "algorithm",
      "is",
      "performed",
      "using\u03b4",
      "=",
      "3",
      "4",
      "."
    ]
  },
  "2-normalized": {
    "2-1-basic-num": {
      "caption": "performance comparison of augmented lattice reduction with lll-zf and lll-sic detection for a6\u00d7 NUM-TK uncoded mimo system using6-qam . the lll algorithm is performed using\u03b4 = NUM-TK NUM-TK .",
      "sentence": [
        "performance comparison of augmented lattice reduction with lll-zf and lll-sic detection for a6\u00d7 NUM-TK uncoded mimo system using6-qam .",
        "the lll algorithm is performed using\u03b4 = NUM-TK NUM-TK ."
      ],
      "token": [
        "performance",
        "comparison",
        "of",
        "augmented",
        "lattice",
        "reduction",
        "with",
        "lll-zf",
        "and",
        "lll-sic",
        "detection",
        "for",
        "a6\u00d7",
        "NUM-TK",
        "uncoded",
        "mimo",
        "system",
        "using6-qam",
        ".",
        "the",
        "lll",
        "algorithm",
        "is",
        "performed",
        "using\u03b4",
        "=",
        "NUM-TK",
        "NUM-TK",
        "."
      ]
    },
    "2-2-advanced-euqation-bracket": {
      "caption": "performance comparison of augmented lattice reduction with lll-zf and lll-sic detection for a6\u00d7 NUM uncoded mimo system using6-qam . the lll algorithm is performed EQUAT-TK NUM .",
      "sentence": [
        "performance comparison of augmented lattice reduction with lll-zf and lll-sic detection for a6\u00d7 NUM uncoded mimo system using6-qam .",
        "the lll algorithm is performed EQUAT-TK NUM ."
      ],
      "tokens": [
        "performance",
        "comparison",
        "of",
        "augmented",
        "lattice",
        "reduction",
        "with",
        "lll-zf",
        "and",
        "lll-sic",
        "detection",
        "for",
        "a6\u00d7",
        "NUM",
        "uncoded",
        "mimo",
        "system",
        "using6-qam",
        ".",
        "the",
        "lll",
        "algorithm",
        "is",
        "performed",
        "EQUAT-TK",
        "NUM",
        "."
      ]
    }
  }
}