{
  "contains-subfigure": false,
  "Img-text": [
    "K=6",
    "K=4",
    "K=2",
    "perfect",
    "CSIT",
    "(equal",
    "power)",
    "M=4,",
    "B=K=2",
    "\u03b3",
    "=",
    "[3",
    "1]",
    "bit/ch.use",
    "statistical",
    "CSIT",
    "ty",
    "ab",
    "ili",
    "pr",
    "ob",
    "ag",
    "e",
    "O",
    "ut",
    "SNR",
    "per",
    "BS",
    "[dB]",
    "100",
    "10\u22121",
    "10\u22122",
    "10\u22123",
    "10\u22124",
    "5",
    "7.5",
    "10",
    "12.5",
    "15",
    "17.510",
    "\u22125"
  ],
  "paper-ID": "1001.2421v1",
  "figure-ID": "1001.2421v1-Figure8-1.png",
  "figure-type": "Graph Plot",
  "0-originally-extracted": "Fig. 8. Outage probability vs. SNR for many users withB = K\u0303 = 2 andM = 4.",
  "1-lowercase-and-token-and-remove-figure-index": {
    "caption": "outage probability vs. snr for many users withb = k\u0303 = 2 andm = 4 .",
    "sentence": [
      "outage probability vs. snr for many users withb = k\u0303 = 2 andm = 4 ."
    ],
    "token": [
      "outage",
      "probability",
      "vs.",
      "snr",
      "for",
      "many",
      "users",
      "withb",
      "=",
      "k\u0303",
      "=",
      "2",
      "andm",
      "=",
      "4",
      "."
    ]
  },
  "2-normalized": {
    "2-1-basic-num": {
      "caption": "outage probability vs. snr for many users withb = k\u0303 = NUM-TK andm = NUM-TK .",
      "sentence": [
        "outage probability vs. snr for many users withb = k\u0303 = NUM-TK andm = NUM-TK ."
      ],
      "token": [
        "outage",
        "probability",
        "vs.",
        "snr",
        "for",
        "many",
        "users",
        "withb",
        "=",
        "k\u0303",
        "=",
        "NUM-TK",
        "andm",
        "=",
        "NUM-TK",
        "."
      ]
    },
    "2-2-advanced-euqation-bracket": {
      "caption": "outage probability vs. snr for many users withb = k\u0303 = NUM EQUAT-TK .",
      "sentence": [
        "outage probability vs. snr for many users withb = k\u0303 = NUM EQUAT-TK ."
      ],
      "tokens": [
        "outage",
        "probability",
        "vs.",
        "snr",
        "for",
        "many",
        "users",
        "withb",
        "=",
        "k\u0303",
        "=",
        "NUM",
        "EQUAT-TK",
        "."
      ]
    }
  }
}