{
  "contains-subfigure": false,
  "Img-text": [
    "VI",
    "Turbo",
    "iter",
    "1",
    "VI",
    "Turbo",
    "iter",
    "2",
    "VI",
    "Turbo",
    "iter",
    "3",
    "Ignoring",
    "phase",
    "noise",
    "No",
    "phase",
    "noise",
    "One",
    "pass",
    "detection\u2212decoding",
    "R",
    "B",
    "E",
    "Eb/No",
    "(in",
    "dB)",
    "10\u22121",
    "10\u22122",
    "10\u22123",
    "10\u22124",
    "10\u22125",
    "11",
    "12",
    "13",
    "14",
    "15",
    "16",
    "17",
    "18",
    "19",
    "10\u22126"
  ],
  "paper-ID": "1001.2298v1",
  "figure-ID": "1001.2298v1-Figure1-1.png",
  "figure-type": "Graph Plot",
  "0-originally-extracted": "Fig. 1: BER plot of the turbo receiver.",
  "1-lowercase-and-token-and-remove-figure-index": {
    "caption": "ber plot of the turbo receiver .",
    "sentence": [
      "ber plot of the turbo receiver ."
    ],
    "token": [
      "ber",
      "plot",
      "of",
      "the",
      "turbo",
      "receiver",
      "."
    ]
  },
  "2-normalized": {
    "2-1-basic-num": {
      "caption": "ber plot of the turbo receiver .",
      "sentence": [
        "ber plot of the turbo receiver ."
      ],
      "token": [
        "ber",
        "plot",
        "of",
        "the",
        "turbo",
        "receiver",
        "."
      ]
    },
    "2-2-advanced-euqation-bracket": {
      "caption": "ber plot of the turbo receiver .",
      "sentence": [
        "ber plot of the turbo receiver ."
      ],
      "tokens": [
        "ber",
        "plot",
        "of",
        "the",
        "turbo",
        "receiver",
        "."
      ]
    }
  }
}