{
  "contains-subfigure": false,
  "Img-text": [
    "BP-CC",
    "12956",
    "1460",
    "11.27%",
    "BP",
    "234976",
    "681",
    "0.29%",
    "CC",
    "172862",
    "81515",
    "5.96%",
    "with",
    "RSS>0.8",
    "Number",
    "of",
    "protein",
    "pairs",
    "with",
    "RSS>0.8",
    "and",
    "SimIC<=",
    "0.2",
    "Percentage",
    "Number",
    "of",
    "protein",
    "pairs",
    "-",
    "32",
    "-"
  ],
  "paper-ID": "1001.0958v2",
  "figure-ID": "1001.0958v2-Table7-1.png",
  "figure-type": "Graph Plot",
  "0-originally-extracted": "Table 7 - Protein pairs with high RSS values and low SimIC values",
  "1-lowercase-and-token-and-remove-figure-index": {
    "caption": "- protein pairs with high rss values and low simic values .",
    "sentence": [
      "- protein pairs with high rss values and low simic values ."
    ],
    "token": [
      "-",
      "protein",
      "pairs",
      "with",
      "high",
      "rss",
      "values",
      "and",
      "low",
      "simic",
      "values",
      "."
    ]
  },
  "2-normalized": {
    "2-1-basic-num": {
      "caption": "- protein pairs with high rss values and low simic values .",
      "sentence": [
        "- protein pairs with high rss values and low simic values ."
      ],
      "token": [
        "-",
        "protein",
        "pairs",
        "with",
        "high",
        "rss",
        "values",
        "and",
        "low",
        "simic",
        "values",
        "."
      ]
    },
    "2-2-advanced-euqation-bracket": {
      "caption": "- protein pairs with high rss values and low simic values .",
      "sentence": [
        "- protein pairs with high rss values and low simic values ."
      ],
      "tokens": [
        "-",
        "protein",
        "pairs",
        "with",
        "high",
        "rss",
        "values",
        "and",
        "low",
        "simic",
        "values",
        "."
      ]
    }
  }
}