{
  "contains-subfigure": false,
  "Img-text": [],
  "paper-ID": "1001.3206v2",
  "figure-ID": "1001.3206v2-Figure2-1.png",
  "figure-type": "Graph Plot",
  "0-originally-extracted": "Fig. 2. The complexity of the Fano Deocoder applied to the proposed tree codes and the original TAST codes.",
  "1-lowercase-and-token-and-remove-figure-index": {
    "caption": "the complexity of the fano deocoder applied to the proposed tree codes and the original tast codes .",
    "sentence": [
      "the complexity of the fano deocoder applied to the proposed tree codes and the original tast codes ."
    ],
    "token": [
      "the",
      "complexity",
      "of",
      "the",
      "fano",
      "deocoder",
      "applied",
      "to",
      "the",
      "proposed",
      "tree",
      "codes",
      "and",
      "the",
      "original",
      "tast",
      "codes",
      "."
    ]
  },
  "2-normalized": {
    "2-1-basic-num": {
      "caption": "the complexity of the fano deocoder applied to the proposed tree codes and the original tast codes .",
      "sentence": [
        "the complexity of the fano deocoder applied to the proposed tree codes and the original tast codes ."
      ],
      "token": [
        "the",
        "complexity",
        "of",
        "the",
        "fano",
        "deocoder",
        "applied",
        "to",
        "the",
        "proposed",
        "tree",
        "codes",
        "and",
        "the",
        "original",
        "tast",
        "codes",
        "."
      ]
    },
    "2-2-advanced-euqation-bracket": {
      "caption": "the complexity of the fano deocoder applied to the proposed tree codes and the original tast codes .",
      "sentence": [
        "the complexity of the fano deocoder applied to the proposed tree codes and the original tast codes ."
      ],
      "tokens": [
        "the",
        "complexity",
        "of",
        "the",
        "fano",
        "deocoder",
        "applied",
        "to",
        "the",
        "proposed",
        "tree",
        "codes",
        "and",
        "the",
        "original",
        "tast",
        "codes",
        "."
      ]
    }
  }
}