{
  "contains-subfigure": false,
  "Img-text": [
    "\u2322",
    "q",
    "\u2322",
    "rv",
    "\u2322",
    "q",
    "\u2322",
    "rw",
    "\u2322",
    "q",
    "\u2322",
    "rv",
    "\u2322",
    "q",
    ".",
    ".",
    ".",
    "tunnel:",
    "rw",
    "route",
    "of",
    "agent",
    "i:",
    "rv",
    "\u2322",
    "q",
    "\u2322",
    "rw",
    "\u2322",
    "q",
    "\u2322",
    "rv",
    "\u2322",
    "q",
    "\u2322",
    "rw",
    "route",
    "of",
    "agent",
    "j:",
    "rv",
    "\u2322",
    "q",
    "\u2322",
    "rw",
    "\u2322",
    "q",
    "\u2322",
    "rv",
    "\u2322",
    "q",
    "\u2322",
    "rw",
    "\u2322",
    "q",
    "\u00b7",
    "\u00b7",
    "\u00b7",
    "w",
    "q",
    "rw",
    "rv",
    "v"
  ],
  "paper-ID": "1001.0890v1",
  "figure-ID": "1001.0890v1-Figure1-1.png",
  "figure-type": "Graph Plot",
  "0-originally-extracted": "Figure 1: Tunnel between the routes of two agents",
  "1-lowercase-and-token-and-remove-figure-index": {
    "caption": "tunnel between the routes of two agents .",
    "sentence": [
      "tunnel between the routes of two agents ."
    ],
    "token": [
      "tunnel",
      "between",
      "the",
      "routes",
      "of",
      "two",
      "agents",
      "."
    ]
  },
  "2-normalized": {
    "2-1-basic-num": {
      "caption": "tunnel between the routes of NUM-TK agents .",
      "sentence": [
        "tunnel between the routes of NUM-TK agents ."
      ],
      "token": [
        "tunnel",
        "between",
        "the",
        "routes",
        "of",
        "NUM-TK",
        "agents",
        "."
      ]
    },
    "2-2-advanced-euqation-bracket": {
      "caption": "tunnel between the routes of NUM agents .",
      "sentence": [
        "tunnel between the routes of NUM agents ."
      ],
      "tokens": [
        "tunnel",
        "between",
        "the",
        "routes",
        "of",
        "NUM",
        "agents",
        "."
      ]
    }
  }
}