{
  "contains-subfigure": false,
  "Img-text": [
    ".",
    ".",
    ".",
    "x\u03024,",
    "\u03b14",
    "x\u03022,",
    "\u03b12",
    "x\u03023,",
    "\u03b13",
    "O",
    "O",
    "X",
    "O",
    "O",
    "X",
    "X",
    "O",
    "O",
    "O",
    "O",
    "X",
    "O",
    "O",
    "0",
    "1",
    "2",
    "3",
    "4",
    "5",
    "6",
    "6",
    "5",
    "4",
    "3",
    "2",
    "1",
    "0"
  ],
  "paper-ID": "1001.3550v2",
  "figure-ID": "1001.3550v2-Figure2-1.png",
  "figure-type": "Graph Plot",
  "0-originally-extracted": "Figure 2: Trellis representation of the Two States Algorithm.",
  "1-lowercase-and-token-and-remove-figure-index": {
    "caption": "trellis representation of the two states algorithm .",
    "sentence": [
      "trellis representation of the two states algorithm ."
    ],
    "token": [
      "trellis",
      "representation",
      "of",
      "the",
      "two",
      "states",
      "algorithm",
      "."
    ]
  },
  "2-normalized": {
    "2-1-basic-num": {
      "caption": "trellis representation of the NUM-TK states algorithm .",
      "sentence": [
        "trellis representation of the NUM-TK states algorithm ."
      ],
      "token": [
        "trellis",
        "representation",
        "of",
        "the",
        "NUM-TK",
        "states",
        "algorithm",
        "."
      ]
    },
    "2-2-advanced-euqation-bracket": {
      "caption": "trellis representation of the NUM states algorithm .",
      "sentence": [
        "trellis representation of the NUM states algorithm ."
      ],
      "tokens": [
        "trellis",
        "representation",
        "of",
        "the",
        "NUM",
        "states",
        "algorithm",
        "."
      ]
    }
  }
}