{
  "contains-subfigure": false,
  "Img-text": [
    "Perfect",
    "estimate",
    "k",
    "P\u0302",
    "(mom)",
    "k",
    "P\u0302",
    "\u2032",
    "k",
    "P\u0302",
    "\u221e",
    "P\u0302k",
    "n",
    "ct",
    "io",
    "fu",
    "n",
    "o",
    "n",
    "u",
    "ti",
    "tr",
    "ib",
    "D",
    "is",
    "Powers",
    "(in",
    "log",
    "scale)",
    "1",
    "0.9",
    "0.8",
    "0.7",
    "0.6",
    "0.5",
    "0.4",
    "0.3",
    "0.2",
    "0.1",
    "1",
    "0",
    "1",
    "4",
    "1",
    "16"
  ],
  "paper-ID": "1001.3934v4",
  "figure-ID": "1001.3934v4-Figure13-1.png",
  "figure-type": "Graph Plot",
  "0-originally-extracted": "Fig. 13. Distribution function of the estimators\u0302P\u221e k , P\u0302k, P\u0302 \u2032k and P\u0302 (mom) k for k \u2208 {1, 2, 3}, P1 = 1/16, P2 = 1/4, P3 = 1, n1 = n2 = n3 = 4 antennas per user,N = 24 sensors,M = 128 samples andSNR = 20 dB. Optimum estimator shown in dashed lines.",
  "1-lowercase-and-token-and-remove-figure-index": {
    "caption": "distribution function of the estimators\u0302p\u221e k , p\u0302k , p\u0302 \u2032k and p\u0302 ( mom ) k for k \u2208 { 1 , 2 , 3 } , p1 = 1/16 , p2 = 1/4 , p3 = 1 , n1 = n2 = n3 = 4 antennas per user , n = 24 sensors , m = 128 samples andsnr = 20 db . optimum estimator shown in dashed lines .",
    "sentence": [
      "distribution function of the estimators\u0302p\u221e k , p\u0302k , p\u0302 \u2032k and p\u0302 ( mom ) k for k \u2208 { 1 , 2 , 3 } , p1 = 1/16 , p2 = 1/4 , p3 = 1 , n1 = n2 = n3 = 4 antennas per user , n = 24 sensors , m = 128 samples andsnr = 20 db .",
      "optimum estimator shown in dashed lines ."
    ],
    "token": [
      "distribution",
      "function",
      "of",
      "the",
      "estimators\u0302p\u221e",
      "k",
      ",",
      "p\u0302k",
      ",",
      "p\u0302",
      "\u2032k",
      "and",
      "p\u0302",
      "(",
      "mom",
      ")",
      "k",
      "for",
      "k",
      "\u2208",
      "{",
      "1",
      ",",
      "2",
      ",",
      "3",
      "}",
      ",",
      "p1",
      "=",
      "1/16",
      ",",
      "p2",
      "=",
      "1/4",
      ",",
      "p3",
      "=",
      "1",
      ",",
      "n1",
      "=",
      "n2",
      "=",
      "n3",
      "=",
      "4",
      "antennas",
      "per",
      "user",
      ",",
      "n",
      "=",
      "24",
      "sensors",
      ",",
      "m",
      "=",
      "128",
      "samples",
      "andsnr",
      "=",
      "20",
      "db",
      ".",
      "optimum",
      "estimator",
      "shown",
      "in",
      "dashed",
      "lines",
      "."
    ]
  },
  "2-normalized": {
    "2-1-basic-num": {
      "caption": "distribution function of the estimators\u0302p\u221e k , p\u0302k , p\u0302 \u2032k and p\u0302 ( mom ) k for k \u2208 { NUM-TK , NUM-TK , NUM-TK } , p1 = NUM-TK , p2 = NUM-TK , p3 = NUM-TK , n1 = n2 = n3 = NUM-TK antennas per user , n = NUM-TK sensors , m = NUM-TK samples andsnr = NUM-TK db . optimum estimator shown in dashed lines .",
      "sentence": [
        "distribution function of the estimators\u0302p\u221e k , p\u0302k , p\u0302 \u2032k and p\u0302 ( mom ) k for k \u2208 { NUM-TK , NUM-TK , NUM-TK } , p1 = NUM-TK , p2 = NUM-TK , p3 = NUM-TK , n1 = n2 = n3 = NUM-TK antennas per user , n = NUM-TK sensors , m = NUM-TK samples andsnr = NUM-TK db .",
        "optimum estimator shown in dashed lines ."
      ],
      "token": [
        "distribution",
        "function",
        "of",
        "the",
        "estimators\u0302p\u221e",
        "k",
        ",",
        "p\u0302k",
        ",",
        "p\u0302",
        "\u2032k",
        "and",
        "p\u0302",
        "(",
        "mom",
        ")",
        "k",
        "for",
        "k",
        "\u2208",
        "{",
        "NUM-TK",
        ",",
        "NUM-TK",
        ",",
        "NUM-TK",
        "}",
        ",",
        "p1",
        "=",
        "NUM-TK",
        ",",
        "p2",
        "=",
        "NUM-TK",
        ",",
        "p3",
        "=",
        "NUM-TK",
        ",",
        "n1",
        "=",
        "n2",
        "=",
        "n3",
        "=",
        "NUM-TK",
        "antennas",
        "per",
        "user",
        ",",
        "n",
        "=",
        "NUM-TK",
        "sensors",
        ",",
        "m",
        "=",
        "NUM-TK",
        "samples",
        "andsnr",
        "=",
        "NUM-TK",
        "db",
        ".",
        "optimum",
        "estimator",
        "shown",
        "in",
        "dashed",
        "lines",
        "."
      ]
    },
    "2-2-advanced-euqation-bracket": {
      "caption": "distribution function of the estimators\u0302p\u221e k , p\u0302k , p\u0302 \u2032k and p\u0302 BRACKET-TK k for k \u2208 BRACKET-TK , p1 = NUM , p2 = NUM , p3 = NUM , n1 = n2 = n3 = NUM antennas per user , EQUAT-TK sensors , EQUAT-TK samples EQUAT-TK db . optimum estimator shown in dashed lines .",
      "sentence": [
        "distribution function of the estimators\u0302p\u221e k , p\u0302k , p\u0302 \u2032k and p\u0302 BRACKET-TK k for k \u2208 BRACKET-TK , p1 = NUM , p2 = NUM , p3 = NUM , n1 = n2 = n3 = NUM antennas per user , EQUAT-TK sensors , EQUAT-TK samples EQUAT-TK db .",
        "optimum estimator shown in dashed lines ."
      ],
      "tokens": [
        "distribution",
        "function",
        "of",
        "the",
        "estimators\u0302p\u221e",
        "k",
        ",",
        "p\u0302k",
        ",",
        "p\u0302",
        "\u2032k",
        "and",
        "p\u0302",
        "BRACKET-TK",
        "k",
        "for",
        "k",
        "\u2208",
        "BRACKET-TK",
        ",",
        "p1",
        "=",
        "NUM",
        ",",
        "p2",
        "=",
        "NUM",
        ",",
        "p3",
        "=",
        "NUM",
        ",",
        "n1",
        "=",
        "n2",
        "=",
        "n3",
        "=",
        "NUM",
        "antennas",
        "per",
        "user",
        ",",
        "EQUAT-TK",
        "sensors",
        ",",
        "EQUAT-TK",
        "samples",
        "EQUAT-TK",
        "db",
        ".",
        "optimum",
        "estimator",
        "shown",
        "in",
        "dashed",
        "lines",
        "."
      ]
    }
  }
}