{
  "contains-subfigure": false,
  "Img-text": [],
  "paper-ID": "1001.2250v1",
  "figure-ID": "1001.2250v1-Figure5-1.png",
  "figure-type": "Graph Plot",
  "0-originally-extracted": "Fig. 5. CIR versus \u03b5 for a standard OFDM system",
  "1-lowercase-and-token-and-remove-figure-index": {
    "caption": "cir versus \u03b5 for a standard ofdm system .",
    "sentence": [
      "cir versus \u03b5 for a standard ofdm system ."
    ],
    "token": [
      "cir",
      "versus",
      "\u03b5",
      "for",
      "a",
      "standard",
      "ofdm",
      "system",
      "."
    ]
  },
  "2-normalized": {
    "2-1-basic-num": {
      "caption": "cir versus \u03b5 for a standard ofdm system .",
      "sentence": [
        "cir versus \u03b5 for a standard ofdm system ."
      ],
      "token": [
        "cir",
        "versus",
        "\u03b5",
        "for",
        "a",
        "standard",
        "ofdm",
        "system",
        "."
      ]
    },
    "2-2-advanced-euqation-bracket": {
      "caption": "cir versus \u03b5 for a standard ofdm system .",
      "sentence": [
        "cir versus \u03b5 for a standard ofdm system ."
      ],
      "tokens": [
        "cir",
        "versus",
        "\u03b5",
        "for",
        "a",
        "standard",
        "ofdm",
        "system",
        "."
      ]
    }
  }
}