{
  "contains-subfigure": false,
  "Img-text": [],
  "paper-ID": "1001.0927v1",
  "figure-ID": "1001.0927v1-Figure4-1.png",
  "figure-type": "Graph Plot",
  "0-originally-extracted": "Fig. 4. Percentage of graph distances calculated by accelerated competitive learning GQ at each cycle through the training set. The standard version of competitive learning GQ requires 100% (corresponding to kN) graph distance calculations at each cycle. The number k for each training set is shown in parentheses next to the identifiers of the data sets in the legend box.",
  "1-lowercase-and-token-and-remove-figure-index": {
    "caption": "percentage of graph distances calculated by accelerated competitive learning gq at each cycle through the training set . the standard version of competitive learning gq requires 100 % ( corresponding to kn ) graph distance calculations at each cycle . the number k for each training set is shown in parentheses next to the identifiers of the data sets in the legend box .",
    "sentence": [
      "percentage of graph distances calculated by accelerated competitive learning gq at each cycle through the training set .",
      "the standard version of competitive learning gq requires 100 % ( corresponding to kn ) graph distance calculations at each cycle .",
      "the number k for each training set is shown in parentheses next to the identifiers of the data sets in the legend box ."
    ],
    "token": [
      "percentage",
      "of",
      "graph",
      "distances",
      "calculated",
      "by",
      "accelerated",
      "competitive",
      "learning",
      "gq",
      "at",
      "each",
      "cycle",
      "through",
      "the",
      "training",
      "set",
      ".",
      "the",
      "standard",
      "version",
      "of",
      "competitive",
      "learning",
      "gq",
      "requires",
      "100",
      "%",
      "(",
      "corresponding",
      "to",
      "kn",
      ")",
      "graph",
      "distance",
      "calculations",
      "at",
      "each",
      "cycle",
      ".",
      "the",
      "number",
      "k",
      "for",
      "each",
      "training",
      "set",
      "is",
      "shown",
      "in",
      "parentheses",
      "next",
      "to",
      "the",
      "identifiers",
      "of",
      "the",
      "data",
      "sets",
      "in",
      "the",
      "legend",
      "box",
      "."
    ]
  },
  "2-normalized": {
    "2-1-basic-num": {
      "caption": "percentage of graph distances calculated by accelerated competitive learning gq at each cycle through the training set . the standard version of competitive learning gq requires NUM-TK ( corresponding to kn ) graph distance calculations at each cycle . the number k for each training set is shown in parentheses next to the identifiers of the data sets in the legend box .",
      "sentence": [
        "percentage of graph distances calculated by accelerated competitive learning gq at each cycle through the training set .",
        "the standard version of competitive learning gq requires NUM-TK ( corresponding to kn ) graph distance calculations at each cycle .",
        "the number k for each training set is shown in parentheses next to the identifiers of the data sets in the legend box ."
      ],
      "token": [
        "percentage",
        "of",
        "graph",
        "distances",
        "calculated",
        "by",
        "accelerated",
        "competitive",
        "learning",
        "gq",
        "at",
        "each",
        "cycle",
        "through",
        "the",
        "training",
        "set",
        ".",
        "the",
        "standard",
        "version",
        "of",
        "competitive",
        "learning",
        "gq",
        "requires",
        "NUM-TK",
        "(",
        "corresponding",
        "to",
        "kn",
        ")",
        "graph",
        "distance",
        "calculations",
        "at",
        "each",
        "cycle",
        ".",
        "the",
        "number",
        "k",
        "for",
        "each",
        "training",
        "set",
        "is",
        "shown",
        "in",
        "parentheses",
        "next",
        "to",
        "the",
        "identifiers",
        "of",
        "the",
        "data",
        "sets",
        "in",
        "the",
        "legend",
        "box",
        "."
      ]
    },
    "2-2-advanced-euqation-bracket": {
      "caption": "percentage of graph distances calculated by accelerated competitive learning gq at each cycle through the training set . the standard version of competitive learning gq requires NUM BRACKET-TK graph distance calculations at each cycle . the number k for each training set is shown in parentheses next to the identifiers of the data sets in the legend box .",
      "sentence": [
        "percentage of graph distances calculated by accelerated competitive learning gq at each cycle through the training set .",
        "the standard version of competitive learning gq requires NUM BRACKET-TK graph distance calculations at each cycle .",
        "the number k for each training set is shown in parentheses next to the identifiers of the data sets in the legend box ."
      ],
      "tokens": [
        "percentage",
        "of",
        "graph",
        "distances",
        "calculated",
        "by",
        "accelerated",
        "competitive",
        "learning",
        "gq",
        "at",
        "each",
        "cycle",
        "through",
        "the",
        "training",
        "set",
        ".",
        "the",
        "standard",
        "version",
        "of",
        "competitive",
        "learning",
        "gq",
        "requires",
        "NUM",
        "BRACKET-TK",
        "graph",
        "distance",
        "calculations",
        "at",
        "each",
        "cycle",
        ".",
        "the",
        "number",
        "k",
        "for",
        "each",
        "training",
        "set",
        "is",
        "shown",
        "in",
        "parentheses",
        "next",
        "to",
        "the",
        "identifiers",
        "of",
        "the",
        "data",
        "sets",
        "in",
        "the",
        "legend",
        "box",
        "."
      ]
    }
  }
}