{
  "contains-subfigure": false,
  "Img-text": [
    "WIC",
    "=",
    "boosting",
    "WIC",
    "=",
    "random",
    "order",
    "WIC",
    "=",
    "alphabetic",
    "order",
    "T",
    "p",
    "\u03c8",
    "ex",
    "1",
    "0.8",
    "0.6",
    "0.4",
    "0.2",
    "0",
    "50",
    "100",
    "150",
    "200",
    "250",
    "0"
  ],
  "paper-ID": "1001.1221v1",
  "figure-ID": "1001.1221v1-Figure2-1.png",
  "figure-type": "Graph Plot",
  "0-originally-extracted": "Fig. 2 Training and validation data for the Ripley\u2019s dataset. The Bayes boundary is also drawn as reported in (Ripley, 1994).",
  "1-lowercase-and-token-and-remove-figure-index": {
    "caption": "training and validation data for the ripley \u2019 s dataset . the bayes boundary is also drawn as reported in ( ripley , 1994 ) .",
    "sentence": [
      "training and validation data for the ripley \u2019 s dataset .",
      "the bayes boundary is also drawn as reported in ( ripley , 1994 ) ."
    ],
    "token": [
      "training",
      "and",
      "validation",
      "data",
      "for",
      "the",
      "ripley",
      "\u2019",
      "s",
      "dataset",
      ".",
      "the",
      "bayes",
      "boundary",
      "is",
      "also",
      "drawn",
      "as",
      "reported",
      "in",
      "(",
      "ripley",
      ",",
      "1994",
      ")",
      "."
    ]
  },
  "2-normalized": {
    "2-1-basic-num": {
      "caption": "training and validation data for the ripley \u2019 s dataset . the bayes boundary is also drawn as reported in ( ripley , NUM-TK ) .",
      "sentence": [
        "training and validation data for the ripley \u2019 s dataset .",
        "the bayes boundary is also drawn as reported in ( ripley , NUM-TK ) ."
      ],
      "token": [
        "training",
        "and",
        "validation",
        "data",
        "for",
        "the",
        "ripley",
        "\u2019",
        "s",
        "dataset",
        ".",
        "the",
        "bayes",
        "boundary",
        "is",
        "also",
        "drawn",
        "as",
        "reported",
        "in",
        "(",
        "ripley",
        ",",
        "NUM-TK",
        ")",
        "."
      ]
    },
    "2-2-advanced-euqation-bracket": {
      "caption": "training and validation data for the ripley \u2019 s dataset . the bayes boundary is also drawn as reported in BRACKET-TK .",
      "sentence": [
        "training and validation data for the ripley \u2019 s dataset .",
        "the bayes boundary is also drawn as reported in BRACKET-TK ."
      ],
      "tokens": [
        "training",
        "and",
        "validation",
        "data",
        "for",
        "the",
        "ripley",
        "\u2019",
        "s",
        "dataset",
        ".",
        "the",
        "bayes",
        "boundary",
        "is",
        "also",
        "drawn",
        "as",
        "reported",
        "in",
        "BRACKET-TK",
        "."
      ]
    }
  }
}