{
  "contains-subfigure": false,
  "Img-text": [],
  "paper-ID": "1001.2931v3",
  "figure-ID": "1001.2931v3-Figure3-1.png",
  "figure-type": "Graph Plot",
  "0-originally-extracted": "Fig. 3. Distribution function evaluation - write operations.",
  "1-lowercase-and-token-and-remove-figure-index": {
    "caption": "distribution function evaluation - write operations .",
    "sentence": [
      "distribution function evaluation - write operations ."
    ],
    "token": [
      "distribution",
      "function",
      "evaluation",
      "-",
      "write",
      "operations",
      "."
    ]
  },
  "2-normalized": {
    "2-1-basic-num": {
      "caption": "distribution function evaluation - write operations .",
      "sentence": [
        "distribution function evaluation - write operations ."
      ],
      "token": [
        "distribution",
        "function",
        "evaluation",
        "-",
        "write",
        "operations",
        "."
      ]
    },
    "2-2-advanced-euqation-bracket": {
      "caption": "distribution function evaluation - write operations .",
      "sentence": [
        "distribution function evaluation - write operations ."
      ],
      "tokens": [
        "distribution",
        "function",
        "evaluation",
        "-",
        "write",
        "operations",
        "."
      ]
    }
  }
}