{
  "contains-subfigure": false,
  "Img-text": [],
  "paper-ID": "1001.5007v2",
  "figure-ID": "1001.5007v2-Figure9-1.png",
  "figure-type": "Graph Plot",
  "0-originally-extracted": "Fig. 9. Results of trajectory clustering for 30,000 trajectories",
  "1-lowercase-and-token-and-remove-figure-index": {
    "caption": "results of trajectory clustering for 30,000 trajectories .",
    "sentence": [
      "results of trajectory clustering for 30,000 trajectories ."
    ],
    "token": [
      "results",
      "of",
      "trajectory",
      "clustering",
      "for",
      "30,000",
      "trajectories",
      "."
    ]
  },
  "2-normalized": {
    "2-1-basic-num": {
      "caption": "results of trajectory clustering for NUM-TK trajectories .",
      "sentence": [
        "results of trajectory clustering for NUM-TK trajectories ."
      ],
      "token": [
        "results",
        "of",
        "trajectory",
        "clustering",
        "for",
        "NUM-TK",
        "trajectories",
        "."
      ]
    },
    "2-2-advanced-euqation-bracket": {
      "caption": "results of trajectory clustering for NUM trajectories .",
      "sentence": [
        "results of trajectory clustering for NUM trajectories ."
      ],
      "tokens": [
        "results",
        "of",
        "trajectory",
        "clustering",
        "for",
        "NUM",
        "trajectories",
        "."
      ]
    }
  }
}