{
  "contains-subfigure": false,
  "Img-text": [
    "ttotal",
    "tcalc",
    "tcomm",
    "tstore",
    "z",
    "ur",
    "s]",
    "l",
    "[",
    "ho",
    "t",
    "w",
    "al",
    "0.01",
    "0.1",
    "1",
    "10",
    "10",
    "1",
    "0.1",
    "0.01",
    "0.001",
    "0.0001"
  ],
  "paper-ID": "1001.0773v1",
  "figure-ID": "1001.0773v1-Figure2-1.png",
  "figure-type": "Graph Plot",
  "0-originally-extracted": "Fig. 2. Wall-clock time as a function of redshift (z) for the simulation with N = 16777216. The solid curve gives the wall-clock time, including the network wait stages, the dashed curve gives calculation time and the dotted curve indicates the time spend communicating. The lower thin dotted curve gives the time for storing data.",
  "1-lowercase-and-token-and-remove-figure-index": {
    "caption": "wall-clock time as a function of redshift ( z ) for the simulation with n = 1677716. the solid curve gives the wall-clock time , including the network wait stages , the dashed curve gives calculation time and the dotted curve indicates the time spend communicating . the lower thin dotted curve gives the time for storing data .",
    "sentence": [
      "wall-clock time as a function of redshift ( z ) for the simulation with n = 1677716. the solid curve gives the wall-clock time , including the network wait stages , the dashed curve gives calculation time and the dotted curve indicates the time spend communicating .",
      "the lower thin dotted curve gives the time for storing data ."
    ],
    "token": [
      "wall-clock",
      "time",
      "as",
      "a",
      "function",
      "of",
      "redshift",
      "(",
      "z",
      ")",
      "for",
      "the",
      "simulation",
      "with",
      "n",
      "=",
      "1677716.",
      "the",
      "solid",
      "curve",
      "gives",
      "the",
      "wall-clock",
      "time",
      ",",
      "including",
      "the",
      "network",
      "wait",
      "stages",
      ",",
      "the",
      "dashed",
      "curve",
      "gives",
      "calculation",
      "time",
      "and",
      "the",
      "dotted",
      "curve",
      "indicates",
      "the",
      "time",
      "spend",
      "communicating",
      ".",
      "the",
      "lower",
      "thin",
      "dotted",
      "curve",
      "gives",
      "the",
      "time",
      "for",
      "storing",
      "data",
      "."
    ]
  },
  "2-normalized": {
    "2-1-basic-num": {
      "caption": "wall-clock time as a function of redshift ( z ) for the simulation with n = NUM-TK the solid curve gives the wall-clock time , including the network wait stages , the dashed curve gives calculation time and the dotted curve indicates the time spend communicating . the lower thin dotted curve gives the time for storing data .",
      "sentence": [
        "wall-clock time as a function of redshift ( z ) for the simulation with n = NUM-TK the solid curve gives the wall-clock time , including the network wait stages , the dashed curve gives calculation time and the dotted curve indicates the time spend communicating .",
        "the lower thin dotted curve gives the time for storing data ."
      ],
      "token": [
        "wall-clock",
        "time",
        "as",
        "a",
        "function",
        "of",
        "redshift",
        "(",
        "z",
        ")",
        "for",
        "the",
        "simulation",
        "with",
        "n",
        "=",
        "NUM-TK",
        "the",
        "solid",
        "curve",
        "gives",
        "the",
        "wall-clock",
        "time",
        ",",
        "including",
        "the",
        "network",
        "wait",
        "stages",
        ",",
        "the",
        "dashed",
        "curve",
        "gives",
        "calculation",
        "time",
        "and",
        "the",
        "dotted",
        "curve",
        "indicates",
        "the",
        "time",
        "spend",
        "communicating",
        ".",
        "the",
        "lower",
        "thin",
        "dotted",
        "curve",
        "gives",
        "the",
        "time",
        "for",
        "storing",
        "data",
        "."
      ]
    },
    "2-2-advanced-euqation-bracket": {
      "caption": "wall-clock time as a function of redshift BRACKET-TK for the simulation with EQUAT-TK the solid curve gives the wall-clock time , including the network wait stages , the dashed curve gives calculation time and the dotted curve indicates the time spend communicating . the lower thin dotted curve gives the time for storing data .",
      "sentence": [
        "wall-clock time as a function of redshift BRACKET-TK for the simulation with EQUAT-TK the solid curve gives the wall-clock time , including the network wait stages , the dashed curve gives calculation time and the dotted curve indicates the time spend communicating .",
        "the lower thin dotted curve gives the time for storing data ."
      ],
      "tokens": [
        "wall-clock",
        "time",
        "as",
        "a",
        "function",
        "of",
        "redshift",
        "BRACKET-TK",
        "for",
        "the",
        "simulation",
        "with",
        "EQUAT-TK",
        "the",
        "solid",
        "curve",
        "gives",
        "the",
        "wall-clock",
        "time",
        ",",
        "including",
        "the",
        "network",
        "wait",
        "stages",
        ",",
        "the",
        "dashed",
        "curve",
        "gives",
        "calculation",
        "time",
        "and",
        "the",
        "dotted",
        "curve",
        "indicates",
        "the",
        "time",
        "spend",
        "communicating",
        ".",
        "the",
        "lower",
        "thin",
        "dotted",
        "curve",
        "gives",
        "the",
        "time",
        "for",
        "storing",
        "data",
        "."
      ]
    }
  }
}