{
  "contains-subfigure": false,
  "Img-text": [
    "P3",
    "separability",
    "limit",
    "P2",
    "separability",
    "limit",
    "P1",
    "separability",
    "limit",
    "c",
    "SNR,",
    "1",
    "\u03c3",
    "2",
    "[dB]",
    "c",
    "=",
    "10",
    "cluster",
    "separability",
    "region",
    "100",
    "80",
    "60",
    "40",
    "20",
    "\u221215",
    "\u221210",
    "\u22125",
    "0",
    "5",
    "10",
    "15",
    "20",
    "0"
  ],
  "paper-ID": "1001.3934v4",
  "figure-ID": "1001.3934v4-Figure5-1.png",
  "figure-type": "Graph Plot",
  "0-originally-extracted": "Fig. 5. Subset of(P1, P2, P3) that fulfills Assumption 1K = 3, c1 = c2 = c3, for c0 = 10, in crosshatched pattern.",
  "1-lowercase-and-token-and-remove-figure-index": {
    "caption": "subset of ( p1 , p2 , p3 ) that fulfills assumption 1k = 3 , c1 = c2 = c3 , for c0 = 10 , in crosshatched pattern .",
    "sentence": [
      "subset of ( p1 , p2 , p3 ) that fulfills assumption 1k = 3 , c1 = c2 = c3 , for c0 = 10 , in crosshatched pattern ."
    ],
    "token": [
      "subset",
      "of",
      "(",
      "p1",
      ",",
      "p2",
      ",",
      "p3",
      ")",
      "that",
      "fulfills",
      "assumption",
      "1k",
      "=",
      "3",
      ",",
      "c1",
      "=",
      "c2",
      "=",
      "c3",
      ",",
      "for",
      "c0",
      "=",
      "10",
      ",",
      "in",
      "crosshatched",
      "pattern",
      "."
    ]
  },
  "2-normalized": {
    "2-1-basic-num": {
      "caption": "subset of ( p1 , p2 , p3 ) that fulfills assumption NUM-TK = NUM-TK , c1 = c2 = c3 , for c0 = NUM-TK , in crosshatched pattern .",
      "sentence": [
        "subset of ( p1 , p2 , p3 ) that fulfills assumption NUM-TK = NUM-TK , c1 = c2 = c3 , for c0 = NUM-TK , in crosshatched pattern ."
      ],
      "token": [
        "subset",
        "of",
        "(",
        "p1",
        ",",
        "p2",
        ",",
        "p3",
        ")",
        "that",
        "fulfills",
        "assumption",
        "NUM-TK",
        "=",
        "NUM-TK",
        ",",
        "c1",
        "=",
        "c2",
        "=",
        "c3",
        ",",
        "for",
        "c0",
        "=",
        "NUM-TK",
        ",",
        "in",
        "crosshatched",
        "pattern",
        "."
      ]
    },
    "2-2-advanced-euqation-bracket": {
      "caption": "subset of BRACKET-TK that fulfills assumption NUM = NUM , c1 = c2 = c3 , for c0 = NUM , in crosshatched pattern .",
      "sentence": [
        "subset of BRACKET-TK that fulfills assumption NUM = NUM , c1 = c2 = c3 , for c0 = NUM , in crosshatched pattern ."
      ],
      "tokens": [
        "subset",
        "of",
        "BRACKET-TK",
        "that",
        "fulfills",
        "assumption",
        "NUM",
        "=",
        "NUM",
        ",",
        "c1",
        "=",
        "c2",
        "=",
        "c3",
        ",",
        "for",
        "c0",
        "=",
        "NUM",
        ",",
        "in",
        "crosshatched",
        "pattern",
        "."
      ]
    }
  }
}