{
  "contains-subfigure": false,
  "Img-text": [],
  "paper-ID": "1001.5007v2",
  "figure-ID": "1001.5007v2-Figure8-1.png",
  "figure-type": "Graph Plot",
  "0-originally-extracted": "Fig. 8. Results of trajectory clustering for the landings of one day at SFO",
  "1-lowercase-and-token-and-remove-figure-index": {
    "caption": "results of trajectory clustering for the landings of one day at sfo .",
    "sentence": [
      "results of trajectory clustering for the landings of one day at sfo ."
    ],
    "token": [
      "results",
      "of",
      "trajectory",
      "clustering",
      "for",
      "the",
      "landings",
      "of",
      "one",
      "day",
      "at",
      "sfo",
      "."
    ]
  },
  "2-normalized": {
    "2-1-basic-num": {
      "caption": "results of trajectory clustering for the landings of NUM-TK day at sfo .",
      "sentence": [
        "results of trajectory clustering for the landings of NUM-TK day at sfo ."
      ],
      "token": [
        "results",
        "of",
        "trajectory",
        "clustering",
        "for",
        "the",
        "landings",
        "of",
        "NUM-TK",
        "day",
        "at",
        "sfo",
        "."
      ]
    },
    "2-2-advanced-euqation-bracket": {
      "caption": "results of trajectory clustering for the landings of NUM day at sfo .",
      "sentence": [
        "results of trajectory clustering for the landings of NUM day at sfo ."
      ],
      "tokens": [
        "results",
        "of",
        "trajectory",
        "clustering",
        "for",
        "the",
        "landings",
        "of",
        "NUM",
        "day",
        "at",
        "sfo",
        "."
      ]
    }
  }
}