{
  "contains-subfigure": false,
  "Img-text": [],
  "paper-ID": "1001.0340v3",
  "figure-ID": "1001.0340v3-Figure8-1.png",
  "figure-type": "Graph Plot",
  "0-originally-extracted": "Fig. 8. The graphic shows the quadric defined by q1 = 0 with the tangent and normal in x at S1. Every point y of S1 above x is located on the same side of the the tangent. More precisely, we have \u2207q1|x \u00b7 (y \u2212 x) \u2264 0.",
  "1-lowercase-and-token-and-remove-figure-index": {
    "caption": "the graphic shows the quadric defined by q1 = 0 with the tangent and normal in x at s1 . every point y of s1 above x is located on the same side of the the tangent . more precisely , we have \u2207q1|x \u00b7 ( y \u2212 x ) \u2264 0 .",
    "sentence": [
      "the graphic shows the quadric defined by q1 = 0 with the tangent and normal in x at s1 .",
      "every point y of s1 above x is located on the same side of the the tangent .",
      "more precisely , we have \u2207q1|x \u00b7 ( y \u2212 x ) \u2264 0 ."
    ],
    "token": [
      "the",
      "graphic",
      "shows",
      "the",
      "quadric",
      "defined",
      "by",
      "q1",
      "=",
      "0",
      "with",
      "the",
      "tangent",
      "and",
      "normal",
      "in",
      "x",
      "at",
      "s1",
      ".",
      "every",
      "point",
      "y",
      "of",
      "s1",
      "above",
      "x",
      "is",
      "located",
      "on",
      "the",
      "same",
      "side",
      "of",
      "the",
      "the",
      "tangent",
      ".",
      "more",
      "precisely",
      ",",
      "we",
      "have",
      "\u2207q1|x",
      "\u00b7",
      "(",
      "y",
      "\u2212",
      "x",
      ")",
      "\u2264",
      "0",
      "."
    ]
  },
  "2-normalized": {
    "2-1-basic-num": {
      "caption": "the graphic shows the quadric defined by q1 = NUM-TK with the tangent and normal in x at s1 . every point y of s1 above x is located on the same side of the the tangent . more precisely , we have \u2207q1|x \u00b7 ( y \u2212 x ) \u2264 NUM-TK .",
      "sentence": [
        "the graphic shows the quadric defined by q1 = NUM-TK with the tangent and normal in x at s1 .",
        "every point y of s1 above x is located on the same side of the the tangent .",
        "more precisely , we have \u2207q1|x \u00b7 ( y \u2212 x ) \u2264 NUM-TK ."
      ],
      "token": [
        "the",
        "graphic",
        "shows",
        "the",
        "quadric",
        "defined",
        "by",
        "q1",
        "=",
        "NUM-TK",
        "with",
        "the",
        "tangent",
        "and",
        "normal",
        "in",
        "x",
        "at",
        "s1",
        ".",
        "every",
        "point",
        "y",
        "of",
        "s1",
        "above",
        "x",
        "is",
        "located",
        "on",
        "the",
        "same",
        "side",
        "of",
        "the",
        "the",
        "tangent",
        ".",
        "more",
        "precisely",
        ",",
        "we",
        "have",
        "\u2207q1|x",
        "\u00b7",
        "(",
        "y",
        "\u2212",
        "x",
        ")",
        "\u2264",
        "NUM-TK",
        "."
      ]
    },
    "2-2-advanced-euqation-bracket": {
      "caption": "the graphic shows the quadric defined by q1 = NUM with the tangent and normal in x at s1 . every point y of s1 above x is located on the same side of the the tangent . more precisely , we have \u2207q1|x \u00b7 BRACKET-TK \u2264 NUM .",
      "sentence": [
        "the graphic shows the quadric defined by q1 = NUM with the tangent and normal in x at s1 .",
        "every point y of s1 above x is located on the same side of the the tangent .",
        "more precisely , we have \u2207q1|x \u00b7 BRACKET-TK \u2264 NUM ."
      ],
      "tokens": [
        "the",
        "graphic",
        "shows",
        "the",
        "quadric",
        "defined",
        "by",
        "q1",
        "=",
        "NUM",
        "with",
        "the",
        "tangent",
        "and",
        "normal",
        "in",
        "x",
        "at",
        "s1",
        ".",
        "every",
        "point",
        "y",
        "of",
        "s1",
        "above",
        "x",
        "is",
        "located",
        "on",
        "the",
        "same",
        "side",
        "of",
        "the",
        "the",
        "tangent",
        ".",
        "more",
        "precisely",
        ",",
        "we",
        "have",
        "\u2207q1|x",
        "\u00b7",
        "BRACKET-TK",
        "\u2264",
        "NUM",
        "."
      ]
    }
  }
}