{
  "contains-subfigure": false,
  "Img-text": [
    "i",
    "=",
    "1,",
    "2,",
    "4,",
    "6",
    "secrecy",
    "rate",
    "\u033a",
    "(bits)",
    "p",
    "o",
    "u",
    "ta",
    "ge",
    ",i",
    "(\u033a",
    ")",
    "1",
    "0.9",
    "0.8",
    "0.7",
    "0.6",
    "0.5",
    "0.4",
    "0.3",
    "0.2",
    "0.1",
    "0",
    "2",
    "4",
    "6",
    "8",
    "10",
    "0"
  ],
  "paper-ID": "1001.3697v1",
  "figure-ID": "1001.3697v1-Figure14-1.png",
  "figure-type": "Graph Plot",
  "0-originally-extracted": "Figure 14. Probabilitypoutage,i of secrecy outage between a node and itsi-th closest neighbour, for various values of the neighbour indexi (\u03bb\u2113 = 1m\u22122, \u03bbe = 0.1m\u22122, b = 2, P\u2113/\u03c32 = 10).",
  "1-lowercase-and-token-and-remove-figure-index": {
    "caption": "probabilitypoutage , i of secrecy outage between a node and itsi-th closest neighbour , for various values of the neighbour indexi ( \u03bb\u2113 = 1m\u22122 , \u03bbe = 0.1m\u22122 , b = 2 , p\u2113/\u03c32 = 10 ) .",
    "sentence": [
      "probabilitypoutage , i of secrecy outage between a node and itsi-th closest neighbour , for various values of the neighbour indexi ( \u03bb\u2113 = 1m\u22122 , \u03bbe = 0.1m\u22122 , b = 2 , p\u2113/\u03c32 = 10 ) ."
    ],
    "token": [
      "probabilitypoutage",
      ",",
      "i",
      "of",
      "secrecy",
      "outage",
      "between",
      "a",
      "node",
      "and",
      "itsi-th",
      "closest",
      "neighbour",
      ",",
      "for",
      "various",
      "values",
      "of",
      "the",
      "neighbour",
      "indexi",
      "(",
      "\u03bb\u2113",
      "=",
      "1m\u22122",
      ",",
      "\u03bbe",
      "=",
      "0.1m\u22122",
      ",",
      "b",
      "=",
      "2",
      ",",
      "p\u2113/\u03c32",
      "=",
      "10",
      ")",
      "."
    ]
  },
  "2-normalized": {
    "2-1-basic-num": {
      "caption": "probabilitypoutage , i of secrecy outage between a node and itsi-th closest neighbour , for various values of the neighbour indexi ( \u03bb\u2113 = NUM-TK , \u03bbe = NUM-TK , b = NUM-TK , p\u2113/\u03c32 = NUM-TK ) .",
      "sentence": [
        "probabilitypoutage , i of secrecy outage between a node and itsi-th closest neighbour , for various values of the neighbour indexi ( \u03bb\u2113 = NUM-TK , \u03bbe = NUM-TK , b = NUM-TK , p\u2113/\u03c32 = NUM-TK ) ."
      ],
      "token": [
        "probabilitypoutage",
        ",",
        "i",
        "of",
        "secrecy",
        "outage",
        "between",
        "a",
        "node",
        "and",
        "itsi-th",
        "closest",
        "neighbour",
        ",",
        "for",
        "various",
        "values",
        "of",
        "the",
        "neighbour",
        "indexi",
        "(",
        "\u03bb\u2113",
        "=",
        "NUM-TK",
        ",",
        "\u03bbe",
        "=",
        "NUM-TK",
        ",",
        "b",
        "=",
        "NUM-TK",
        ",",
        "p\u2113/\u03c32",
        "=",
        "NUM-TK",
        ")",
        "."
      ]
    },
    "2-2-advanced-euqation-bracket": {
      "caption": "probabilitypoutage , i of secrecy outage between a node and itsi-th closest neighbour , for various values of the neighbour indexi BRACKET-TK .",
      "sentence": [
        "probabilitypoutage , i of secrecy outage between a node and itsi-th closest neighbour , for various values of the neighbour indexi BRACKET-TK ."
      ],
      "tokens": [
        "probabilitypoutage",
        ",",
        "i",
        "of",
        "secrecy",
        "outage",
        "between",
        "a",
        "node",
        "and",
        "itsi-th",
        "closest",
        "neighbour",
        ",",
        "for",
        "various",
        "values",
        "of",
        "the",
        "neighbour",
        "indexi",
        "BRACKET-TK",
        "."
      ]
    }
  }
}