{
  "contains-subfigure": false,
  "Img-text": [
    "#230-34567849-!-:;$",
    "<8=>?@7@-:A778>@-B:;$C-!-38D65A7849-2@=657=E-F;%$",
    "G2!HI3F-!-23-34567849",
    "G2!HI3F-!-38D65A7849-2@=657=E-F;%$",
    "-",
    "-",
    ",",
    "-.",
    "/",
    "0",
    "1",
    "!",
    "Energy",
    "Penalty",
    "Comparison",
    "(QPSK)",
    "#!",
    "+",
    "*",
    ")",
    "(",
    "'",
    "&",
    "!",
    "!\"#",
    "!\"$",
    "!\"%",
    "!\"&",
    "!\"'",
    "!\"(",
    "!\")",
    "!\"*",
    "!\"+",
    "#",
    "%"
  ],
  "paper-ID": "1001.3790v3",
  "figure-ID": "1001.3790v3-Figure8-1.png",
  "figure-type": "Graph Plot",
  "0-originally-extracted": "Figure 8: The energy penalty per symbol as a function of the system load \u03b1, for the CR-QPSK alphabet relaxation scheme. Corresponding results for the discrete alphabet relaxation scheme of Section 6 are provided for comparison.",
  "1-lowercase-and-token-and-remove-figure-index": {
    "caption": "the energy penalty per symbol as a function of the system load \u03b1 , for the cr-qpsk alphabet relaxation scheme . corresponding results for the discrete alphabet relaxation scheme of section 6 are provided for comparison .",
    "sentence": [
      "the energy penalty per symbol as a function of the system load \u03b1 , for the cr-qpsk alphabet relaxation scheme .",
      "corresponding results for the discrete alphabet relaxation scheme of section 6 are provided for comparison ."
    ],
    "token": [
      "the",
      "energy",
      "penalty",
      "per",
      "symbol",
      "as",
      "a",
      "function",
      "of",
      "the",
      "system",
      "load",
      "\u03b1",
      ",",
      "for",
      "the",
      "cr-qpsk",
      "alphabet",
      "relaxation",
      "scheme",
      ".",
      "corresponding",
      "results",
      "for",
      "the",
      "discrete",
      "alphabet",
      "relaxation",
      "scheme",
      "of",
      "section",
      "6",
      "are",
      "provided",
      "for",
      "comparison",
      "."
    ]
  },
  "2-normalized": {
    "2-1-basic-num": {
      "caption": "the energy penalty per symbol as a function of the system load \u03b1 , for the cr-qpsk alphabet relaxation scheme . corresponding results for the discrete alphabet relaxation scheme of section NUM-TK are provided for comparison .",
      "sentence": [
        "the energy penalty per symbol as a function of the system load \u03b1 , for the cr-qpsk alphabet relaxation scheme .",
        "corresponding results for the discrete alphabet relaxation scheme of section NUM-TK are provided for comparison ."
      ],
      "token": [
        "the",
        "energy",
        "penalty",
        "per",
        "symbol",
        "as",
        "a",
        "function",
        "of",
        "the",
        "system",
        "load",
        "\u03b1",
        ",",
        "for",
        "the",
        "cr-qpsk",
        "alphabet",
        "relaxation",
        "scheme",
        ".",
        "corresponding",
        "results",
        "for",
        "the",
        "discrete",
        "alphabet",
        "relaxation",
        "scheme",
        "of",
        "section",
        "NUM-TK",
        "are",
        "provided",
        "for",
        "comparison",
        "."
      ]
    },
    "2-2-advanced-euqation-bracket": {
      "caption": "the energy penalty per symbol as a function of the system load \u03b1 , for the cr-qpsk alphabet relaxation scheme . corresponding results for the discrete alphabet relaxation scheme of section NUM are provided for comparison .",
      "sentence": [
        "the energy penalty per symbol as a function of the system load \u03b1 , for the cr-qpsk alphabet relaxation scheme .",
        "corresponding results for the discrete alphabet relaxation scheme of section NUM are provided for comparison ."
      ],
      "tokens": [
        "the",
        "energy",
        "penalty",
        "per",
        "symbol",
        "as",
        "a",
        "function",
        "of",
        "the",
        "system",
        "load",
        "\u03b1",
        ",",
        "for",
        "the",
        "cr-qpsk",
        "alphabet",
        "relaxation",
        "scheme",
        ".",
        "corresponding",
        "results",
        "for",
        "the",
        "discrete",
        "alphabet",
        "relaxation",
        "scheme",
        "of",
        "section",
        "NUM",
        "are",
        "provided",
        "for",
        "comparison",
        "."
      ]
    }
  }
}