{
  "contains-subfigure": false,
  "Img-text": [
    "Apriori",
    "PC_Miner",
    "c)",
    "(",
    "se",
    "im",
    "e",
    "n",
    "t",
    "R",
    "u",
    "6",
    "5",
    "4",
    "3",
    "2",
    "1",
    "0.5",
    "0.1",
    "0.05",
    "Support(%)",
    "140",
    "120",
    "100",
    "80",
    "60",
    "40",
    "20",
    "0",
    "T10I5D100k"
  ],
  "paper-ID": "1001.2275v1",
  "figure-ID": "1001.2275v1-Figure8-1.png",
  "figure-type": "Graph Plot",
  "0-originally-extracted": "Figure 8. Run time Vs. Support",
  "1-lowercase-and-token-and-remove-figure-index": {
    "caption": "run time vs. support .",
    "sentence": [
      "run time vs. support ."
    ],
    "token": [
      "run",
      "time",
      "vs.",
      "support",
      "."
    ]
  },
  "2-normalized": {
    "2-1-basic-num": {
      "caption": "run time vs. support .",
      "sentence": [
        "run time vs. support ."
      ],
      "token": [
        "run",
        "time",
        "vs.",
        "support",
        "."
      ]
    },
    "2-2-advanced-euqation-bracket": {
      "caption": "run time vs. support .",
      "sentence": [
        "run time vs. support ."
      ],
      "tokens": [
        "run",
        "time",
        "vs.",
        "support",
        "."
      ]
    }
  }
}