{
  "contains-subfigure": false,
  "Img-text": [
    "Locations",
    "u",
    "Y",
    "4",
    "Progresterone",
    "hormone",
    "curves",
    "3",
    "2",
    "1",
    "0",
    "\u22121",
    "\u22122",
    "0",
    "5",
    "10",
    "15",
    "20",
    "25",
    "\u22123"
  ],
  "paper-ID": "1001.0597v2",
  "figure-ID": "1001.0597v2-Figure8-1.png",
  "figure-type": "Graph Plot",
  "0-originally-extracted": "Figure 8: Progeresterone hormone curves.",
  "1-lowercase-and-token-and-remove-figure-index": {
    "caption": "progeresterone hormone curves .",
    "sentence": [
      "progeresterone hormone curves ."
    ],
    "token": [
      "progeresterone",
      "hormone",
      "curves",
      "."
    ]
  },
  "2-normalized": {
    "2-1-basic-num": {
      "caption": "progeresterone hormone curves .",
      "sentence": [
        "progeresterone hormone curves ."
      ],
      "token": [
        "progeresterone",
        "hormone",
        "curves",
        "."
      ]
    },
    "2-2-advanced-euqation-bracket": {
      "caption": "progeresterone hormone curves .",
      "sentence": [
        "progeresterone hormone curves ."
      ],
      "tokens": [
        "progeresterone",
        "hormone",
        "curves",
        "."
      ]
    }
  }
}