{
  "contains-subfigure": false,
  "Img-text": [],
  "paper-ID": "1001.0069v1",
  "figure-ID": "1001.0069v1-Figure11-1.png",
  "figure-type": "Graph Plot",
  "0-originally-extracted": "Figure 11. Mutual information performance of PNC with different synchronization levels",
  "1-lowercase-and-token-and-remove-figure-index": {
    "caption": "mutual information performance of pnc with different synchronization levels .",
    "sentence": [
      "mutual information performance of pnc with different synchronization levels ."
    ],
    "token": [
      "mutual",
      "information",
      "performance",
      "of",
      "pnc",
      "with",
      "different",
      "synchronization",
      "levels",
      "."
    ]
  },
  "2-normalized": {
    "2-1-basic-num": {
      "caption": "mutual information performance of pnc with different synchronization levels .",
      "sentence": [
        "mutual information performance of pnc with different synchronization levels ."
      ],
      "token": [
        "mutual",
        "information",
        "performance",
        "of",
        "pnc",
        "with",
        "different",
        "synchronization",
        "levels",
        "."
      ]
    },
    "2-2-advanced-euqation-bracket": {
      "caption": "mutual information performance of pnc with different synchronization levels .",
      "sentence": [
        "mutual information performance of pnc with different synchronization levels ."
      ],
      "tokens": [
        "mutual",
        "information",
        "performance",
        "of",
        "pnc",
        "with",
        "different",
        "synchronization",
        "levels",
        "."
      ]
    }
  }
}