{
  "contains-subfigure": false,
  "Img-text": [
    "\u25cf",
    "\u25cf",
    "\u25cf",
    "\u25cf",
    "\u25cf",
    "\u25cf",
    "\u25cf",
    "\u25cf",
    "\u25cf",
    "\u25cf",
    "\u25cf",
    "\u25cf",
    "\u25cf",
    "\u25cf",
    "\u25cf",
    "\u25cf",
    "\u25cf",
    "\u25cf",
    "\u25cf",
    "\u25cf",
    "\u25cf",
    "\u25cf",
    "\u25cf",
    "\u25cf",
    "\u25cf",
    "50",
    "0",
    "40",
    "0",
    "30",
    "0",
    "20",
    "0",
    "10",
    "0",
    "(",
    "$)",
    "en",
    "ue",
    "R",
    "ev",
    "\u221240",
    "\u221220",
    "0",
    "20",
    "40",
    "k"
  ],
  "paper-ID": "1001.0592v3",
  "figure-ID": "1001.0592v3-Figure6-1.png",
  "figure-type": "Graph Plot",
  "0-originally-extracted": "Figure 6: Expected revenue as the underestimation error k varies in an ascending price auction; n = 50, v = 100, b = 1, and s = 0.25.",
  "1-lowercase-and-token-and-remove-figure-index": {
    "caption": "expected revenue as the underestimation error k varies in an ascending price auction ; n = 50 , v = 100 , b = 1 , and s = 0.25 .",
    "sentence": [
      "expected revenue as the underestimation error k varies in an ascending price auction ; n = 50 , v = 100 , b = 1 , and s = 0.25 ."
    ],
    "token": [
      "expected",
      "revenue",
      "as",
      "the",
      "underestimation",
      "error",
      "k",
      "varies",
      "in",
      "an",
      "ascending",
      "price",
      "auction",
      ";",
      "n",
      "=",
      "50",
      ",",
      "v",
      "=",
      "100",
      ",",
      "b",
      "=",
      "1",
      ",",
      "and",
      "s",
      "=",
      "0.25",
      "."
    ]
  },
  "2-normalized": {
    "2-1-basic-num": {
      "caption": "expected revenue as the underestimation error k varies in an ascending price auction ; n = NUM-TK , v = NUM-TK , b = NUM-TK , and s = NUM-TK .",
      "sentence": [
        "expected revenue as the underestimation error k varies in an ascending price auction ; n = NUM-TK , v = NUM-TK , b = NUM-TK , and s = NUM-TK ."
      ],
      "token": [
        "expected",
        "revenue",
        "as",
        "the",
        "underestimation",
        "error",
        "k",
        "varies",
        "in",
        "an",
        "ascending",
        "price",
        "auction",
        ";",
        "n",
        "=",
        "NUM-TK",
        ",",
        "v",
        "=",
        "NUM-TK",
        ",",
        "b",
        "=",
        "NUM-TK",
        ",",
        "and",
        "s",
        "=",
        "NUM-TK",
        "."
      ]
    },
    "2-2-advanced-euqation-bracket": {
      "caption": "expected revenue as the underestimation error k varies in an ascending price auction ; EQUAT-TK , EQUAT-TK , EQUAT-TK , and EQUAT-TK .",
      "sentence": [
        "expected revenue as the underestimation error k varies in an ascending price auction ; EQUAT-TK , EQUAT-TK , EQUAT-TK , and EQUAT-TK ."
      ],
      "tokens": [
        "expected",
        "revenue",
        "as",
        "the",
        "underestimation",
        "error",
        "k",
        "varies",
        "in",
        "an",
        "ascending",
        "price",
        "auction",
        ";",
        "EQUAT-TK",
        ",",
        "EQUAT-TK",
        ",",
        "EQUAT-TK",
        ",",
        "and",
        "EQUAT-TK",
        "."
      ]
    }
  }
}