{
  "contains-subfigure": false,
  "Img-text": [],
  "paper-ID": "1001.4301v1",
  "figure-ID": "1001.4301v1-Figure16-1.png",
  "figure-type": "Graph Plot",
  "0-originally-extracted": "Fig. 16. Experimental results for BACH divergence (4-dimensional case without compression)",
  "1-lowercase-and-token-and-remove-figure-index": {
    "caption": "experimental results for bach divergence ( 4-dimensional case without compression ) .",
    "sentence": [
      "experimental results for bach divergence ( 4-dimensional case without compression ) ."
    ],
    "token": [
      "experimental",
      "results",
      "for",
      "bach",
      "divergence",
      "(",
      "4-dimensional",
      "case",
      "without",
      "compression",
      ")",
      "."
    ]
  },
  "2-normalized": {
    "2-1-basic-num": {
      "caption": "experimental results for bach divergence ( 4-dimensional case without compression ) .",
      "sentence": [
        "experimental results for bach divergence ( 4-dimensional case without compression ) ."
      ],
      "token": [
        "experimental",
        "results",
        "for",
        "bach",
        "divergence",
        "(",
        "4-dimensional",
        "case",
        "without",
        "compression",
        ")",
        "."
      ]
    },
    "2-2-advanced-euqation-bracket": {
      "caption": "experimental results for bach divergence BRACKET-TK .",
      "sentence": [
        "experimental results for bach divergence BRACKET-TK ."
      ],
      "tokens": [
        "experimental",
        "results",
        "for",
        "bach",
        "divergence",
        "BRACKET-TK",
        "."
      ]
    }
  }
}