{
  "contains-subfigure": false,
  "Img-text": [
    "Proposed",
    "SMSE",
    "precoder",
    "traditional",
    "SMSE",
    "precoder",
    "Love",
    "MMSE",
    "Regularized",
    "Channel",
    "Inversion",
    "R",
    "B",
    "E",
    "ra",
    "ge",
    "A",
    "ve",
    "SNR",
    "10",
    "0",
    "10",
    "\u22121",
    "\u22122",
    "0",
    "5",
    "10",
    "15",
    "20",
    "25",
    "10"
  ],
  "paper-ID": "1001.2307v1",
  "figure-ID": "1001.2307v1-Figure4-1.png",
  "figure-type": "Graph Plot",
  "0-originally-extracted": "Fig. 4. Comparison with previous MU-MISO precoding techniques withM = 4, K = 4, Lk = 1 \u2200k, B = 10, QPSK",
  "1-lowercase-and-token-and-remove-figure-index": {
    "caption": "comparison with previous mu-miso precoding techniques withm = , k = , lk = 1 \u2200k , b = 10 , qpsk .",
    "sentence": [
      "comparison with previous mu-miso precoding techniques withm = , k = , lk = 1 \u2200k , b = 10 , qpsk ."
    ],
    "token": [
      "comparison",
      "with",
      "previous",
      "mu-miso",
      "precoding",
      "techniques",
      "withm",
      "=",
      ",",
      "k",
      "=",
      ",",
      "lk",
      "=",
      "1",
      "\u2200k",
      ",",
      "b",
      "=",
      "10",
      ",",
      "qpsk",
      "."
    ]
  },
  "2-normalized": {
    "2-1-basic-num": {
      "caption": "comparison with previous mu-miso precoding techniques withm = , k = , lk = NUM-TK \u2200k , b = NUM-TK , qpsk .",
      "sentence": [
        "comparison with previous mu-miso precoding techniques withm = , k = , lk = NUM-TK \u2200k , b = NUM-TK , qpsk ."
      ],
      "token": [
        "comparison",
        "with",
        "previous",
        "mu-miso",
        "precoding",
        "techniques",
        "withm",
        "=",
        ",",
        "k",
        "=",
        ",",
        "lk",
        "=",
        "NUM-TK",
        "\u2200k",
        ",",
        "b",
        "=",
        "NUM-TK",
        ",",
        "qpsk",
        "."
      ]
    },
    "2-2-advanced-euqation-bracket": {
      "caption": "comparison with previous mu-miso precoding techniques withm = , k = , EQUAT-TK \u2200k , EQUAT-TK , qpsk .",
      "sentence": [
        "comparison with previous mu-miso precoding techniques withm = , k = , EQUAT-TK \u2200k , EQUAT-TK , qpsk ."
      ],
      "tokens": [
        "comparison",
        "with",
        "previous",
        "mu-miso",
        "precoding",
        "techniques",
        "withm",
        "=",
        ",",
        "k",
        "=",
        ",",
        "EQUAT-TK",
        "\u2200k",
        ",",
        "EQUAT-TK",
        ",",
        "qpsk",
        "."
      ]
    }
  }
}