{
  "contains-subfigure": false,
  "Img-text": [
    "EMD",
    "reduced",
    "L1",
    "reduced",
    "EMD:",
    "Synthetic",
    "dataset,",
    "T=2.5x102,",
    "k=5",
    "N",
    ")",
    "e",
    "(s",
    "ti",
    "m",
    "ni",
    "ng",
    "R",
    "un",
    "50",
    "100",
    "150",
    "200",
    "250",
    "300",
    "350",
    "1400",
    "1200",
    "1000",
    "800",
    "600",
    "400",
    "200",
    "0"
  ],
  "paper-ID": "1001.2625v2",
  "figure-ID": "1001.2625v2-Figure8-1.png",
  "figure-type": "Graph Plot",
  "0-originally-extracted": "Figure 8: Effect ofN on EMD.",
  "1-lowercase-and-token-and-remove-figure-index": {
    "caption": "effect ofn on emd .",
    "sentence": [
      "effect ofn on emd ."
    ],
    "token": [
      "effect",
      "ofn",
      "on",
      "emd",
      "."
    ]
  },
  "2-normalized": {
    "2-1-basic-num": {
      "caption": "effect ofn on emd .",
      "sentence": [
        "effect ofn on emd ."
      ],
      "token": [
        "effect",
        "ofn",
        "on",
        "emd",
        "."
      ]
    },
    "2-2-advanced-euqation-bracket": {
      "caption": "effect ofn on emd .",
      "sentence": [
        "effect ofn on emd ."
      ],
      "tokens": [
        "effect",
        "ofn",
        "on",
        "emd",
        "."
      ]
    }
  }
}