{
  "contains-subfigure": false,
  "Img-text": [],
  "paper-ID": "1001.2665v1",
  "figure-ID": "1001.2665v1-Figure2-1.png",
  "figure-type": "Graph Plot",
  "0-originally-extracted": "Fig. 2. Normal users behaviour without sending files. (100 \u2261 2754 bytes)",
  "1-lowercase-and-token-and-remove-figure-index": {
    "caption": "normal users behaviour without sending files . ( 100 \u2261 754 bytes ) .",
    "sentence": [
      "normal users behaviour without sending files .",
      "( 100 \u2261 754 bytes ) ."
    ],
    "token": [
      "normal",
      "users",
      "behaviour",
      "without",
      "sending",
      "files",
      ".",
      "(",
      "100",
      "\u2261",
      "754",
      "bytes",
      ")",
      "."
    ]
  },
  "2-normalized": {
    "2-1-basic-num": {
      "caption": "normal users behaviour without sending files . ( NUM-TK \u2261 NUM-TK bytes ) .",
      "sentence": [
        "normal users behaviour without sending files .",
        "( NUM-TK \u2261 NUM-TK bytes ) ."
      ],
      "token": [
        "normal",
        "users",
        "behaviour",
        "without",
        "sending",
        "files",
        ".",
        "(",
        "NUM-TK",
        "\u2261",
        "NUM-TK",
        "bytes",
        ")",
        "."
      ]
    },
    "2-2-advanced-euqation-bracket": {
      "caption": "normal users behaviour without sending files . BRACKET-TK .",
      "sentence": [
        "normal users behaviour without sending files .",
        "BRACKET-TK ."
      ],
      "tokens": [
        "normal",
        "users",
        "behaviour",
        "without",
        "sending",
        "files",
        ".",
        "BRACKET-TK",
        "."
      ]
    }
  }
}