{
  "contains-subfigure": false,
  "Img-text": [
    "s",
    "et",
    "er",
    "is",
    ",",
    "m",
    "y\u2212",
    "ax",
    "x\u2212axis,",
    "meters",
    "0.9",
    "Centroids",
    "for",
    "all",
    "Clusters",
    "0.8",
    "0.7",
    "0.6",
    "0.5",
    "0.4",
    "0.3",
    "0.2",
    "0.1",
    "0",
    "0.2",
    "0.4",
    "0.6",
    "0.8",
    "1",
    "0"
  ],
  "paper-ID": "1001.5007v2",
  "figure-ID": "1001.5007v2-Figure13-1.png",
  "figure-type": "Graph Plot",
  "0-originally-extracted": "Fig. 13. Clusters centroids (average trajectory)",
  "1-lowercase-and-token-and-remove-figure-index": {
    "caption": "clusters centroids ( average trajectory ) .",
    "sentence": [
      "clusters centroids ( average trajectory ) ."
    ],
    "token": [
      "clusters",
      "centroids",
      "(",
      "average",
      "trajectory",
      ")",
      "."
    ]
  },
  "2-normalized": {
    "2-1-basic-num": {
      "caption": "clusters centroids ( average trajectory ) .",
      "sentence": [
        "clusters centroids ( average trajectory ) ."
      ],
      "token": [
        "clusters",
        "centroids",
        "(",
        "average",
        "trajectory",
        ")",
        "."
      ]
    },
    "2-2-advanced-euqation-bracket": {
      "caption": "clusters centroids BRACKET-TK .",
      "sentence": [
        "clusters centroids BRACKET-TK ."
      ],
      "tokens": [
        "clusters",
        "centroids",
        "BRACKET-TK",
        "."
      ]
    }
  }
}