{
  "contains-subfigure": false,
  "Img-text": [
    "Directions",
    "of",
    "BSs/APs",
    "Average",
    "Beampattern",
    "Value",
    "B",
    "]",
    "er",
    "[d",
    "P",
    "ow",
    "Angle",
    "\u03c6",
    "[degree]",
    "40",
    "30",
    "20",
    "10",
    "0",
    "\u221210",
    "\u221220",
    "\u221230",
    "\u2212180",
    "\u2212120",
    "\u221260",
    "0",
    "60",
    "120",
    "180",
    "\u221240"
  ],
  "paper-ID": "1001.3193v1",
  "figure-ID": "1001.3193v1-Figure3-1.png",
  "figure-type": "Graph Plot",
  "0-originally-extracted": "Fig. 3. Beampattern:4 simultaneous beampatterns with BSs/APs at directions\u03d51 = \u2212160o, \u03d52 = \u221250o, \u03d52 = 60o, and \u03d53 = 170 o.",
  "1-lowercase-and-token-and-remove-figure-index": {
    "caption": "beampattern:4 simultaneous beampatterns with bss/aps at directions\u03d51 = \u2212160o , \u03d52 = \u221250o , \u03d52 = 60o , and \u03d5 = 170 o .",
    "sentence": [
      "beampattern:4 simultaneous beampatterns with bss/aps at directions\u03d51 = \u2212160o , \u03d52 = \u221250o , \u03d52 = 60o , and \u03d5 = 170 o ."
    ],
    "token": [
      "beampattern:4",
      "simultaneous",
      "beampatterns",
      "with",
      "bss/aps",
      "at",
      "directions\u03d51",
      "=",
      "\u2212160o",
      ",",
      "\u03d52",
      "=",
      "\u221250o",
      ",",
      "\u03d52",
      "=",
      "60o",
      ",",
      "and",
      "\u03d5",
      "=",
      "170",
      "o",
      "."
    ]
  },
  "2-normalized": {
    "2-1-basic-num": {
      "caption": "beampattern:4 simultaneous beampatterns with bss/aps at directions\u03d51 = \u2212160o , \u03d52 = \u221250o , \u03d52 = NUM-TK , and \u03d5 = NUM-TK o .",
      "sentence": [
        "beampattern:4 simultaneous beampatterns with bss/aps at directions\u03d51 = \u2212160o , \u03d52 = \u221250o , \u03d52 = NUM-TK , and \u03d5 = NUM-TK o ."
      ],
      "token": [
        "beampattern:4",
        "simultaneous",
        "beampatterns",
        "with",
        "bss/aps",
        "at",
        "directions\u03d51",
        "=",
        "\u2212160o",
        ",",
        "\u03d52",
        "=",
        "\u221250o",
        ",",
        "\u03d52",
        "=",
        "NUM-TK",
        ",",
        "and",
        "\u03d5",
        "=",
        "NUM-TK",
        "o",
        "."
      ]
    },
    "2-2-advanced-euqation-bracket": {
      "caption": "beampattern:4 simultaneous beampatterns with bss/aps at directions\u03d51 = \u2212160o , \u03d52 = \u221250o , \u03d52 = NUM , and EQUAT-TK o .",
      "sentence": [
        "beampattern:4 simultaneous beampatterns with bss/aps at directions\u03d51 = \u2212160o , \u03d52 = \u221250o , \u03d52 = NUM , and EQUAT-TK o ."
      ],
      "tokens": [
        "beampattern:4",
        "simultaneous",
        "beampatterns",
        "with",
        "bss/aps",
        "at",
        "directions\u03d51",
        "=",
        "\u2212160o",
        ",",
        "\u03d52",
        "=",
        "\u221250o",
        ",",
        "\u03d52",
        "=",
        "NUM",
        ",",
        "and",
        "EQUAT-TK",
        "o",
        "."
      ]
    }
  }
}