{
  "contains-subfigure": false,
  "Img-text": [],
  "paper-ID": "1001.1414v2",
  "figure-ID": "1001.1414v2-Figure1-1.png",
  "figure-type": "Graph Plot",
  "0-originally-extracted": "Figure 1: Average Case Regret and Worst Case Regret in a Logarithmic Scale",
  "1-lowercase-and-token-and-remove-figure-index": {
    "caption": "average case regret and worst case regret in a logarithmic scale .",
    "sentence": [
      "average case regret and worst case regret in a logarithmic scale ."
    ],
    "token": [
      "average",
      "case",
      "regret",
      "and",
      "worst",
      "case",
      "regret",
      "in",
      "a",
      "logarithmic",
      "scale",
      "."
    ]
  },
  "2-normalized": {
    "2-1-basic-num": {
      "caption": "average case regret and worst case regret in a logarithmic scale .",
      "sentence": [
        "average case regret and worst case regret in a logarithmic scale ."
      ],
      "token": [
        "average",
        "case",
        "regret",
        "and",
        "worst",
        "case",
        "regret",
        "in",
        "a",
        "logarithmic",
        "scale",
        "."
      ]
    },
    "2-2-advanced-euqation-bracket": {
      "caption": "average case regret and worst case regret in a logarithmic scale .",
      "sentence": [
        "average case regret and worst case regret in a logarithmic scale ."
      ],
      "tokens": [
        "average",
        "case",
        "regret",
        "and",
        "worst",
        "case",
        "regret",
        "in",
        "a",
        "logarithmic",
        "scale",
        "."
      ]
    }
  }
}