{
  "contains-subfigure": false,
  "Img-text": [
    "w/o",
    "network",
    "MIMO",
    "equal",
    "power",
    "\u03b3=1bit/ch.use",
    "M=4,",
    "10dB",
    "perfect",
    "CSIT",
    "statistical",
    "CSIT",
    "ty",
    "ab",
    "ili",
    "pr",
    "ob",
    "ag",
    "e",
    "O",
    "ut",
    "position",
    "x",
    "of",
    "UT1",
    "100",
    "10\u22121",
    "10\u22122",
    "10\u22123",
    "0",
    "0.5",
    "1",
    "1.5",
    "210",
    "\u22124"
  ],
  "paper-ID": "1001.2421v1",
  "figure-ID": "1001.2421v1-Figure7-1.png",
  "figure-type": "Graph Plot",
  "0-originally-extracted": "Fig. 7. Outage probability vs. location of UT1 withB = K = 2 andM = 2, 4.",
  "1-lowercase-and-token-and-remove-figure-index": {
    "caption": "outage probability vs. location of ut1 withb = k = 2 andm = 2 , 4 .",
    "sentence": [
      "outage probability vs. location of ut1 withb = k = 2 andm = 2 , 4 ."
    ],
    "token": [
      "outage",
      "probability",
      "vs.",
      "location",
      "of",
      "ut1",
      "withb",
      "=",
      "k",
      "=",
      "2",
      "andm",
      "=",
      "2",
      ",",
      "4",
      "."
    ]
  },
  "2-normalized": {
    "2-1-basic-num": {
      "caption": "outage probability vs. location of ut1 withb = k = NUM-TK andm = NUM-TK , NUM-TK .",
      "sentence": [
        "outage probability vs. location of ut1 withb = k = NUM-TK andm = NUM-TK , NUM-TK ."
      ],
      "token": [
        "outage",
        "probability",
        "vs.",
        "location",
        "of",
        "ut1",
        "withb",
        "=",
        "k",
        "=",
        "NUM-TK",
        "andm",
        "=",
        "NUM-TK",
        ",",
        "NUM-TK",
        "."
      ]
    },
    "2-2-advanced-euqation-bracket": {
      "caption": "outage probability vs. location of ut1 withb = EQUAT-TK EQUAT-TK , NUM .",
      "sentence": [
        "outage probability vs. location of ut1 withb = EQUAT-TK EQUAT-TK , NUM ."
      ],
      "tokens": [
        "outage",
        "probability",
        "vs.",
        "location",
        "of",
        "ut1",
        "withb",
        "=",
        "EQUAT-TK",
        "EQUAT-TK",
        ",",
        "NUM",
        "."
      ]
    }
  }
}