{
  "contains-subfigure": false,
  "Img-text": [
    "3-point",
    "DCT-III",
    "6-point",
    "DCT-III",
    "1",
    "223-point",
    "DCT-II",
    "2",
    "5",
    "122cos",
    "\u03c0",
    "3",
    "122cos",
    "\u03c0",
    "122cos",
    "\u03c0",
    "62cos",
    "\u03c0",
    "2",
    "62cos",
    "\u03c0",
    "2",
    "6-point",
    "DCT-II",
    "3",
    "5",
    "1",
    "4",
    "2",
    "3-point",
    "DCT-II",
    "0",
    "1",
    "2",
    "2",
    "3-point",
    "DCT-III",
    "2",
    "1",
    "2",
    "0",
    "11",
    "242cos",
    "\u03c0",
    "9",
    "242cos",
    "\u03c0",
    "7",
    "242cos",
    "\u03c0",
    "5",
    "242cos",
    "\u03c0",
    "3",
    "242cos",
    "\u03c0",
    "\u03c0",
    "1",
    "2",
    "242cos",
    "5",
    "122cos",
    "\u03c0",
    "3",
    "122cos",
    "\u03c0",
    "122cos",
    "\u03c0",
    "62cos",
    "\u03c0",
    "2",
    "62cos",
    "\u03c0",
    "2",
    "1",
    "102",
    "X",
    "1",
    "22",
    "X",
    "1",
    "02",
    "X",
    "1",
    "62",
    "X",
    "0x",
    "1x",
    "2x",
    "3x",
    "4x",
    "5x",
    "1",
    "82",
    "X",
    "1",
    "42",
    "X",
    "1",
    "112",
    "X",
    "1",
    "12",
    "X",
    "1",
    "32",
    "X",
    "1",
    "72",
    "X",
    "6x",
    "7x",
    "8x",
    "9x",
    "10x",
    "11x",
    "1",
    "52",
    "X",
    "1",
    "92",
    "X"
  ],
  "paper-ID": "1001.3713v1",
  "figure-ID": "1001.3713v1-Figure4-1.png",
  "figure-type": "Graph Plot",
  "0-originally-extracted": "Fig. 4. DCT-II of lengthsN= 3 \u00b7 2m (m=1, 2, 3) factorized by our algorithm. Dashed arrows show cancelingfactors.",
  "1-lowercase-and-token-and-remove-figure-index": {
    "caption": "dct-ii of lengthsn= 3 \u00b7 2m ( m=1 , 2 , 3 ) factorized by our algorithm . dashed arrows show cancelingfactors .",
    "sentence": [
      "dct-ii of lengthsn= 3 \u00b7 2m ( m=1 , 2 , 3 ) factorized by our algorithm .",
      "dashed arrows show cancelingfactors ."
    ],
    "token": [
      "dct-ii",
      "of",
      "lengthsn=",
      "3",
      "\u00b7",
      "2m",
      "(",
      "m=1",
      ",",
      "2",
      ",",
      "3",
      ")",
      "factorized",
      "by",
      "our",
      "algorithm",
      ".",
      "dashed",
      "arrows",
      "show",
      "cancelingfactors",
      "."
    ]
  },
  "2-normalized": {
    "2-1-basic-num": {
      "caption": "dct-ii of lengthsn= NUM-TK \u00b7 NUM-TK ( m=1 , NUM-TK , NUM-TK ) factorized by our algorithm . dashed arrows show cancelingfactors .",
      "sentence": [
        "dct-ii of lengthsn= NUM-TK \u00b7 NUM-TK ( m=1 , NUM-TK , NUM-TK ) factorized by our algorithm .",
        "dashed arrows show cancelingfactors ."
      ],
      "token": [
        "dct-ii",
        "of",
        "lengthsn=",
        "NUM-TK",
        "\u00b7",
        "NUM-TK",
        "(",
        "m=1",
        ",",
        "NUM-TK",
        ",",
        "NUM-TK",
        ")",
        "factorized",
        "by",
        "our",
        "algorithm",
        ".",
        "dashed",
        "arrows",
        "show",
        "cancelingfactors",
        "."
      ]
    },
    "2-2-advanced-euqation-bracket": {
      "caption": "dct-ii of lengthsn= NUM \u00b7 NUM BRACKET-TK factorized by our algorithm . dashed arrows show cancelingfactors .",
      "sentence": [
        "dct-ii of lengthsn= NUM \u00b7 NUM BRACKET-TK factorized by our algorithm .",
        "dashed arrows show cancelingfactors ."
      ],
      "tokens": [
        "dct-ii",
        "of",
        "lengthsn=",
        "NUM",
        "\u00b7",
        "NUM",
        "BRACKET-TK",
        "factorized",
        "by",
        "our",
        "algorithm",
        ".",
        "dashed",
        "arrows",
        "show",
        "cancelingfactors",
        "."
      ]
    }
  }
}