{
  "contains-subfigure": false,
  "Img-text": [
    "BCJR_Simulation",
    "CBCJR_Simulation",
    "SNR",
    "(dB)",
    "R",
    "B",
    "E",
    "-30",
    "-25",
    "-20",
    "-15",
    "-10",
    "-5",
    "0",
    "5",
    "10",
    "15",
    "20",
    "25",
    "0.5",
    "0.4",
    "0.3",
    "0.2",
    "0.1",
    "0"
  ],
  "paper-ID": "1001.3550v2",
  "figure-ID": "1001.3550v2-Figure1-1.png",
  "figure-type": "Graph Plot",
  "0-originally-extracted": "Figure 1: BCJR vs CBCJR.",
  "1-lowercase-and-token-and-remove-figure-index": {
    "caption": "bcjr vs cbcjr .",
    "sentence": [
      "bcjr vs cbcjr ."
    ],
    "token": [
      "bcjr",
      "vs",
      "cbcjr",
      "."
    ]
  },
  "2-normalized": {
    "2-1-basic-num": {
      "caption": "bcjr vs cbcjr .",
      "sentence": [
        "bcjr vs cbcjr ."
      ],
      "token": [
        "bcjr",
        "vs",
        "cbcjr",
        "."
      ]
    },
    "2-2-advanced-euqation-bracket": {
      "caption": "bcjr vs cbcjr .",
      "sentence": [
        "bcjr vs cbcjr ."
      ],
      "tokens": [
        "bcjr",
        "vs",
        "cbcjr",
        "."
      ]
    }
  }
}