{
  "contains-subfigure": false,
  "Img-text": [
    "8\u2212AM16\u2212QAM",
    "True",
    "LLR",
    "Piecewise",
    "linear",
    "LLR",
    "R",
    "B",
    "E",
    "SNR",
    "(dB)",
    "10",
    "\u22121",
    "10",
    "\u22122",
    "10",
    "\u22123",
    "10",
    "\u22124",
    "10",
    "\u22125",
    "\u22126",
    "4.5",
    "5",
    "5.5",
    "6",
    "6.5",
    "7",
    "7.5",
    "8",
    "8.5",
    "9",
    "9.5",
    "10"
  ],
  "paper-ID": "1002.2164v1",
  "figure-ID": "1002.2164v1-Figure3-1.png",
  "figure-type": "Graph Plot",
  "0-originally-extracted": "Fig. 3. Comparison between the BER of a randomly constructed(3, 4)-regular LDPC code of length15000 decoded by true and approximate LLRs on the Rayleigh fading channel (K = 0). The approximate LLR parameters are reported in Table I.",
  "1-lowercase-and-token-and-remove-figure-index": {
    "caption": "comparison between the ber of a randomly constructed ( , 4 ) -regular ldpc code of length15000 decoded by true and approximate llrs on the rayleigh fading channel ( k = 0 ) . the approximate llr parameters are reported in table i .",
    "sentence": [
      "comparison between the ber of a randomly constructed ( , 4 ) -regular ldpc code of length15000 decoded by true and approximate llrs on the rayleigh fading channel ( k = 0 ) .",
      "the approximate llr parameters are reported in table i ."
    ],
    "token": [
      "comparison",
      "between",
      "the",
      "ber",
      "of",
      "a",
      "randomly",
      "constructed",
      "(",
      ",",
      "4",
      ")",
      "-regular",
      "ldpc",
      "code",
      "of",
      "length15000",
      "decoded",
      "by",
      "true",
      "and",
      "approximate",
      "llrs",
      "on",
      "the",
      "rayleigh",
      "fading",
      "channel",
      "(",
      "k",
      "=",
      "0",
      ")",
      ".",
      "the",
      "approximate",
      "llr",
      "parameters",
      "are",
      "reported",
      "in",
      "table",
      "i",
      "."
    ]
  },
  "2-normalized": {
    "2-1-basic-num": {
      "caption": "comparison between the ber of a randomly constructed ( , NUM-TK ) -regular ldpc code of length15000 decoded by true and approximate llrs on the rayleigh fading channel ( k = NUM-TK ) . the approximate llr parameters are reported in table i .",
      "sentence": [
        "comparison between the ber of a randomly constructed ( , NUM-TK ) -regular ldpc code of length15000 decoded by true and approximate llrs on the rayleigh fading channel ( k = NUM-TK ) .",
        "the approximate llr parameters are reported in table i ."
      ],
      "token": [
        "comparison",
        "between",
        "the",
        "ber",
        "of",
        "a",
        "randomly",
        "constructed",
        "(",
        ",",
        "NUM-TK",
        ")",
        "-regular",
        "ldpc",
        "code",
        "of",
        "length15000",
        "decoded",
        "by",
        "true",
        "and",
        "approximate",
        "llrs",
        "on",
        "the",
        "rayleigh",
        "fading",
        "channel",
        "(",
        "k",
        "=",
        "NUM-TK",
        ")",
        ".",
        "the",
        "approximate",
        "llr",
        "parameters",
        "are",
        "reported",
        "in",
        "table",
        "i",
        "."
      ]
    },
    "2-2-advanced-euqation-bracket": {
      "caption": "comparison between the ber of a randomly constructed BRACKET-TK -regular ldpc code of length15000 decoded by true and approximate llrs on the rayleigh fading channel BRACKET-TK . the approximate llr parameters are reported in table i .",
      "sentence": [
        "comparison between the ber of a randomly constructed BRACKET-TK -regular ldpc code of length15000 decoded by true and approximate llrs on the rayleigh fading channel BRACKET-TK .",
        "the approximate llr parameters are reported in table i ."
      ],
      "tokens": [
        "comparison",
        "between",
        "the",
        "ber",
        "of",
        "a",
        "randomly",
        "constructed",
        "BRACKET-TK",
        "-regular",
        "ldpc",
        "code",
        "of",
        "length15000",
        "decoded",
        "by",
        "true",
        "and",
        "approximate",
        "llrs",
        "on",
        "the",
        "rayleigh",
        "fading",
        "channel",
        "BRACKET-TK",
        ".",
        "the",
        "approximate",
        "llr",
        "parameters",
        "are",
        "reported",
        "in",
        "table",
        "i",
        "."
      ]
    }
  }
}