{
  "contains-subfigure": false,
  "Img-text": [],
  "paper-ID": "1002.0773v1",
  "figure-ID": "1002.0773v1-Figure1-1.png",
  "figure-type": "Graph Plot",
  "0-originally-extracted": "Figure 1: The WER on an independent test set and the MMI criterion on the training data during twenty iterations of extended Baum-Welch. The x-axis gives the extended Baum-Welch iteration, with x=0 being the mle.",
  "1-lowercase-and-token-and-remove-figure-index": {
    "caption": "the wer on an independent test set and the mmi criterion on the training data during twenty iterations of extended baum-welch . the x-axis gives the extended baum-welch iteration , with x=0 being the mle .",
    "sentence": [
      "the wer on an independent test set and the mmi criterion on the training data during twenty iterations of extended baum-welch .",
      "the x-axis gives the extended baum-welch iteration , with x=0 being the mle ."
    ],
    "token": [
      "the",
      "wer",
      "on",
      "an",
      "independent",
      "test",
      "set",
      "and",
      "the",
      "mmi",
      "criterion",
      "on",
      "the",
      "training",
      "data",
      "during",
      "twenty",
      "iterations",
      "of",
      "extended",
      "baum-welch",
      ".",
      "the",
      "x-axis",
      "gives",
      "the",
      "extended",
      "baum-welch",
      "iteration",
      ",",
      "with",
      "x=0",
      "being",
      "the",
      "mle",
      "."
    ]
  },
  "2-normalized": {
    "2-1-basic-num": {
      "caption": "the wer on an independent test set and the mmi criterion on the training data during twenty iterations of extended baum-welch . the x-axis gives the extended baum-welch iteration , with x=0 being the mle .",
      "sentence": [
        "the wer on an independent test set and the mmi criterion on the training data during twenty iterations of extended baum-welch .",
        "the x-axis gives the extended baum-welch iteration , with x=0 being the mle ."
      ],
      "token": [
        "the",
        "wer",
        "on",
        "an",
        "independent",
        "test",
        "set",
        "and",
        "the",
        "mmi",
        "criterion",
        "on",
        "the",
        "training",
        "data",
        "during",
        "twenty",
        "iterations",
        "of",
        "extended",
        "baum-welch",
        ".",
        "the",
        "x-axis",
        "gives",
        "the",
        "extended",
        "baum-welch",
        "iteration",
        ",",
        "with",
        "x=0",
        "being",
        "the",
        "mle",
        "."
      ]
    },
    "2-2-advanced-euqation-bracket": {
      "caption": "the wer on an independent test set and the mmi criterion on the training data during twenty iterations of extended baum-welch . the x-axis gives the extended baum-welch iteration , with x=0 being the mle .",
      "sentence": [
        "the wer on an independent test set and the mmi criterion on the training data during twenty iterations of extended baum-welch .",
        "the x-axis gives the extended baum-welch iteration , with x=0 being the mle ."
      ],
      "tokens": [
        "the",
        "wer",
        "on",
        "an",
        "independent",
        "test",
        "set",
        "and",
        "the",
        "mmi",
        "criterion",
        "on",
        "the",
        "training",
        "data",
        "during",
        "twenty",
        "iterations",
        "of",
        "extended",
        "baum-welch",
        ".",
        "the",
        "x-axis",
        "gives",
        "the",
        "extended",
        "baum-welch",
        "iteration",
        ",",
        "with",
        "x=0",
        "being",
        "the",
        "mle",
        "."
      ]
    }
  }
}