{
  "contains-subfigure": false,
  "Img-text": [
    "OFDM",
    "\u2212\u2212",
    "32",
    "sub",
    "carriers",
    "Channel",
    "Response",
    "Length",
    "\u2212\u2212",
    "5",
    "Bit",
    "Loading",
    "\u2212\u2212",
    "16\u2212QAM",
    "per",
    "sub",
    "carrier",
    "Waterfilling",
    "\u2212\u2212",
    "Gaussian",
    "Mercury/waterfilling",
    "\u2212\u2212",
    "16\u2212QAM",
    "X\u2212Codes",
    "Conjectured",
    "pairing",
    "\u2212\u2212",
    "16\u2212QAM",
    "X\u2212Codes",
    "Random",
    "pairing",
    "\u2212\u2212",
    "16\u2212QAM",
    "X\u2212Codes",
    "Hungarian",
    "pairing",
    "\u2212\u2212",
    "16\u2212QAM",
    "its",
    ")",
    "n",
    "(b",
    "at",
    "io",
    "or",
    "m",
    "l",
    "I",
    "nf",
    "ut",
    "ua",
    "al",
    "M",
    "T",
    "ot",
    "SNR",
    "per",
    "sub",
    "carrier",
    "(dB)",
    "120",
    "110",
    "100",
    "90",
    "80",
    "70",
    "60",
    "50",
    "40",
    "30",
    "15",
    "20",
    "25",
    "30",
    "35",
    "20"
  ],
  "paper-ID": "1002.4263v1",
  "figure-ID": "1002.4263v1-Figure13-1.png",
  "figure-type": "Graph Plot",
  "0-originally-extracted": "Fig. 13. Mutual information versus per subcarrier SNR for anOFDM system with 32 carriers. Comparison of heuristic pairing schemes.",
  "1-lowercase-and-token-and-remove-figure-index": {
    "caption": "mutual information versus per subcarrier snr for anofdm system with 32 carriers . comparison of heuristic pairing schemes .",
    "sentence": [
      "mutual information versus per subcarrier snr for anofdm system with 32 carriers .",
      "comparison of heuristic pairing schemes ."
    ],
    "token": [
      "mutual",
      "information",
      "versus",
      "per",
      "subcarrier",
      "snr",
      "for",
      "anofdm",
      "system",
      "with",
      "32",
      "carriers",
      ".",
      "comparison",
      "of",
      "heuristic",
      "pairing",
      "schemes",
      "."
    ]
  },
  "2-normalized": {
    "2-1-basic-num": {
      "caption": "mutual information versus per subcarrier snr for anofdm system with NUM-TK carriers . comparison of heuristic pairing schemes .",
      "sentence": [
        "mutual information versus per subcarrier snr for anofdm system with NUM-TK carriers .",
        "comparison of heuristic pairing schemes ."
      ],
      "token": [
        "mutual",
        "information",
        "versus",
        "per",
        "subcarrier",
        "snr",
        "for",
        "anofdm",
        "system",
        "with",
        "NUM-TK",
        "carriers",
        ".",
        "comparison",
        "of",
        "heuristic",
        "pairing",
        "schemes",
        "."
      ]
    },
    "2-2-advanced-euqation-bracket": {
      "caption": "mutual information versus per subcarrier snr for anofdm system with NUM carriers . comparison of heuristic pairing schemes .",
      "sentence": [
        "mutual information versus per subcarrier snr for anofdm system with NUM carriers .",
        "comparison of heuristic pairing schemes ."
      ],
      "tokens": [
        "mutual",
        "information",
        "versus",
        "per",
        "subcarrier",
        "snr",
        "for",
        "anofdm",
        "system",
        "with",
        "NUM",
        "carriers",
        ".",
        "comparison",
        "of",
        "heuristic",
        "pairing",
        "schemes",
        "."
      ]
    }
  }
}