{
  "contains-subfigure": false,
  "Img-text": [],
  "paper-ID": "1002.1874v1",
  "figure-ID": "1002.1874v1-Figure7-1.png",
  "figure-type": "Graph Plot",
  "0-originally-extracted": "Figure 7. Bandwidth_utilization Vs. Mobility_factor",
  "1-lowercase-and-token-and-remove-figure-index": {
    "caption": "bandwidth_utilization vs. mobility_factor .",
    "sentence": [
      "bandwidth_utilization vs. mobility_factor ."
    ],
    "token": [
      "bandwidth_utilization",
      "vs.",
      "mobility_factor",
      "."
    ]
  },
  "2-normalized": {
    "2-1-basic-num": {
      "caption": "bandwidth_utilization vs. mobility_factor .",
      "sentence": [
        "bandwidth_utilization vs. mobility_factor ."
      ],
      "token": [
        "bandwidth_utilization",
        "vs.",
        "mobility_factor",
        "."
      ]
    },
    "2-2-advanced-euqation-bracket": {
      "caption": "bandwidth_utilization vs. mobility_factor .",
      "sentence": [
        "bandwidth_utilization vs. mobility_factor ."
      ],
      "tokens": [
        "bandwidth_utilization",
        "vs.",
        "mobility_factor",
        "."
      ]
    }
  }
}