{
  "contains-subfigure": false,
  "Img-text": [],
  "paper-ID": "1002.1152v1",
  "figure-ID": "1002.1152v1-Figure5-1.png",
  "figure-type": "Graph Plot",
  "0-originally-extracted": "Figure 5. Bandwidth vs Time",
  "1-lowercase-and-token-and-remove-figure-index": {
    "caption": "bandwidth vs time .",
    "sentence": [
      "bandwidth vs time ."
    ],
    "token": [
      "bandwidth",
      "vs",
      "time",
      "."
    ]
  },
  "2-normalized": {
    "2-1-basic-num": {
      "caption": "bandwidth vs time .",
      "sentence": [
        "bandwidth vs time ."
      ],
      "token": [
        "bandwidth",
        "vs",
        "time",
        "."
      ]
    },
    "2-2-advanced-euqation-bracket": {
      "caption": "bandwidth vs time .",
      "sentence": [
        "bandwidth vs time ."
      ],
      "tokens": [
        "bandwidth",
        "vs",
        "time",
        "."
      ]
    }
  }
}