{
  "contains-subfigure": false,
  "Img-text": [],
  "paper-ID": "1002.4838v1",
  "figure-ID": "1002.4838v1-Figure9-1.png",
  "figure-type": "Graph Plot",
  "0-originally-extracted": "Fig. 9 Receiver Response for Different Frames Size for Binary Phase Shift Keying",
  "1-lowercase-and-token-and-remove-figure-index": {
    "caption": "receiver response for different frames size for binary phase shift keying .",
    "sentence": [
      "receiver response for different frames size for binary phase shift keying ."
    ],
    "token": [
      "receiver",
      "response",
      "for",
      "different",
      "frames",
      "size",
      "for",
      "binary",
      "phase",
      "shift",
      "keying",
      "."
    ]
  },
  "2-normalized": {
    "2-1-basic-num": {
      "caption": "receiver response for different frames size for binary phase shift keying .",
      "sentence": [
        "receiver response for different frames size for binary phase shift keying ."
      ],
      "token": [
        "receiver",
        "response",
        "for",
        "different",
        "frames",
        "size",
        "for",
        "binary",
        "phase",
        "shift",
        "keying",
        "."
      ]
    },
    "2-2-advanced-euqation-bracket": {
      "caption": "receiver response for different frames size for binary phase shift keying .",
      "sentence": [
        "receiver response for different frames size for binary phase shift keying ."
      ],
      "tokens": [
        "receiver",
        "response",
        "for",
        "different",
        "frames",
        "size",
        "for",
        "binary",
        "phase",
        "shift",
        "keying",
        "."
      ]
    }
  }
}