{
  "contains-subfigure": false,
  "Img-text": [
    "16",
    "nodes",
    "(AODV)",
    "25",
    "nodes",
    "(AODV)",
    "49",
    "nodes",
    "(DSR)",
    "bp",
    "s)",
    "ut",
    "(M",
    "ug",
    "hp",
    "Th",
    "ro",
    "Packet",
    "Error",
    "Rate",
    "(PER)",
    "0",
    "0.002",
    "0.004",
    "0.006",
    "0.008",
    "0.01",
    "0.012",
    "0.014",
    "0.016",
    "2",
    "1.8",
    "1.6",
    "1.4",
    "1.2",
    "1",
    "0.8",
    "0.6",
    "0.4",
    "0.2",
    "0"
  ],
  "paper-ID": "1002.2189v1",
  "figure-ID": "1002.2189v1-Figure3-1.png",
  "figure-type": "Graph Plot",
  "0-originally-extracted": "Figure 3. Throughput of TCP New Reno over ad-hoc network for PER ranging from 0.000 to 0.016 for various sizes of grid topologies",
  "1-lowercase-and-token-and-remove-figure-index": {
    "caption": "throughput of tcp new reno over ad-hoc network for per ranging from 0.000 to 0.016 for various sizes of grid topologies .",
    "sentence": [
      "throughput of tcp new reno over ad-hoc network for per ranging from 0.000 to 0.016 for various sizes of grid topologies ."
    ],
    "token": [
      "throughput",
      "of",
      "tcp",
      "new",
      "reno",
      "over",
      "ad-hoc",
      "network",
      "for",
      "per",
      "ranging",
      "from",
      "0.000",
      "to",
      "0.016",
      "for",
      "various",
      "sizes",
      "of",
      "grid",
      "topologies",
      "."
    ]
  },
  "2-normalized": {
    "2-1-basic-num": {
      "caption": "throughput of tcp new reno over ad-hoc network for per ranging from NUM-TK to NUM-TK for various sizes of grid topologies .",
      "sentence": [
        "throughput of tcp new reno over ad-hoc network for per ranging from NUM-TK to NUM-TK for various sizes of grid topologies ."
      ],
      "token": [
        "throughput",
        "of",
        "tcp",
        "new",
        "reno",
        "over",
        "ad-hoc",
        "network",
        "for",
        "per",
        "ranging",
        "from",
        "NUM-TK",
        "to",
        "NUM-TK",
        "for",
        "various",
        "sizes",
        "of",
        "grid",
        "topologies",
        "."
      ]
    },
    "2-2-advanced-euqation-bracket": {
      "caption": "throughput of tcp new reno over ad-hoc network for per ranging from NUM to NUM for various sizes of grid topologies .",
      "sentence": [
        "throughput of tcp new reno over ad-hoc network for per ranging from NUM to NUM for various sizes of grid topologies ."
      ],
      "tokens": [
        "throughput",
        "of",
        "tcp",
        "new",
        "reno",
        "over",
        "ad-hoc",
        "network",
        "for",
        "per",
        "ranging",
        "from",
        "NUM",
        "to",
        "NUM",
        "for",
        "various",
        "sizes",
        "of",
        "grid",
        "topologies",
        "."
      ]
    }
  }
}