{
  "contains-subfigure": false,
  "Img-text": [
    "QPSK,",
    "1/2",
    "QPSK,",
    "3/4",
    "16QAM,",
    "1/2",
    "16QAM,",
    "3/4",
    "64QAM,",
    "1/2",
    "64QAM,",
    "2/3",
    "64QAM,",
    "3/4",
    ")",
    "bi",
    "t/s",
    "ut",
    "(M",
    "ug",
    "hp",
    "Th",
    "ro",
    "SNR",
    "(dB)",
    "40",
    "35",
    "30",
    "25",
    "20",
    "15",
    "10",
    "5",
    "0",
    "5",
    "10",
    "15",
    "20",
    "25",
    "30",
    "35",
    "0"
  ],
  "paper-ID": "1002.1954v1",
  "figure-ID": "1002.1954v1-Figure6-1.png",
  "figure-type": "Graph Plot",
  "0-originally-extracted": "Figure 6. Throughput of 2x2 SM WiMAX system.",
  "1-lowercase-and-token-and-remove-figure-index": {
    "caption": "throughput of 2x2 sm wimax system .",
    "sentence": [
      "throughput of 2x2 sm wimax system ."
    ],
    "token": [
      "throughput",
      "of",
      "2x2",
      "sm",
      "wimax",
      "system",
      "."
    ]
  },
  "2-normalized": {
    "2-1-basic-num": {
      "caption": "throughput of NUM-TK sm wimax system .",
      "sentence": [
        "throughput of NUM-TK sm wimax system ."
      ],
      "token": [
        "throughput",
        "of",
        "NUM-TK",
        "sm",
        "wimax",
        "system",
        "."
      ]
    },
    "2-2-advanced-euqation-bracket": {
      "caption": "throughput of NUM sm wimax system .",
      "sentence": [
        "throughput of NUM sm wimax system ."
      ],
      "tokens": [
        "throughput",
        "of",
        "NUM",
        "sm",
        "wimax",
        "system",
        "."
      ]
    }
  }
}