{
  "contains-subfigure": false,
  "Img-text": [],
  "paper-ID": "1002.1152v1",
  "figure-ID": "1002.1152v1-Figure6-1.png",
  "figure-type": "Graph Plot",
  "0-originally-extracted": "Figure 6. Packets Received vs Time",
  "1-lowercase-and-token-and-remove-figure-index": {
    "caption": "packets received vs time .",
    "sentence": [
      "packets received vs time ."
    ],
    "token": [
      "packets",
      "received",
      "vs",
      "time",
      "."
    ]
  },
  "2-normalized": {
    "2-1-basic-num": {
      "caption": "packets received vs time .",
      "sentence": [
        "packets received vs time ."
      ],
      "token": [
        "packets",
        "received",
        "vs",
        "time",
        "."
      ]
    },
    "2-2-advanced-euqation-bracket": {
      "caption": "packets received vs time .",
      "sentence": [
        "packets received vs time ."
      ],
      "tokens": [
        "packets",
        "received",
        "vs",
        "time",
        "."
      ]
    }
  }
}