{
  "contains-subfigure": false,
  "Img-text": [],
  "paper-ID": "1002.2403v1",
  "figure-ID": "1002.2403v1-Figure5-1.png",
  "figure-type": "Graph Plot",
  "0-originally-extracted": "Figure 5. Throughput of TCP Tahoe & Reno with loss (1 % noise)",
  "1-lowercase-and-token-and-remove-figure-index": {
    "caption": "throughput of tcp tahoe & reno with loss ( 1 % noise ) .",
    "sentence": [
      "throughput of tcp tahoe & reno with loss ( 1 % noise ) ."
    ],
    "token": [
      "throughput",
      "of",
      "tcp",
      "tahoe",
      "&",
      "reno",
      "with",
      "loss",
      "(",
      "1",
      "%",
      "noise",
      ")",
      "."
    ]
  },
  "2-normalized": {
    "2-1-basic-num": {
      "caption": "throughput of tcp tahoe & reno with loss ( NUM-TK noise ) .",
      "sentence": [
        "throughput of tcp tahoe & reno with loss ( NUM-TK noise ) ."
      ],
      "token": [
        "throughput",
        "of",
        "tcp",
        "tahoe",
        "&",
        "reno",
        "with",
        "loss",
        "(",
        "NUM-TK",
        "noise",
        ")",
        "."
      ]
    },
    "2-2-advanced-euqation-bracket": {
      "caption": "throughput of tcp tahoe & reno with loss BRACKET-TK .",
      "sentence": [
        "throughput of tcp tahoe & reno with loss BRACKET-TK ."
      ],
      "tokens": [
        "throughput",
        "of",
        "tcp",
        "tahoe",
        "&",
        "reno",
        "with",
        "loss",
        "BRACKET-TK",
        "."
      ]
    }
  }
}