{
  "contains-subfigure": false,
  "Img-text": [],
  "paper-ID": "1002.0026v2",
  "figure-ID": "1002.0026v2-Figure2-1.png",
  "figure-type": "Graph Plot",
  "0-originally-extracted": "Fig. 2. CI-rates (D,E), for B = 8, of steganographic methods based on ternary Hamming codes and on Z2Z4-additive perfect codes, when they are dealing with the extreme grayscale values problem described in Section IV.",
  "1-lowercase-and-token-and-remove-figure-index": {
    "caption": "ci-rates ( d , e ) , for b = 8 , of steganographic methods based on ternary hamming codes and on zz4-additive perfect codes , when they are dealing with the extreme grayscale values problem described in section iv .",
    "sentence": [
      "ci-rates ( d , e ) , for b = 8 , of steganographic methods based on ternary hamming codes and on zz4-additive perfect codes , when they are dealing with the extreme grayscale values problem described in section iv ."
    ],
    "token": [
      "ci-rates",
      "(",
      "d",
      ",",
      "e",
      ")",
      ",",
      "for",
      "b",
      "=",
      "8",
      ",",
      "of",
      "steganographic",
      "methods",
      "based",
      "on",
      "ternary",
      "hamming",
      "codes",
      "and",
      "on",
      "zz4-additive",
      "perfect",
      "codes",
      ",",
      "when",
      "they",
      "are",
      "dealing",
      "with",
      "the",
      "extreme",
      "grayscale",
      "values",
      "problem",
      "described",
      "in",
      "section",
      "iv",
      "."
    ]
  },
  "2-normalized": {
    "2-1-basic-num": {
      "caption": "ci-rates ( d , e ) , for b = NUM-TK , of steganographic methods based on ternary hamming codes and on zz4-additive perfect codes , when they are dealing with the extreme grayscale values problem described in section iv .",
      "sentence": [
        "ci-rates ( d , e ) , for b = NUM-TK , of steganographic methods based on ternary hamming codes and on zz4-additive perfect codes , when they are dealing with the extreme grayscale values problem described in section iv ."
      ],
      "token": [
        "ci-rates",
        "(",
        "d",
        ",",
        "e",
        ")",
        ",",
        "for",
        "b",
        "=",
        "NUM-TK",
        ",",
        "of",
        "steganographic",
        "methods",
        "based",
        "on",
        "ternary",
        "hamming",
        "codes",
        "and",
        "on",
        "zz4-additive",
        "perfect",
        "codes",
        ",",
        "when",
        "they",
        "are",
        "dealing",
        "with",
        "the",
        "extreme",
        "grayscale",
        "values",
        "problem",
        "described",
        "in",
        "section",
        "iv",
        "."
      ]
    },
    "2-2-advanced-euqation-bracket": {
      "caption": "ci-rates BRACKET-TK , for EQUAT-TK , of steganographic methods based on ternary hamming codes and on zz4-additive perfect codes , when they are dealing with the extreme grayscale values problem described in section iv .",
      "sentence": [
        "ci-rates BRACKET-TK , for EQUAT-TK , of steganographic methods based on ternary hamming codes and on zz4-additive perfect codes , when they are dealing with the extreme grayscale values problem described in section iv ."
      ],
      "tokens": [
        "ci-rates",
        "BRACKET-TK",
        ",",
        "for",
        "EQUAT-TK",
        ",",
        "of",
        "steganographic",
        "methods",
        "based",
        "on",
        "ternary",
        "hamming",
        "codes",
        "and",
        "on",
        "zz4-additive",
        "perfect",
        "codes",
        ",",
        "when",
        "they",
        "are",
        "dealing",
        "with",
        "the",
        "extreme",
        "grayscale",
        "values",
        "problem",
        "described",
        "in",
        "section",
        "iv",
        "."
      ]
    }
  }
}