{
  "contains-subfigure": false,
  "Img-text": [
    "k",
    "=",
    "3",
    "clients",
    "Lower",
    "Bound\u2212Lemma",
    "1",
    "Deterministic",
    "ALGORITHM",
    "IE",
    "Uper",
    "Bound\u2212Lemma",
    "2",
    "Trivial",
    "bound",
    "of",
    "n",
    "transmissions",
    "an",
    "ce",
    "fo",
    "rm",
    "P",
    "er",
    "m",
    "s",
    "or",
    "ith",
    "A",
    "lg",
    "an",
    "d",
    "nd",
    "s",
    "B",
    "ou",
    "Number",
    "of",
    "Packets,",
    "n",
    "50",
    "45",
    "40",
    "35",
    "30",
    "25",
    "20",
    "15",
    "10",
    "10",
    "15",
    "20",
    "25",
    "30",
    "35",
    "40",
    "45",
    "50",
    "5"
  ],
  "paper-ID": "1002.1465v1",
  "figure-ID": "1002.1465v1-Figure2-1.png",
  "figure-type": "Graph Plot",
  "0-originally-extracted": "Fig. 2. Numerical results with three clients using ALGORITHM IE and its comparison with the upper and lower bounds of Section III.",
  "1-lowercase-and-token-and-remove-figure-index": {
    "caption": "numerical results with three clients using algorithm ie and its comparison with the upper and lower bounds of section iii .",
    "sentence": [
      "numerical results with three clients using algorithm ie and its comparison with the upper and lower bounds of section iii ."
    ],
    "token": [
      "numerical",
      "results",
      "with",
      "three",
      "clients",
      "using",
      "algorithm",
      "ie",
      "and",
      "its",
      "comparison",
      "with",
      "the",
      "upper",
      "and",
      "lower",
      "bounds",
      "of",
      "section",
      "iii",
      "."
    ]
  },
  "2-normalized": {
    "2-1-basic-num": {
      "caption": "numerical results with NUM-TK clients using algorithm ie and its comparison with the upper and lower bounds of section iii .",
      "sentence": [
        "numerical results with NUM-TK clients using algorithm ie and its comparison with the upper and lower bounds of section iii ."
      ],
      "token": [
        "numerical",
        "results",
        "with",
        "NUM-TK",
        "clients",
        "using",
        "algorithm",
        "ie",
        "and",
        "its",
        "comparison",
        "with",
        "the",
        "upper",
        "and",
        "lower",
        "bounds",
        "of",
        "section",
        "iii",
        "."
      ]
    },
    "2-2-advanced-euqation-bracket": {
      "caption": "numerical results with NUM clients using algorithm ie and its comparison with the upper and lower bounds of section iii .",
      "sentence": [
        "numerical results with NUM clients using algorithm ie and its comparison with the upper and lower bounds of section iii ."
      ],
      "tokens": [
        "numerical",
        "results",
        "with",
        "NUM",
        "clients",
        "using",
        "algorithm",
        "ie",
        "and",
        "its",
        "comparison",
        "with",
        "the",
        "upper",
        "and",
        "lower",
        "bounds",
        "of",
        "section",
        "iii",
        "."
      ]
    }
  }
}