{
  "contains-subfigure": false,
  "Img-text": [
    "\u03b2",
    "=",
    "1",
    "\u03b2",
    "=",
    "1.5",
    "\u03b2",
    "=",
    "2",
    "\u03b2",
    "=",
    "4",
    "\u03b2",
    "=",
    "8",
    "n",
    "=",
    "2,",
    "\u03b1",
    "=",
    "1,",
    "P",
    "T",
    "=",
    "17",
    "dB",
    "16\u2212QAM",
    ")",
    "(b",
    "its",
    "io",
    "n",
    "m",
    "at",
    "nf",
    "or",
    "ua",
    "l",
    "I",
    "M",
    "ut",
    "Power",
    "Fraction",
    "(",
    "f",
    ")",
    "7",
    "6",
    "5",
    "4",
    "3",
    "2",
    "1",
    "0",
    "0.1",
    "0.2",
    "0.3",
    "0.4",
    "0.5",
    "0.6",
    "0.7",
    "0.8",
    "0.9",
    "1",
    "0"
  ],
  "paper-ID": "1002.4263v1",
  "figure-ID": "1002.4263v1-Figure3-1.png",
  "figure-type": "Graph Plot",
  "0-originally-extracted": "Fig. 3. Mutual Information of X-Codes versus power allocation fractionf for n = 2 parallel channels with\u03b2 = 1, 1.5, 2, 4, 8, \u03b1 = 1 and PT = 17 dB. Input alphabet is16-QAM.",
  "1-lowercase-and-token-and-remove-figure-index": {
    "caption": "mutual information of x-codes versus power allocation fractionf for n = 2 parallel channels with\u03b2 = 1 , 1.5 , 2 , 4 , 8 , \u03b1 = 1 and pt = 17 db . input alphabet is16-qam .",
    "sentence": [
      "mutual information of x-codes versus power allocation fractionf for n = 2 parallel channels with\u03b2 = 1 , 1.5 , 2 , 4 , 8 , \u03b1 = 1 and pt = 17 db .",
      "input alphabet is16-qam ."
    ],
    "token": [
      "mutual",
      "information",
      "of",
      "x-codes",
      "versus",
      "power",
      "allocation",
      "fractionf",
      "for",
      "n",
      "=",
      "2",
      "parallel",
      "channels",
      "with\u03b2",
      "=",
      "1",
      ",",
      "1.5",
      ",",
      "2",
      ",",
      "4",
      ",",
      "8",
      ",",
      "\u03b1",
      "=",
      "1",
      "and",
      "pt",
      "=",
      "17",
      "db",
      ".",
      "input",
      "alphabet",
      "is16-qam",
      "."
    ]
  },
  "2-normalized": {
    "2-1-basic-num": {
      "caption": "mutual information of x-codes versus power allocation fractionf for n = NUM-TK parallel channels with\u03b2 = NUM-TK , NUM-TK , NUM-TK , NUM-TK , NUM-TK , \u03b1 = NUM-TK and pt = NUM-TK db . input alphabet is16-qam .",
      "sentence": [
        "mutual information of x-codes versus power allocation fractionf for n = NUM-TK parallel channels with\u03b2 = NUM-TK , NUM-TK , NUM-TK , NUM-TK , NUM-TK , \u03b1 = NUM-TK and pt = NUM-TK db .",
        "input alphabet is16-qam ."
      ],
      "token": [
        "mutual",
        "information",
        "of",
        "x-codes",
        "versus",
        "power",
        "allocation",
        "fractionf",
        "for",
        "n",
        "=",
        "NUM-TK",
        "parallel",
        "channels",
        "with\u03b2",
        "=",
        "NUM-TK",
        ",",
        "NUM-TK",
        ",",
        "NUM-TK",
        ",",
        "NUM-TK",
        ",",
        "NUM-TK",
        ",",
        "\u03b1",
        "=",
        "NUM-TK",
        "and",
        "pt",
        "=",
        "NUM-TK",
        "db",
        ".",
        "input",
        "alphabet",
        "is16-qam",
        "."
      ]
    },
    "2-2-advanced-euqation-bracket": {
      "caption": "mutual information of x-codes versus power allocation fractionf for EQUAT-TK parallel channels EQUAT-TK , NUM , NUM , NUM , NUM , EQUAT-TK and EQUAT-TK db . input alphabet is16-qam .",
      "sentence": [
        "mutual information of x-codes versus power allocation fractionf for EQUAT-TK parallel channels EQUAT-TK , NUM , NUM , NUM , NUM , EQUAT-TK and EQUAT-TK db .",
        "input alphabet is16-qam ."
      ],
      "tokens": [
        "mutual",
        "information",
        "of",
        "x-codes",
        "versus",
        "power",
        "allocation",
        "fractionf",
        "for",
        "EQUAT-TK",
        "parallel",
        "channels",
        "EQUAT-TK",
        ",",
        "NUM",
        ",",
        "NUM",
        ",",
        "NUM",
        ",",
        "NUM",
        ",",
        "EQUAT-TK",
        "and",
        "EQUAT-TK",
        "db",
        ".",
        "input",
        "alphabet",
        "is16-qam",
        "."
      ]
    }
  }
}