{
  "contains-subfigure": false,
  "Img-text": [],
  "paper-ID": "1002.2271v1",
  "figure-ID": "1002.2271v1-Figure2-1.png",
  "figure-type": "Graph Plot",
  "0-originally-extracted": "Fig. 2. LHS of (35) as a function of R, for \u00b5 = 5/4, v = 1/4, k = 8 and H binary {1; 10}, positive at R = 0.62043154.",
  "1-lowercase-and-token-and-remove-figure-index": {
    "caption": "lhs of ( 35 ) as a function of r , for \u00b5 = 5/4 , v = 1/4 , k = 8 and h binary { 1 ; 10 } , positive at r = 0.6043154 .",
    "sentence": [
      "lhs of ( 35 ) as a function of r , for \u00b5 = 5/4 , v = 1/4 , k = 8 and h binary { 1 ; 10 } , positive at r = 0.6043154 ."
    ],
    "token": [
      "lhs",
      "of",
      "(",
      "35",
      ")",
      "as",
      "a",
      "function",
      "of",
      "r",
      ",",
      "for",
      "\u00b5",
      "=",
      "5/4",
      ",",
      "v",
      "=",
      "1/4",
      ",",
      "k",
      "=",
      "8",
      "and",
      "h",
      "binary",
      "{",
      "1",
      ";",
      "10",
      "}",
      ",",
      "positive",
      "at",
      "r",
      "=",
      "0.6043154",
      "."
    ]
  },
  "2-normalized": {
    "2-1-basic-num": {
      "caption": "lhs of ( NUM-TK ) as a function of r , for \u00b5 = NUM-TK , v = NUM-TK , k = NUM-TK and h binary { NUM-TK ; NUM-TK } , positive at r = NUM-TK .",
      "sentence": [
        "lhs of ( NUM-TK ) as a function of r , for \u00b5 = NUM-TK , v = NUM-TK , k = NUM-TK and h binary { NUM-TK ; NUM-TK } , positive at r = NUM-TK ."
      ],
      "token": [
        "lhs",
        "of",
        "(",
        "NUM-TK",
        ")",
        "as",
        "a",
        "function",
        "of",
        "r",
        ",",
        "for",
        "\u00b5",
        "=",
        "NUM-TK",
        ",",
        "v",
        "=",
        "NUM-TK",
        ",",
        "k",
        "=",
        "NUM-TK",
        "and",
        "h",
        "binary",
        "{",
        "NUM-TK",
        ";",
        "NUM-TK",
        "}",
        ",",
        "positive",
        "at",
        "r",
        "=",
        "NUM-TK",
        "."
      ]
    },
    "2-2-advanced-euqation-bracket": {
      "caption": "lhs of BRACKET-TK as a function of r , for EQUAT-TK , EQUAT-TK , EQUAT-TK and h binary BRACKET-TK , positive at EQUAT-TK .",
      "sentence": [
        "lhs of BRACKET-TK as a function of r , for EQUAT-TK , EQUAT-TK , EQUAT-TK and h binary BRACKET-TK , positive at EQUAT-TK ."
      ],
      "tokens": [
        "lhs",
        "of",
        "BRACKET-TK",
        "as",
        "a",
        "function",
        "of",
        "r",
        ",",
        "for",
        "EQUAT-TK",
        ",",
        "EQUAT-TK",
        ",",
        "EQUAT-TK",
        "and",
        "h",
        "binary",
        "BRACKET-TK",
        ",",
        "positive",
        "at",
        "EQUAT-TK",
        "."
      ]
    }
  }
}