{
  "contains-subfigure": false,
  "Img-text": [],
  "paper-ID": "1002.2243v1",
  "figure-ID": "1002.2243v1-Figure2-1.png",
  "figure-type": "Graph Plot",
  "0-originally-extracted": "Fig. 2: Wind speed and associated energy profiles for a scenario containing 15 contiguous days. No energy is produced when wind speed either falls below 4 m/s or exceeds 25 m/s. In this case, no energy is produced in 26 (7.22%) out of 360 hours.",
  "1-lowercase-and-token-and-remove-figure-index": {
    "caption": "wind speed and associated energy profiles for a scenario containing 15 contiguous days . no energy is produced when wind speed either falls below 4 m/s or exceeds 5 m/s . in this case , no energy is produced in 6 ( 7. % ) out of 360 hours .",
    "sentence": [
      "wind speed and associated energy profiles for a scenario containing 15 contiguous days .",
      "no energy is produced when wind speed either falls below 4 m/s or exceeds 5 m/s .",
      "in this case , no energy is produced in 6 ( 7.",
      "% ) out of 360 hours ."
    ],
    "token": [
      "wind",
      "speed",
      "and",
      "associated",
      "energy",
      "profiles",
      "for",
      "a",
      "scenario",
      "containing",
      "15",
      "contiguous",
      "days",
      ".",
      "no",
      "energy",
      "is",
      "produced",
      "when",
      "wind",
      "speed",
      "either",
      "falls",
      "below",
      "4",
      "m/s",
      "or",
      "exceeds",
      "5",
      "m/s",
      ".",
      "in",
      "this",
      "case",
      ",",
      "no",
      "energy",
      "is",
      "produced",
      "in",
      "6",
      "(",
      "7",
      ".",
      "%",
      ")",
      "out",
      "of",
      "360",
      "hours",
      "."
    ]
  },
  "2-normalized": {
    "2-1-basic-num": {
      "caption": "wind speed and associated energy profiles for a scenario containing NUM-TK contiguous days . no energy is produced when wind speed either falls below NUM-TK m/s or exceeds NUM-TK m/s . in this case , no energy is produced in NUM-TK ( NUM-TK . ) out of NUM-TK hours .",
      "sentence": [
        "wind speed and associated energy profiles for a scenario containing NUM-TK contiguous days .",
        "no energy is produced when wind speed either falls below NUM-TK m/s or exceeds NUM-TK m/s .",
        "in this case , no energy is produced in NUM-TK ( NUM-TK . )",
        "out of NUM-TK hours ."
      ],
      "token": [
        "wind",
        "speed",
        "and",
        "associated",
        "energy",
        "profiles",
        "for",
        "a",
        "scenario",
        "containing",
        "NUM-TK",
        "contiguous",
        "days",
        ".",
        "no",
        "energy",
        "is",
        "produced",
        "when",
        "wind",
        "speed",
        "either",
        "falls",
        "below",
        "NUM-TK",
        "m/s",
        "or",
        "exceeds",
        "NUM-TK",
        "m/s",
        ".",
        "in",
        "this",
        "case",
        ",",
        "no",
        "energy",
        "is",
        "produced",
        "in",
        "NUM-TK",
        "(",
        "NUM-TK",
        ".",
        ")",
        "out",
        "of",
        "NUM-TK",
        "hours",
        "."
      ]
    },
    "2-2-advanced-euqation-bracket": {
      "caption": "wind speed and associated energy profiles for a scenario containing NUM contiguous days . no energy is produced when wind speed either falls below NUM m/s or exceeds NUM m/s . in this case , no energy is produced in NUM BRACKET-TK out of NUM hours .",
      "sentence": [
        "wind speed and associated energy profiles for a scenario containing NUM contiguous days .",
        "no energy is produced when wind speed either falls below NUM m/s or exceeds NUM m/s .",
        "in this case , no energy is produced in NUM BRACKET-TK out of NUM hours ."
      ],
      "tokens": [
        "wind",
        "speed",
        "and",
        "associated",
        "energy",
        "profiles",
        "for",
        "a",
        "scenario",
        "containing",
        "NUM",
        "contiguous",
        "days",
        ".",
        "no",
        "energy",
        "is",
        "produced",
        "when",
        "wind",
        "speed",
        "either",
        "falls",
        "below",
        "NUM",
        "m/s",
        "or",
        "exceeds",
        "NUM",
        "m/s",
        ".",
        "in",
        "this",
        "case",
        ",",
        "no",
        "energy",
        "is",
        "produced",
        "in",
        "NUM",
        "BRACKET-TK",
        "out",
        "of",
        "NUM",
        "hours",
        "."
      ]
    }
  }
}