{
  "contains-subfigure": false,
  "Img-text": [],
  "paper-ID": "1002.4838v1",
  "figure-ID": "1002.4838v1-Figure2-1.png",
  "figure-type": "Graph Plot",
  "0-originally-extracted": "Fig. 2 Analytical PRR vs Distance: NCFSK",
  "1-lowercase-and-token-and-remove-figure-index": {
    "caption": "analytical prr vs distance : ncfsk .",
    "sentence": [
      "analytical prr vs distance : ncfsk ."
    ],
    "token": [
      "analytical",
      "prr",
      "vs",
      "distance",
      ":",
      "ncfsk",
      "."
    ]
  },
  "2-normalized": {
    "2-1-basic-num": {
      "caption": "analytical prr vs distance : ncfsk .",
      "sentence": [
        "analytical prr vs distance : ncfsk ."
      ],
      "token": [
        "analytical",
        "prr",
        "vs",
        "distance",
        ":",
        "ncfsk",
        "."
      ]
    },
    "2-2-advanced-euqation-bracket": {
      "caption": "analytical prr vs distance : ncfsk .",
      "sentence": [
        "analytical prr vs distance : ncfsk ."
      ],
      "tokens": [
        "analytical",
        "prr",
        "vs",
        "distance",
        ":",
        "ncfsk",
        "."
      ]
    }
  }
}