{
  "contains-subfigure": false,
  "Img-text": [
    "simulated",
    "E[D]",
    "asymptotic",
    "expression",
    "]",
    "E",
    "[D",
    "M",
    "0.35",
    "0.3",
    "0.25",
    "0.2",
    "0.15",
    "0.1",
    "0.05",
    "0",
    "10",
    "3",
    "10",
    "2",
    "10",
    "1",
    "10",
    "0"
  ],
  "paper-ID": "1002.4473v1",
  "figure-ID": "1002.4473v1-Figure3-1.png",
  "figure-type": "Graph Plot",
  "0-originally-extracted": "Fig. 3. Multi-access scheme. Comparison between simulatedexpected distortion and asymptotic expression.",
  "1-lowercase-and-token-and-remove-figure-index": {
    "caption": "multi-access scheme . comparison between simulatedexpected distortion and asymptotic expression .",
    "sentence": [
      "multi-access scheme .",
      "comparison between simulatedexpected distortion and asymptotic expression ."
    ],
    "token": [
      "multi-access",
      "scheme",
      ".",
      "comparison",
      "between",
      "simulatedexpected",
      "distortion",
      "and",
      "asymptotic",
      "expression",
      "."
    ]
  },
  "2-normalized": {
    "2-1-basic-num": {
      "caption": "multi-access scheme . comparison between simulatedexpected distortion and asymptotic expression .",
      "sentence": [
        "multi-access scheme .",
        "comparison between simulatedexpected distortion and asymptotic expression ."
      ],
      "token": [
        "multi-access",
        "scheme",
        ".",
        "comparison",
        "between",
        "simulatedexpected",
        "distortion",
        "and",
        "asymptotic",
        "expression",
        "."
      ]
    },
    "2-2-advanced-euqation-bracket": {
      "caption": "multi-access scheme . comparison between simulatedexpected distortion and asymptotic expression .",
      "sentence": [
        "multi-access scheme .",
        "comparison between simulatedexpected distortion and asymptotic expression ."
      ],
      "tokens": [
        "multi-access",
        "scheme",
        ".",
        "comparison",
        "between",
        "simulatedexpected",
        "distortion",
        "and",
        "asymptotic",
        "expression",
        "."
      ]
    }
  }
}