{
  "contains-subfigure": false,
  "Img-text": [
    "No",
    "iteration",
    "2",
    "iteration",
    "CRB",
    ")",
    "et",
    "er",
    "(",
    "m",
    "M",
    "S",
    "r",
    "R",
    "er",
    "ro",
    "io",
    "n",
    "liz",
    "at",
    "Lo",
    "za",
    "Moving",
    "speed",
    "(km/hour)",
    "3.6",
    "3.4",
    "3.2",
    "3",
    "2.8",
    "2.6",
    "2.4",
    "0",
    "20",
    "40",
    "60",
    "80",
    "100",
    "120",
    "140",
    "160",
    "2.2"
  ],
  "paper-ID": "1002.3602v2",
  "figure-ID": "1002.3602v2-Figure10-1.png",
  "figure-type": "Graph Plot",
  "0-originally-extracted": "Fig. 10. Localization accuracy for mobile nodes at different moving speeds and iteration numbers.1000 \u00d7 1000 meters grid,M = 4 reference nodes at the corners,N = 2 cooperating mobile nodes which are 1 meters\u2019 apart, clear line-of-sight situation.",
  "1-lowercase-and-token-and-remove-figure-index": {
    "caption": "localization accuracy for mobile nodes at different moving speeds and iteration numbers.00 \u00d7 00 meters grid , m = 4 reference nodes at the corners , n = 2 cooperating mobile nodes which are 1 meters \u2019 apart , clear line-of-sight situation .",
    "sentence": [
      "localization accuracy for mobile nodes at different moving speeds and iteration numbers.00 \u00d7 00 meters grid , m = 4 reference nodes at the corners , n = 2 cooperating mobile nodes which are 1 meters \u2019 apart , clear line-of-sight situation ."
    ],
    "token": [
      "localization",
      "accuracy",
      "for",
      "mobile",
      "nodes",
      "at",
      "different",
      "moving",
      "speeds",
      "and",
      "iteration",
      "numbers.00",
      "\u00d7",
      "00",
      "meters",
      "grid",
      ",",
      "m",
      "=",
      "4",
      "reference",
      "nodes",
      "at",
      "the",
      "corners",
      ",",
      "n",
      "=",
      "2",
      "cooperating",
      "mobile",
      "nodes",
      "which",
      "are",
      "1",
      "meters",
      "\u2019",
      "apart",
      ",",
      "clear",
      "line-of-sight",
      "situation",
      "."
    ]
  },
  "2-normalized": {
    "2-1-basic-num": {
      "caption": "localization accuracy for mobile nodes at different moving speeds and iteration numbers.00 \u00d7 NUM-TK meters grid , m = NUM-TK reference nodes at the corners , n = NUM-TK cooperating mobile nodes which are NUM-TK meters \u2019 apart , clear line-of-sight situation .",
      "sentence": [
        "localization accuracy for mobile nodes at different moving speeds and iteration numbers.00 \u00d7 NUM-TK meters grid , m = NUM-TK reference nodes at the corners , n = NUM-TK cooperating mobile nodes which are NUM-TK meters \u2019 apart , clear line-of-sight situation ."
      ],
      "token": [
        "localization",
        "accuracy",
        "for",
        "mobile",
        "nodes",
        "at",
        "different",
        "moving",
        "speeds",
        "and",
        "iteration",
        "numbers.00",
        "\u00d7",
        "NUM-TK",
        "meters",
        "grid",
        ",",
        "m",
        "=",
        "NUM-TK",
        "reference",
        "nodes",
        "at",
        "the",
        "corners",
        ",",
        "n",
        "=",
        "NUM-TK",
        "cooperating",
        "mobile",
        "nodes",
        "which",
        "are",
        "NUM-TK",
        "meters",
        "\u2019",
        "apart",
        ",",
        "clear",
        "line-of-sight",
        "situation",
        "."
      ]
    },
    "2-2-advanced-euqation-bracket": {
      "caption": "localization accuracy for mobile nodes at different moving speeds and iteration numbers.00 \u00d7 NUM meters grid , EQUAT-TK reference nodes at the corners , EQUAT-TK cooperating mobile nodes which are NUM meters \u2019 apart , clear line-of-sight situation .",
      "sentence": [
        "localization accuracy for mobile nodes at different moving speeds and iteration numbers.00 \u00d7 NUM meters grid , EQUAT-TK reference nodes at the corners , EQUAT-TK cooperating mobile nodes which are NUM meters \u2019 apart , clear line-of-sight situation ."
      ],
      "tokens": [
        "localization",
        "accuracy",
        "for",
        "mobile",
        "nodes",
        "at",
        "different",
        "moving",
        "speeds",
        "and",
        "iteration",
        "numbers.00",
        "\u00d7",
        "NUM",
        "meters",
        "grid",
        ",",
        "EQUAT-TK",
        "reference",
        "nodes",
        "at",
        "the",
        "corners",
        ",",
        "EQUAT-TK",
        "cooperating",
        "mobile",
        "nodes",
        "which",
        "are",
        "NUM",
        "meters",
        "\u2019",
        "apart",
        ",",
        "clear",
        "line-of-sight",
        "situation",
        "."
      ]
    }
  }
}