{
  "contains-subfigure": false,
  "Img-text": [],
  "paper-ID": "1002.4833v1",
  "figure-ID": "1002.4833v1-Figure9-1.png",
  "figure-type": "Graph Plot",
  "0-originally-extracted": "Fig. 9. Comparison of two UP stations and two DOWN stations scenario.",
  "1-lowercase-and-token-and-remove-figure-index": {
    "caption": "comparison of two up stations and two down stations scenario .",
    "sentence": [
      "comparison of two up stations and two down stations scenario ."
    ],
    "token": [
      "comparison",
      "of",
      "two",
      "up",
      "stations",
      "and",
      "two",
      "down",
      "stations",
      "scenario",
      "."
    ]
  },
  "2-normalized": {
    "2-1-basic-num": {
      "caption": "comparison of NUM-TK up stations and NUM-TK down stations scenario .",
      "sentence": [
        "comparison of NUM-TK up stations and NUM-TK down stations scenario ."
      ],
      "token": [
        "comparison",
        "of",
        "NUM-TK",
        "up",
        "stations",
        "and",
        "NUM-TK",
        "down",
        "stations",
        "scenario",
        "."
      ]
    },
    "2-2-advanced-euqation-bracket": {
      "caption": "comparison of NUM up stations and NUM down stations scenario .",
      "sentence": [
        "comparison of NUM up stations and NUM down stations scenario ."
      ],
      "tokens": [
        "comparison",
        "of",
        "NUM",
        "up",
        "stations",
        "and",
        "NUM",
        "down",
        "stations",
        "scenario",
        "."
      ]
    }
  }
}