{
  "contains-subfigure": false,
  "Img-text": [],
  "paper-ID": "1002.2654v1",
  "figure-ID": "1002.2654v1-Figure4.3-1.png",
  "figure-type": "Graph Plot",
  "0-originally-extracted": "Figure 4.3: RO ray tracing",
  "1-lowercase-and-token-and-remove-figure-index": {
    "caption": "ro ray tracing .",
    "sentence": [
      "ro ray tracing ."
    ],
    "token": [
      "ro",
      "ray",
      "tracing",
      "."
    ]
  },
  "2-normalized": {
    "2-1-basic-num": {
      "caption": "ro ray tracing .",
      "sentence": [
        "ro ray tracing ."
      ],
      "token": [
        "ro",
        "ray",
        "tracing",
        "."
      ]
    },
    "2-2-advanced-euqation-bracket": {
      "caption": "ro ray tracing .",
      "sentence": [
        "ro ray tracing ."
      ],
      "tokens": [
        "ro",
        "ray",
        "tracing",
        "."
      ]
    }
  }
}