{
  "contains-subfigure": false,
  "Img-text": [],
  "paper-ID": "1002.4833v1",
  "figure-ID": "1002.4833v1-Figure2-1.png",
  "figure-type": "Graph Plot",
  "0-originally-extracted": "Fig. 2. Throughput Ratio of Two UP stations and two DOWN Stations.",
  "1-lowercase-and-token-and-remove-figure-index": {
    "caption": "throughput ratio of two up stations and two down stations .",
    "sentence": [
      "throughput ratio of two up stations and two down stations ."
    ],
    "token": [
      "throughput",
      "ratio",
      "of",
      "two",
      "up",
      "stations",
      "and",
      "two",
      "down",
      "stations",
      "."
    ]
  },
  "2-normalized": {
    "2-1-basic-num": {
      "caption": "throughput ratio of NUM-TK up stations and NUM-TK down stations .",
      "sentence": [
        "throughput ratio of NUM-TK up stations and NUM-TK down stations ."
      ],
      "token": [
        "throughput",
        "ratio",
        "of",
        "NUM-TK",
        "up",
        "stations",
        "and",
        "NUM-TK",
        "down",
        "stations",
        "."
      ]
    },
    "2-2-advanced-euqation-bracket": {
      "caption": "throughput ratio of NUM up stations and NUM down stations .",
      "sentence": [
        "throughput ratio of NUM up stations and NUM down stations ."
      ],
      "tokens": [
        "throughput",
        "ratio",
        "of",
        "NUM",
        "up",
        "stations",
        "and",
        "NUM",
        "down",
        "stations",
        "."
      ]
    }
  }
}