{
  "contains-subfigure": false,
  "Img-text": [
    "ARLM",
    "AGMM",
    "Naive",
    "Blocking",
    "Random",
    "dataset",
    "(m",
    "=",
    "5,",
    "k",
    "=",
    "1)",
    "Length",
    "of",
    "the",
    "string",
    "(l)",
    "(x103)",
    "ec",
    ")",
    "e",
    "(s",
    "T",
    "im",
    "rc",
    "h",
    "S",
    "ea",
    "10",
    "20",
    "30",
    "40",
    "50",
    "60",
    "70",
    "80",
    "90",
    "100",
    "2500",
    "2000",
    "1500",
    "1000",
    "500",
    "0"
  ],
  "paper-ID": "1002.4315v2",
  "figure-ID": "1002.4315v2-Figure3-1.png",
  "figure-type": "Graph Plot",
  "0-originally-extracted": "Figure 3: Effect of length on search time.",
  "1-lowercase-and-token-and-remove-figure-index": {
    "caption": "effect of length on search time .",
    "sentence": [
      "effect of length on search time ."
    ],
    "token": [
      "effect",
      "of",
      "length",
      "on",
      "search",
      "time",
      "."
    ]
  },
  "2-normalized": {
    "2-1-basic-num": {
      "caption": "effect of length on search time .",
      "sentence": [
        "effect of length on search time ."
      ],
      "token": [
        "effect",
        "of",
        "length",
        "on",
        "search",
        "time",
        "."
      ]
    },
    "2-2-advanced-euqation-bracket": {
      "caption": "effect of length on search time .",
      "sentence": [
        "effect of length on search time ."
      ],
      "tokens": [
        "effect",
        "of",
        "length",
        "on",
        "search",
        "time",
        "."
      ]
    }
  }
}