{
  "contains-subfigure": false,
  "Img-text": [
    "2",
    "2222",
    "222",
    "222",
    "222",
    "22",
    "22",
    "22",
    "22",
    "22",
    "2",
    "22",
    "2",
    "22",
    "2",
    "2",
    "22",
    "22",
    "2",
    "2",
    "22",
    "2",
    "2",
    "2222222",
    "2222",
    "2222",
    "22222",
    "22222",
    "22222",
    "22222",
    "222",
    "2222",
    "222",
    "222",
    "2",
    "2",
    "22",
    "2",
    "Random",
    "Vertex",
    "Sampling",
    "(10%",
    "hit",
    "ratio)",
    "+",
    "+++++++",
    "++",
    "++",
    "+++",
    "++",
    "+++++++++++",
    "++++++++++++++++++",
    "++++++++++",
    "++++++++++++++",
    "++++",
    "+++++++",
    "+",
    "FS",
    "(m",
    "=",
    "1000)",
    "(10%",
    "hit",
    "ratio)",
    "3",
    "3333",
    "33",
    "33",
    "33",
    "33",
    "33",
    "3",
    "3",
    "33",
    "33",
    "3",
    "3333333",
    "3333333333333333333333333333333333333333333333333333333",
    "333333333",
    "3",
    "Random",
    "Edge",
    "Sampling",
    "(10%",
    "hit",
    "ratio)",
    "vertex",
    "in-degree",
    "E",
    "M",
    "S",
    "C",
    "N",
    "0",
    "10",
    "102",
    "103",
    "104",
    "30",
    "8",
    "1",
    "0.1",
    "10\u22122",
    "0.02",
    "10\u22123"
  ],
  "paper-ID": "1002.1751v2",
  "figure-ID": "1002.1751v2-Figure13-1.png",
  "figure-type": "Graph Plot",
  "0-originally-extracted": "Figure 13: (Livejournal) The log-log plot shows the CNMSE of the in-degree distribution estimation with budget B = |V |/100 = 52844 (CNMSE over 10, 000 runs).",
  "1-lowercase-and-token-and-remove-figure-index": {
    "caption": "( livejournal ) the log-log plot shows the cnmse of the in-degree distribution estimation with budget b = |v |/100 = 52844 ( cnmse over 10 , 000 runs ) .",
    "sentence": [
      "( livejournal ) the log-log plot shows the cnmse of the in-degree distribution estimation with budget b = |v |/100 = 52844 ( cnmse over 10 , 000 runs ) ."
    ],
    "token": [
      "(",
      "livejournal",
      ")",
      "the",
      "log-log",
      "plot",
      "shows",
      "the",
      "cnmse",
      "of",
      "the",
      "in-degree",
      "distribution",
      "estimation",
      "with",
      "budget",
      "b",
      "=",
      "|v",
      "|/100",
      "=",
      "52844",
      "(",
      "cnmse",
      "over",
      "10",
      ",",
      "000",
      "runs",
      ")",
      "."
    ]
  },
  "2-normalized": {
    "2-1-basic-num": {
      "caption": "( livejournal ) the log-log plot shows the cnmse of the in-degree distribution estimation with budget b = |v |/100 = NUM-TK ( cnmse over NUM-TK , NUM-TK runs ) .",
      "sentence": [
        "( livejournal ) the log-log plot shows the cnmse of the in-degree distribution estimation with budget b = |v |/100 = NUM-TK ( cnmse over NUM-TK , NUM-TK runs ) ."
      ],
      "token": [
        "(",
        "livejournal",
        ")",
        "the",
        "log-log",
        "plot",
        "shows",
        "the",
        "cnmse",
        "of",
        "the",
        "in-degree",
        "distribution",
        "estimation",
        "with",
        "budget",
        "b",
        "=",
        "|v",
        "|/100",
        "=",
        "NUM-TK",
        "(",
        "cnmse",
        "over",
        "NUM-TK",
        ",",
        "NUM-TK",
        "runs",
        ")",
        "."
      ]
    },
    "2-2-advanced-euqation-bracket": {
      "caption": "BRACKET-TK the log-log plot shows the cnmse of the in-degree distribution estimation with budget b = |v |/100 = NUM BRACKET-TK .",
      "sentence": [
        "BRACKET-TK the log-log plot shows the cnmse of the in-degree distribution estimation with budget b = |v |/100 = NUM BRACKET-TK ."
      ],
      "tokens": [
        "BRACKET-TK",
        "the",
        "log-log",
        "plot",
        "shows",
        "the",
        "cnmse",
        "of",
        "the",
        "in-degree",
        "distribution",
        "estimation",
        "with",
        "budget",
        "b",
        "=",
        "|v",
        "|/100",
        "=",
        "NUM",
        "BRACKET-TK",
        "."
      ]
    }
  }
}