{
  "contains-subfigure": false,
  "Img-text": [
    "\u00a0",
    "Original",
    "Haar",
    "wavelet",
    "Fast",
    "Haar",
    "wavelet",
    "de",
    "pl",
    "itu",
    "A",
    "m",
    "Time",
    "Period",
    "60.5",
    "Approximation",
    "data",
    "60",
    "59.5",
    "59",
    "58.5",
    "58",
    "57.5",
    "57",
    "56.5",
    "0",
    "10",
    "20",
    "30",
    "40",
    "50",
    "60",
    "70",
    "80",
    "90",
    "100",
    "56"
  ],
  "paper-ID": "1002.2184v1",
  "figure-ID": "1002.2184v1-Figure9-1.png",
  "figure-type": "Graph Plot",
  "0-originally-extracted": "Fig. 9 Results of approximation data compared to existing and Proposed Fast Haar wavelet Transform.",
  "1-lowercase-and-token-and-remove-figure-index": {
    "caption": "results of approximation data compared to existing and proposed fast haar wavelet transform .",
    "sentence": [
      "results of approximation data compared to existing and proposed fast haar wavelet transform ."
    ],
    "token": [
      "results",
      "of",
      "approximation",
      "data",
      "compared",
      "to",
      "existing",
      "and",
      "proposed",
      "fast",
      "haar",
      "wavelet",
      "transform",
      "."
    ]
  },
  "2-normalized": {
    "2-1-basic-num": {
      "caption": "results of approximation data compared to existing and proposed fast haar wavelet transform .",
      "sentence": [
        "results of approximation data compared to existing and proposed fast haar wavelet transform ."
      ],
      "token": [
        "results",
        "of",
        "approximation",
        "data",
        "compared",
        "to",
        "existing",
        "and",
        "proposed",
        "fast",
        "haar",
        "wavelet",
        "transform",
        "."
      ]
    },
    "2-2-advanced-euqation-bracket": {
      "caption": "results of approximation data compared to existing and proposed fast haar wavelet transform .",
      "sentence": [
        "results of approximation data compared to existing and proposed fast haar wavelet transform ."
      ],
      "tokens": [
        "results",
        "of",
        "approximation",
        "data",
        "compared",
        "to",
        "existing",
        "and",
        "proposed",
        "fast",
        "haar",
        "wavelet",
        "transform",
        "."
      ]
    }
  }
}