{
  "contains-subfigure": false,
  "Img-text": [],
  "paper-ID": "1002.4048v1",
  "figure-ID": "1002.4048v1-Figure1-1.png",
  "figure-type": "Graph Plot",
  "0-originally-extracted": "Fig. 1. Alternative representation of straight line in (\u03c1, \u03b8) format.",
  "1-lowercase-and-token-and-remove-figure-index": {
    "caption": "alternative representation of straight line in ( \u03c1 , \u03b8 ) format .",
    "sentence": [
      "alternative representation of straight line in ( \u03c1 , \u03b8 ) format ."
    ],
    "token": [
      "alternative",
      "representation",
      "of",
      "straight",
      "line",
      "in",
      "(",
      "\u03c1",
      ",",
      "\u03b8",
      ")",
      "format",
      "."
    ]
  },
  "2-normalized": {
    "2-1-basic-num": {
      "caption": "alternative representation of straight line in ( \u03c1 , \u03b8 ) format .",
      "sentence": [
        "alternative representation of straight line in ( \u03c1 , \u03b8 ) format ."
      ],
      "token": [
        "alternative",
        "representation",
        "of",
        "straight",
        "line",
        "in",
        "(",
        "\u03c1",
        ",",
        "\u03b8",
        ")",
        "format",
        "."
      ]
    },
    "2-2-advanced-euqation-bracket": {
      "caption": "alternative representation of straight line in BRACKET-TK format .",
      "sentence": [
        "alternative representation of straight line in BRACKET-TK format ."
      ],
      "tokens": [
        "alternative",
        "representation",
        "of",
        "straight",
        "line",
        "in",
        "BRACKET-TK",
        "format",
        "."
      ]
    }
  }
}