{
  "contains-subfigure": false,
  "Img-text": [],
  "paper-ID": "1002.1168v1",
  "figure-ID": "1002.1168v1-Figure7-1.png",
  "figure-type": "Graph Plot",
  "0-originally-extracted": "Fig. 7: Computation time for Caltrain sequence",
  "1-lowercase-and-token-and-remove-figure-index": {
    "caption": "computation time for caltrain sequence .",
    "sentence": [
      "computation time for caltrain sequence ."
    ],
    "token": [
      "computation",
      "time",
      "for",
      "caltrain",
      "sequence",
      "."
    ]
  },
  "2-normalized": {
    "2-1-basic-num": {
      "caption": "computation time for caltrain sequence .",
      "sentence": [
        "computation time for caltrain sequence ."
      ],
      "token": [
        "computation",
        "time",
        "for",
        "caltrain",
        "sequence",
        "."
      ]
    },
    "2-2-advanced-euqation-bracket": {
      "caption": "computation time for caltrain sequence .",
      "sentence": [
        "computation time for caltrain sequence ."
      ],
      "tokens": [
        "computation",
        "time",
        "for",
        "caltrain",
        "sequence",
        "."
      ]
    }
  }
}