{
  "contains-subfigure": false,
  "Img-text": [],
  "paper-ID": "1002.1985v1",
  "figure-ID": "1002.1985v1-Figure11-1.png",
  "figure-type": "Graph Plot",
  "0-originally-extracted": "Figure 11. The burst of citations to Hirsch_2005.",
  "1-lowercase-and-token-and-remove-figure-index": {
    "caption": "the burst of citations to hirsch_2005 .",
    "sentence": [
      "the burst of citations to hirsch_2005 ."
    ],
    "token": [
      "the",
      "burst",
      "of",
      "citations",
      "to",
      "hirsch_2005",
      "."
    ]
  },
  "2-normalized": {
    "2-1-basic-num": {
      "caption": "the burst of citations to hirsch_2005 .",
      "sentence": [
        "the burst of citations to hirsch_2005 ."
      ],
      "token": [
        "the",
        "burst",
        "of",
        "citations",
        "to",
        "hirsch_2005",
        "."
      ]
    },
    "2-2-advanced-euqation-bracket": {
      "caption": "the burst of citations to hirsch_2005 .",
      "sentence": [
        "the burst of citations to hirsch_2005 ."
      ],
      "tokens": [
        "the",
        "burst",
        "of",
        "citations",
        "to",
        "hirsch_2005",
        "."
      ]
    }
  }
}