{
  "contains-subfigure": false,
  "Img-text": [
    "ARLM",
    "AGMM",
    "Naive",
    "Blocking",
    "Random",
    "dataset",
    "(l",
    "=",
    "104,",
    "m",
    "=",
    "5)",
    "Value",
    "of",
    "k",
    "for",
    "top-k",
    "query",
    ")",
    "(s",
    "ec",
    "tim",
    "e",
    "rc",
    "h",
    "S",
    "ea",
    "0",
    "10",
    "20",
    "30",
    "40",
    "50",
    "50",
    "40",
    "30",
    "20",
    "10",
    "0"
  ],
  "paper-ID": "1002.4315v2",
  "figure-ID": "1002.4315v2-Figure4-1.png",
  "figure-type": "Graph Plot",
  "0-originally-extracted": "Figure 4: Effect of size of alphabet size on search time.",
  "1-lowercase-and-token-and-remove-figure-index": {
    "caption": "effect of size of alphabet size on search time .",
    "sentence": [
      "effect of size of alphabet size on search time ."
    ],
    "token": [
      "effect",
      "of",
      "size",
      "of",
      "alphabet",
      "size",
      "on",
      "search",
      "time",
      "."
    ]
  },
  "2-normalized": {
    "2-1-basic-num": {
      "caption": "effect of size of alphabet size on search time .",
      "sentence": [
        "effect of size of alphabet size on search time ."
      ],
      "token": [
        "effect",
        "of",
        "size",
        "of",
        "alphabet",
        "size",
        "on",
        "search",
        "time",
        "."
      ]
    },
    "2-2-advanced-euqation-bracket": {
      "caption": "effect of size of alphabet size on search time .",
      "sentence": [
        "effect of size of alphabet size on search time ."
      ],
      "tokens": [
        "effect",
        "of",
        "size",
        "of",
        "alphabet",
        "size",
        "on",
        "search",
        "time",
        "."
      ]
    }
  }
}