{
  "contains-subfigure": false,
  "Img-text": [
    "3",
    "3",
    "3",
    "3",
    "3",
    "3",
    "3",
    "3",
    "3",
    "3",
    "3",
    "3",
    "3",
    "3",
    "3",
    "3",
    "3",
    "3",
    "3",
    "3",
    "3",
    "3",
    "3",
    "3",
    "3",
    "3",
    "3",
    "3",
    "33333333333333333333333333333333333333333333333333333333",
    "3",
    "3",
    "vertex",
    "in-degree",
    "D",
    "F",
    "C",
    "C",
    "0",
    "10",
    "102",
    "104",
    "105",
    "1",
    "0.1",
    "10\u22122",
    "10\u22123",
    "10\u22124",
    "10\u22125",
    "10\u22126"
  ],
  "paper-ID": "1002.1751v2",
  "figure-ID": "1002.1751v2-Figure3-1.png",
  "figure-type": "Graph Plot",
  "0-originally-extracted": "Figure 3: (Flickr) Log-log plot of the in-degree CCDF.",
  "1-lowercase-and-token-and-remove-figure-index": {
    "caption": "( flickr ) log-log plot of the in-degree ccdf .",
    "sentence": [
      "( flickr ) log-log plot of the in-degree ccdf ."
    ],
    "token": [
      "(",
      "flickr",
      ")",
      "log-log",
      "plot",
      "of",
      "the",
      "in-degree",
      "ccdf",
      "."
    ]
  },
  "2-normalized": {
    "2-1-basic-num": {
      "caption": "( flickr ) log-log plot of the in-degree ccdf .",
      "sentence": [
        "( flickr ) log-log plot of the in-degree ccdf ."
      ],
      "token": [
        "(",
        "flickr",
        ")",
        "log-log",
        "plot",
        "of",
        "the",
        "in-degree",
        "ccdf",
        "."
      ]
    },
    "2-2-advanced-euqation-bracket": {
      "caption": "BRACKET-TK log-log plot of the in-degree ccdf .",
      "sentence": [
        "BRACKET-TK log-log plot of the in-degree ccdf ."
      ],
      "tokens": [
        "BRACKET-TK",
        "log-log",
        "plot",
        "of",
        "the",
        "in-degree",
        "ccdf",
        "."
      ]
    }
  }
}