{
  "contains-subfigure": false,
  "Img-text": [
    "GATE-driven",
    "REPORT-driven",
    "load",
    "(Gb/s)",
    "(m",
    "s)",
    "tim",
    "e",
    "cl",
    "e",
    "n",
    "cy",
    "m",
    "ea",
    "0.1",
    "0.2",
    "0.3",
    "0.4",
    "0.5",
    "0.6",
    "0.7",
    "0.8",
    "0.9",
    "1",
    "10",
    "9",
    "8",
    "7",
    "6",
    "5",
    "4",
    "3",
    "2",
    "1",
    "0"
  ],
  "paper-ID": "1002.2384v1",
  "figure-ID": "1002.2384v1-Figure5-1.png",
  "figure-type": "Graph Plot",
  "0-originally-extracted": "Figure 5. Mean cycle time with unlimited gated service (one wavelength).",
  "1-lowercase-and-token-and-remove-figure-index": {
    "caption": "mean cycle time with unlimited gated service ( one wavelength ) .",
    "sentence": [
      "mean cycle time with unlimited gated service ( one wavelength ) ."
    ],
    "token": [
      "mean",
      "cycle",
      "time",
      "with",
      "unlimited",
      "gated",
      "service",
      "(",
      "one",
      "wavelength",
      ")",
      "."
    ]
  },
  "2-normalized": {
    "2-1-basic-num": {
      "caption": "mean cycle time with unlimited gated service ( NUM-TK wavelength ) .",
      "sentence": [
        "mean cycle time with unlimited gated service ( NUM-TK wavelength ) ."
      ],
      "token": [
        "mean",
        "cycle",
        "time",
        "with",
        "unlimited",
        "gated",
        "service",
        "(",
        "NUM-TK",
        "wavelength",
        ")",
        "."
      ]
    },
    "2-2-advanced-euqation-bracket": {
      "caption": "mean cycle time with unlimited gated service BRACKET-TK .",
      "sentence": [
        "mean cycle time with unlimited gated service BRACKET-TK ."
      ],
      "tokens": [
        "mean",
        "cycle",
        "time",
        "with",
        "unlimited",
        "gated",
        "service",
        "BRACKET-TK",
        "."
      ]
    }
  }
}