{
  "contains-subfigure": false,
  "Img-text": [],
  "paper-ID": "1002.2243v1",
  "figure-ID": "1002.2243v1-Figure11-1.png",
  "figure-type": "Graph Plot",
  "0-originally-extracted": "Fig. 11: Hour-to-hour autocorrelation coefficients of wind speeds vs. hour-lags. Low correlation coefficients prevent prediction of wind speeds (and energy) more than an hour or two in advance.",
  "1-lowercase-and-token-and-remove-figure-index": {
    "caption": "hour-to-hour autocorrelation coefficients of wind speeds vs. hour-lags . low correlation coefficients prevent prediction of wind speeds ( and energy ) more than an hour or two in advance .",
    "sentence": [
      "hour-to-hour autocorrelation coefficients of wind speeds vs. hour-lags .",
      "low correlation coefficients prevent prediction of wind speeds ( and energy ) more than an hour or two in advance ."
    ],
    "token": [
      "hour-to-hour",
      "autocorrelation",
      "coefficients",
      "of",
      "wind",
      "speeds",
      "vs.",
      "hour-lags",
      ".",
      "low",
      "correlation",
      "coefficients",
      "prevent",
      "prediction",
      "of",
      "wind",
      "speeds",
      "(",
      "and",
      "energy",
      ")",
      "more",
      "than",
      "an",
      "hour",
      "or",
      "two",
      "in",
      "advance",
      "."
    ]
  },
  "2-normalized": {
    "2-1-basic-num": {
      "caption": "hour-to-hour autocorrelation coefficients of wind speeds vs. hour-lags . low correlation coefficients prevent prediction of wind speeds ( and energy ) more than an hour or NUM-TK in advance .",
      "sentence": [
        "hour-to-hour autocorrelation coefficients of wind speeds vs. hour-lags .",
        "low correlation coefficients prevent prediction of wind speeds ( and energy ) more than an hour or NUM-TK in advance ."
      ],
      "token": [
        "hour-to-hour",
        "autocorrelation",
        "coefficients",
        "of",
        "wind",
        "speeds",
        "vs.",
        "hour-lags",
        ".",
        "low",
        "correlation",
        "coefficients",
        "prevent",
        "prediction",
        "of",
        "wind",
        "speeds",
        "(",
        "and",
        "energy",
        ")",
        "more",
        "than",
        "an",
        "hour",
        "or",
        "NUM-TK",
        "in",
        "advance",
        "."
      ]
    },
    "2-2-advanced-euqation-bracket": {
      "caption": "hour-to-hour autocorrelation coefficients of wind speeds vs. hour-lags . low correlation coefficients prevent prediction of wind speeds BRACKET-TK more than an hour or NUM in advance .",
      "sentence": [
        "hour-to-hour autocorrelation coefficients of wind speeds vs. hour-lags .",
        "low correlation coefficients prevent prediction of wind speeds BRACKET-TK more than an hour or NUM in advance ."
      ],
      "tokens": [
        "hour-to-hour",
        "autocorrelation",
        "coefficients",
        "of",
        "wind",
        "speeds",
        "vs.",
        "hour-lags",
        ".",
        "low",
        "correlation",
        "coefficients",
        "prevent",
        "prediction",
        "of",
        "wind",
        "speeds",
        "BRACKET-TK",
        "more",
        "than",
        "an",
        "hour",
        "or",
        "NUM",
        "in",
        "advance",
        "."
      ]
    }
  }
}