{
  "contains-subfigure": false,
  "Img-text": [],
  "paper-ID": "1002.3770v1",
  "figure-ID": "1002.3770v1-Figure7-1.png",
  "figure-type": "Graph Plot",
  "0-originally-extracted": "Fig. 7: Trajectories of simulated pedestrians and test participants.",
  "1-lowercase-and-token-and-remove-figure-index": {
    "caption": "trajectories of simulated pedestrians and test participants .",
    "sentence": [
      "trajectories of simulated pedestrians and test participants ."
    ],
    "token": [
      "trajectories",
      "of",
      "simulated",
      "pedestrians",
      "and",
      "test",
      "participants",
      "."
    ]
  },
  "2-normalized": {
    "2-1-basic-num": {
      "caption": "trajectories of simulated pedestrians and test participants .",
      "sentence": [
        "trajectories of simulated pedestrians and test participants ."
      ],
      "token": [
        "trajectories",
        "of",
        "simulated",
        "pedestrians",
        "and",
        "test",
        "participants",
        "."
      ]
    },
    "2-2-advanced-euqation-bracket": {
      "caption": "trajectories of simulated pedestrians and test participants .",
      "sentence": [
        "trajectories of simulated pedestrians and test participants ."
      ],
      "tokens": [
        "trajectories",
        "of",
        "simulated",
        "pedestrians",
        "and",
        "test",
        "participants",
        "."
      ]
    }
  }
}