{
  "contains-subfigure": false,
  "Img-text": [
    "impact",
    "of",
    "Tx-noise",
    "impact",
    "of",
    "Tx-noise"
  ],
  "paper-ID": "1002.0406v1",
  "figure-ID": "1002.0406v1-Figure2-1.png",
  "figure-type": "Graph Plot",
  "0-originally-extracted": "Fig. 2. Impact of -30 dB EVM to ZF, ML, and max-log APP detection.",
  "1-lowercase-and-token-and-remove-figure-index": {
    "caption": "impact of -30 db evm to zf , ml , and max-log app detection .",
    "sentence": [
      "impact of -30 db evm to zf , ml , and max-log app detection ."
    ],
    "token": [
      "impact",
      "of",
      "-30",
      "db",
      "evm",
      "to",
      "zf",
      ",",
      "ml",
      ",",
      "and",
      "max-log",
      "app",
      "detection",
      "."
    ]
  },
  "2-normalized": {
    "2-1-basic-num": {
      "caption": "impact of -30 db evm to zf , ml , and max-log app detection .",
      "sentence": [
        "impact of -30 db evm to zf , ml , and max-log app detection ."
      ],
      "token": [
        "impact",
        "of",
        "-30",
        "db",
        "evm",
        "to",
        "zf",
        ",",
        "ml",
        ",",
        "and",
        "max-log",
        "app",
        "detection",
        "."
      ]
    },
    "2-2-advanced-euqation-bracket": {
      "caption": "impact of -30 db evm to zf , ml , and max-log app detection .",
      "sentence": [
        "impact of -30 db evm to zf , ml , and max-log app detection ."
      ],
      "tokens": [
        "impact",
        "of",
        "-30",
        "db",
        "evm",
        "to",
        "zf",
        ",",
        "ml",
        ",",
        "and",
        "max-log",
        "app",
        "detection",
        "."
      ]
    }
  }
}