{
  "contains-subfigure": false,
  "Img-text": [],
  "paper-ID": "1002.3340v1",
  "figure-ID": "1002.3340v1-Figure6-1.png",
  "figure-type": "Graph Plot",
  "0-originally-extracted": "Fig. 6. PWM Wave form Generation",
  "1-lowercase-and-token-and-remove-figure-index": {
    "caption": "pwm wave form generation .",
    "sentence": [
      "pwm wave form generation ."
    ],
    "token": [
      "pwm",
      "wave",
      "form",
      "generation",
      "."
    ]
  },
  "2-normalized": {
    "2-1-basic-num": {
      "caption": "pwm wave form generation .",
      "sentence": [
        "pwm wave form generation ."
      ],
      "token": [
        "pwm",
        "wave",
        "form",
        "generation",
        "."
      ]
    },
    "2-2-advanced-euqation-bracket": {
      "caption": "pwm wave form generation .",
      "sentence": [
        "pwm wave form generation ."
      ],
      "tokens": [
        "pwm",
        "wave",
        "form",
        "generation",
        "."
      ]
    }
  }
}