{
  "contains-subfigure": false,
  "Img-text": [],
  "paper-ID": "1002.1285v1",
  "figure-ID": "1002.1285v1-Figure2-1.png",
  "figure-type": "Graph Plot",
  "0-originally-extracted": "Figure 2. Mapping procedure for \u201cgoodness\u201d value in normalized win-loss Wx \u2212 Lx plane.",
  "1-lowercase-and-token-and-remove-figure-index": {
    "caption": "mapping procedure for \u201c goodness \u201d value in normalized win-loss wx \u2212 lx plane .",
    "sentence": [
      "mapping procedure for \u201c goodness \u201d value in normalized win-loss wx \u2212 lx plane ."
    ],
    "token": [
      "mapping",
      "procedure",
      "for",
      "\u201c",
      "goodness",
      "\u201d",
      "value",
      "in",
      "normalized",
      "win-loss",
      "wx",
      "\u2212",
      "lx",
      "plane",
      "."
    ]
  },
  "2-normalized": {
    "2-1-basic-num": {
      "caption": "mapping procedure for \u201c goodness \u201d value in normalized win-loss wx \u2212 lx plane .",
      "sentence": [
        "mapping procedure for \u201c goodness \u201d value in normalized win-loss wx \u2212 lx plane ."
      ],
      "token": [
        "mapping",
        "procedure",
        "for",
        "\u201c",
        "goodness",
        "\u201d",
        "value",
        "in",
        "normalized",
        "win-loss",
        "wx",
        "\u2212",
        "lx",
        "plane",
        "."
      ]
    },
    "2-2-advanced-euqation-bracket": {
      "caption": "mapping procedure for \u201c goodness \u201d value in normalized win-loss wx \u2212 lx plane .",
      "sentence": [
        "mapping procedure for \u201c goodness \u201d value in normalized win-loss wx \u2212 lx plane ."
      ],
      "tokens": [
        "mapping",
        "procedure",
        "for",
        "\u201c",
        "goodness",
        "\u201d",
        "value",
        "in",
        "normalized",
        "win-loss",
        "wx",
        "\u2212",
        "lx",
        "plane",
        "."
      ]
    }
  }
}