{
  "contains-subfigure": false,
  "Img-text": [],
  "paper-ID": "1002.0773v1",
  "figure-ID": "1002.0773v1-Figure13-1.png",
  "figure-type": "Graph Plot",
  "0-originally-extracted": "Figure 13: Densities of the scaled standard deviations before (blue) and after (black) 100 iterations of extended Baum-Welch.",
  "1-lowercase-and-token-and-remove-figure-index": {
    "caption": "densities of the scaled standard deviations before ( blue ) and after ( black ) 100 iterations of extended baum-welch .",
    "sentence": [
      "densities of the scaled standard deviations before ( blue ) and after ( black ) 100 iterations of extended baum-welch ."
    ],
    "token": [
      "densities",
      "of",
      "the",
      "scaled",
      "standard",
      "deviations",
      "before",
      "(",
      "blue",
      ")",
      "and",
      "after",
      "(",
      "black",
      ")",
      "100",
      "iterations",
      "of",
      "extended",
      "baum-welch",
      "."
    ]
  },
  "2-normalized": {
    "2-1-basic-num": {
      "caption": "densities of the scaled standard deviations before ( blue ) and after ( black ) NUM-TK iterations of extended baum-welch .",
      "sentence": [
        "densities of the scaled standard deviations before ( blue ) and after ( black ) NUM-TK iterations of extended baum-welch ."
      ],
      "token": [
        "densities",
        "of",
        "the",
        "scaled",
        "standard",
        "deviations",
        "before",
        "(",
        "blue",
        ")",
        "and",
        "after",
        "(",
        "black",
        ")",
        "NUM-TK",
        "iterations",
        "of",
        "extended",
        "baum-welch",
        "."
      ]
    },
    "2-2-advanced-euqation-bracket": {
      "caption": "densities of the scaled standard deviations before BRACKET-TK and after BRACKET-TK NUM iterations of extended baum-welch .",
      "sentence": [
        "densities of the scaled standard deviations before BRACKET-TK and after BRACKET-TK NUM iterations of extended baum-welch ."
      ],
      "tokens": [
        "densities",
        "of",
        "the",
        "scaled",
        "standard",
        "deviations",
        "before",
        "BRACKET-TK",
        "and",
        "after",
        "BRACKET-TK",
        "NUM",
        "iterations",
        "of",
        "extended",
        "baum-welch",
        "."
      ]
    }
  }
}