{
  "contains-subfigure": false,
  "Img-text": [],
  "paper-ID": "1002.1629v1",
  "figure-ID": "1002.1629v1-Figure4-1.png",
  "figure-type": "Graph Plot",
  "0-originally-extracted": "Fig. 4. Density of successful transmissions versus\u03c4 = B B+1/\u01eb for mean and maximal interference constraint; simulation results.",
  "1-lowercase-and-token-and-remove-figure-index": {
    "caption": "density of successful transmissions versus\u03c4 = b b+1/\u01eb for mean and maximal interference constraint ; simulation results .",
    "sentence": [
      "density of successful transmissions versus\u03c4 = b b+1/\u01eb for mean and maximal interference constraint ; simulation results ."
    ],
    "token": [
      "density",
      "of",
      "successful",
      "transmissions",
      "versus\u03c4",
      "=",
      "b",
      "b+1/\u01eb",
      "for",
      "mean",
      "and",
      "maximal",
      "interference",
      "constraint",
      ";",
      "simulation",
      "results",
      "."
    ]
  },
  "2-normalized": {
    "2-1-basic-num": {
      "caption": "density of successful transmissions versus\u03c4 = b b+1/\u01eb for mean and maximal interference constraint ; simulation results .",
      "sentence": [
        "density of successful transmissions versus\u03c4 = b b+1/\u01eb for mean and maximal interference constraint ; simulation results ."
      ],
      "token": [
        "density",
        "of",
        "successful",
        "transmissions",
        "versus\u03c4",
        "=",
        "b",
        "b+1/\u01eb",
        "for",
        "mean",
        "and",
        "maximal",
        "interference",
        "constraint",
        ";",
        "simulation",
        "results",
        "."
      ]
    },
    "2-2-advanced-euqation-bracket": {
      "caption": "density of successful transmissions versus\u03c4 = b b+1/\u01eb for mean and maximal interference constraint ; simulation results .",
      "sentence": [
        "density of successful transmissions versus\u03c4 = b b+1/\u01eb for mean and maximal interference constraint ; simulation results ."
      ],
      "tokens": [
        "density",
        "of",
        "successful",
        "transmissions",
        "versus\u03c4",
        "=",
        "b",
        "b+1/\u01eb",
        "for",
        "mean",
        "and",
        "maximal",
        "interference",
        "constraint",
        ";",
        "simulation",
        "results",
        "."
      ]
    }
  }
}