{
  "contains-subfigure": false,
  "Img-text": [
    "or",
    "E",
    "rr",
    "Number",
    "of",
    "Selected",
    "Features",
    "0.25",
    "Introduced",
    "Error",
    "by",
    "PCA",
    "0.2",
    "0.15",
    "0.1",
    "0.05",
    "10",
    "20",
    "30",
    "40",
    "50",
    "60",
    "70",
    "80",
    "90",
    "100",
    "0"
  ],
  "paper-ID": "1002.3174v3",
  "figure-ID": "1002.3174v3-Figure3-1.png",
  "figure-type": "Graph Plot",
  "0-originally-extracted": "Figure 3. Introduced error of the PCA",
  "1-lowercase-and-token-and-remove-figure-index": {
    "caption": "introduced error of the pca .",
    "sentence": [
      "introduced error of the pca ."
    ],
    "token": [
      "introduced",
      "error",
      "of",
      "the",
      "pca",
      "."
    ]
  },
  "2-normalized": {
    "2-1-basic-num": {
      "caption": "introduced error of the pca .",
      "sentence": [
        "introduced error of the pca ."
      ],
      "token": [
        "introduced",
        "error",
        "of",
        "the",
        "pca",
        "."
      ]
    },
    "2-2-advanced-euqation-bracket": {
      "caption": "introduced error of the pca .",
      "sentence": [
        "introduced error of the pca ."
      ],
      "tokens": [
        "introduced",
        "error",
        "of",
        "the",
        "pca",
        "."
      ]
    }
  }
}