{
  "contains-subfigure": false,
  "Img-text": [
    "impact",
    "of",
    "Tx-noise",
    "impact",
    "of",
    "Tx-noise"
  ],
  "paper-ID": "1002.0406v1",
  "figure-ID": "1002.0406v1-Figure3-1.png",
  "figure-type": "Graph Plot",
  "0-originally-extracted": "Fig. 3. Performance impact of Tx-noise whitening (denoted by comp.) to ZF, ML, and max-log APP detection impaired by the i.i.d. Gaussian model for residual Tx-RF impairments.",
  "1-lowercase-and-token-and-remove-figure-index": {
    "caption": "performance impact of tx-noise whitening ( denoted by comp . ) to zf , ml , and max-log app detection impaired by the i.i.d . gaussian model for residual tx-rf impairments .",
    "sentence": [
      "performance impact of tx-noise whitening ( denoted by comp . )",
      "to zf , ml , and max-log app detection impaired by the i.i.d .",
      "gaussian model for residual tx-rf impairments ."
    ],
    "token": [
      "performance",
      "impact",
      "of",
      "tx-noise",
      "whitening",
      "(",
      "denoted",
      "by",
      "comp",
      ".",
      ")",
      "to",
      "zf",
      ",",
      "ml",
      ",",
      "and",
      "max-log",
      "app",
      "detection",
      "impaired",
      "by",
      "the",
      "i.i.d",
      ".",
      "gaussian",
      "model",
      "for",
      "residual",
      "tx-rf",
      "impairments",
      "."
    ]
  },
  "2-normalized": {
    "2-1-basic-num": {
      "caption": "performance impact of tx-noise whitening ( denoted by comp . ) to zf , ml , and max-log app detection impaired by the i.i.d . gaussian model for residual tx-rf impairments .",
      "sentence": [
        "performance impact of tx-noise whitening ( denoted by comp . )",
        "to zf , ml , and max-log app detection impaired by the i.i.d .",
        "gaussian model for residual tx-rf impairments ."
      ],
      "token": [
        "performance",
        "impact",
        "of",
        "tx-noise",
        "whitening",
        "(",
        "denoted",
        "by",
        "comp",
        ".",
        ")",
        "to",
        "zf",
        ",",
        "ml",
        ",",
        "and",
        "max-log",
        "app",
        "detection",
        "impaired",
        "by",
        "the",
        "i.i.d",
        ".",
        "gaussian",
        "model",
        "for",
        "residual",
        "tx-rf",
        "impairments",
        "."
      ]
    },
    "2-2-advanced-euqation-bracket": {
      "caption": "performance impact of tx-noise whitening BRACKET-TK to zf , ml , and max-log app detection impaired by the i.i.d . gaussian model for residual tx-rf impairments .",
      "sentence": [
        "performance impact of tx-noise whitening BRACKET-TK to zf , ml , and max-log app detection impaired by the i.i.d .",
        "gaussian model for residual tx-rf impairments ."
      ],
      "tokens": [
        "performance",
        "impact",
        "of",
        "tx-noise",
        "whitening",
        "BRACKET-TK",
        "to",
        "zf",
        ",",
        "ml",
        ",",
        "and",
        "max-log",
        "app",
        "detection",
        "impaired",
        "by",
        "the",
        "i.i.d",
        ".",
        "gaussian",
        "model",
        "for",
        "residual",
        "tx-rf",
        "impairments",
        "."
      ]
    }
  }
}