{
  "contains-subfigure": false,
  "Img-text": [],
  "paper-ID": "1002.2654v1",
  "figure-ID": "1002.2654v1-Figure2.1-1.png",
  "figure-type": "Graph Plot",
  "0-originally-extracted": "Figure 2.1: RCS predictions",
  "1-lowercase-and-token-and-remove-figure-index": {
    "caption": "rcs predictions .",
    "sentence": [
      "rcs predictions ."
    ],
    "token": [
      "rcs",
      "predictions",
      "."
    ]
  },
  "2-normalized": {
    "2-1-basic-num": {
      "caption": "rcs predictions .",
      "sentence": [
        "rcs predictions ."
      ],
      "token": [
        "rcs",
        "predictions",
        "."
      ]
    },
    "2-2-advanced-euqation-bracket": {
      "caption": "rcs predictions .",
      "sentence": [
        "rcs predictions ."
      ],
      "tokens": [
        "rcs",
        "predictions",
        "."
      ]
    }
  }
}