{
  "contains-subfigure": false,
  "Img-text": [
    "Physical",
    "losses",
    "Packets",
    "dropped",
    "by",
    "jitter",
    "buffer",
    "(100",
    "ms)",
    "Total",
    "losses",
    "F",
    "C",
    "D",
    "Losses",
    "[%]",
    "1",
    "0.9",
    "0.8",
    "0.7",
    "0.6",
    "0.5",
    "0.4",
    "0.3",
    "0.2",
    "0.1",
    "0",
    "5",
    "10",
    "15",
    "20",
    "25",
    "30",
    "35",
    "40",
    "0"
  ],
  "paper-ID": "1002.4303v1",
  "figure-ID": "1002.4303v1-Figure10-1.png",
  "figure-type": "Graph Plot",
  "0-originally-extracted": "Fig. 10 Relationship between physical losses and losses caused by jitter buffer (100 ms).",
  "1-lowercase-and-token-and-remove-figure-index": {
    "caption": "relationship between physical losses and losses caused by jitter buffer ( 0 ms ) .",
    "sentence": [
      "relationship between physical losses and losses caused by jitter buffer ( 0 ms ) ."
    ],
    "token": [
      "relationship",
      "between",
      "physical",
      "losses",
      "and",
      "losses",
      "caused",
      "by",
      "jitter",
      "buffer",
      "(",
      "0",
      "ms",
      ")",
      "."
    ]
  },
  "2-normalized": {
    "2-1-basic-num": {
      "caption": "relationship between physical losses and losses caused by jitter buffer ( NUM-TK ms ) .",
      "sentence": [
        "relationship between physical losses and losses caused by jitter buffer ( NUM-TK ms ) ."
      ],
      "token": [
        "relationship",
        "between",
        "physical",
        "losses",
        "and",
        "losses",
        "caused",
        "by",
        "jitter",
        "buffer",
        "(",
        "NUM-TK",
        "ms",
        ")",
        "."
      ]
    },
    "2-2-advanced-euqation-bracket": {
      "caption": "relationship between physical losses and losses caused by jitter buffer BRACKET-TK .",
      "sentence": [
        "relationship between physical losses and losses caused by jitter buffer BRACKET-TK ."
      ],
      "tokens": [
        "relationship",
        "between",
        "physical",
        "losses",
        "and",
        "losses",
        "caused",
        "by",
        "jitter",
        "buffer",
        "BRACKET-TK",
        "."
      ]
    }
  }
}