{
  "contains-subfigure": false,
  "Img-text": [
    "Linear",
    "Scan",
    "Largest\u2212First",
    "Scan",
    "Circular",
    "Scan",
    "G",
    "/",
    "R",
    "\u03b1",
    "1",
    "0.9",
    "0.8",
    "0.7",
    "0.6",
    "0.5",
    "0",
    "0.1",
    "0.2",
    "0.3",
    "0.4",
    "0.5",
    "0.6",
    "0.7",
    "0.8",
    "0.9",
    "1"
  ],
  "paper-ID": "1002.3084v2",
  "figure-ID": "1002.3084v2-Figure9-1.png",
  "figure-type": "Graph Plot",
  "0-originally-extracted": "Fig. 9. G/R \u2192 1/2 as \u03b1 \u2192 0 under LS, LFS, and CS.",
  "1-lowercase-and-token-and-remove-figure-index": {
    "caption": "g/r \u2192 1/2 as \u03b1 \u2192 0 under ls , lfs , and cs .",
    "sentence": [
      "g/r \u2192 1/2 as \u03b1 \u2192 0 under ls , lfs , and cs ."
    ],
    "token": [
      "g/r",
      "\u2192",
      "1/2",
      "as",
      "\u03b1",
      "\u2192",
      "0",
      "under",
      "ls",
      ",",
      "lfs",
      ",",
      "and",
      "cs",
      "."
    ]
  },
  "2-normalized": {
    "2-1-basic-num": {
      "caption": "g/r \u2192 NUM-TK as \u03b1 \u2192 NUM-TK under ls , lfs , and cs .",
      "sentence": [
        "g/r \u2192 NUM-TK as \u03b1 \u2192 NUM-TK under ls , lfs , and cs ."
      ],
      "token": [
        "g/r",
        "\u2192",
        "NUM-TK",
        "as",
        "\u03b1",
        "\u2192",
        "NUM-TK",
        "under",
        "ls",
        ",",
        "lfs",
        ",",
        "and",
        "cs",
        "."
      ]
    },
    "2-2-advanced-euqation-bracket": {
      "caption": "g/r \u2192 NUM as \u03b1 \u2192 NUM under ls , lfs , and cs .",
      "sentence": [
        "g/r \u2192 NUM as \u03b1 \u2192 NUM under ls , lfs , and cs ."
      ],
      "tokens": [
        "g/r",
        "\u2192",
        "NUM",
        "as",
        "\u03b1",
        "\u2192",
        "NUM",
        "under",
        "ls",
        ",",
        "lfs",
        ",",
        "and",
        "cs",
        "."
      ]
    }
  }
}