{
  "contains-subfigure": false,
  "Img-text": [
    "LDGM",
    "LT\u2212LDPC",
    "EC\u2212LDGM",
    "Theoretical",
    "Approximation",
    "R",
    "B",
    "E",
    "Eb/N0",
    "10",
    "0",
    "10",
    "\u22121",
    "10",
    "\u22122",
    "10",
    "\u22123",
    "10",
    "\u22124",
    "10",
    "\u22125",
    "\u22126",
    "0",
    "2",
    "4",
    "6",
    "8",
    "10",
    "12",
    "14",
    "16",
    "18",
    "10"
  ],
  "paper-ID": "1002.3629v1",
  "figure-ID": "1002.3629v1-Figure8-1.png",
  "figure-type": "Graph Plot",
  "0-originally-extracted": "Fig. 8. Performance of different code ensembles withm = 10 terminals in block fading. Network code rate is 1/2, and N = 5000 uncoded bits.",
  "1-lowercase-and-token-and-remove-figure-index": {
    "caption": "performance of different code ensembles withm = 10 terminals in block fading . network code rate is 1/2 , and n = 5000 uncoded bits .",
    "sentence": [
      "performance of different code ensembles withm = 10 terminals in block fading .",
      "network code rate is 1/2 , and n = 5000 uncoded bits ."
    ],
    "token": [
      "performance",
      "of",
      "different",
      "code",
      "ensembles",
      "withm",
      "=",
      "10",
      "terminals",
      "in",
      "block",
      "fading",
      ".",
      "network",
      "code",
      "rate",
      "is",
      "1/2",
      ",",
      "and",
      "n",
      "=",
      "5000",
      "uncoded",
      "bits",
      "."
    ]
  },
  "2-normalized": {
    "2-1-basic-num": {
      "caption": "performance of different code ensembles withm = NUM-TK terminals in block fading . network code rate is NUM-TK , and n = NUM-TK uncoded bits .",
      "sentence": [
        "performance of different code ensembles withm = NUM-TK terminals in block fading .",
        "network code rate is NUM-TK , and n = NUM-TK uncoded bits ."
      ],
      "token": [
        "performance",
        "of",
        "different",
        "code",
        "ensembles",
        "withm",
        "=",
        "NUM-TK",
        "terminals",
        "in",
        "block",
        "fading",
        ".",
        "network",
        "code",
        "rate",
        "is",
        "NUM-TK",
        ",",
        "and",
        "n",
        "=",
        "NUM-TK",
        "uncoded",
        "bits",
        "."
      ]
    },
    "2-2-advanced-euqation-bracket": {
      "caption": "performance of different code ensembles EQUAT-TK terminals in block fading . network code rate is NUM , and EQUAT-TK uncoded bits .",
      "sentence": [
        "performance of different code ensembles EQUAT-TK terminals in block fading .",
        "network code rate is NUM , and EQUAT-TK uncoded bits ."
      ],
      "tokens": [
        "performance",
        "of",
        "different",
        "code",
        "ensembles",
        "EQUAT-TK",
        "terminals",
        "in",
        "block",
        "fading",
        ".",
        "network",
        "code",
        "rate",
        "is",
        "NUM",
        ",",
        "and",
        "EQUAT-TK",
        "uncoded",
        "bits",
        "."
      ]
    }
  }
}