{
  "contains-subfigure": false,
  "Img-text": [],
  "paper-ID": "1002.4286v2",
  "figure-ID": "1002.4286v2-Figure2-1.png",
  "figure-type": "Graph Plot",
  "0-originally-extracted": "Figure 2: Basis sizes per confidence in pumsb-star at 40% support",
  "1-lowercase-and-token-and-remove-figure-index": {
    "caption": "basis sizes per confidence in pumsb-star at 40 % support .",
    "sentence": [
      "basis sizes per confidence in pumsb-star at 40 % support ."
    ],
    "token": [
      "basis",
      "sizes",
      "per",
      "confidence",
      "in",
      "pumsb-star",
      "at",
      "40",
      "%",
      "support",
      "."
    ]
  },
  "2-normalized": {
    "2-1-basic-num": {
      "caption": "basis sizes per confidence in pumsb-star at NUM-TK support .",
      "sentence": [
        "basis sizes per confidence in pumsb-star at NUM-TK support ."
      ],
      "token": [
        "basis",
        "sizes",
        "per",
        "confidence",
        "in",
        "pumsb-star",
        "at",
        "NUM-TK",
        "support",
        "."
      ]
    },
    "2-2-advanced-euqation-bracket": {
      "caption": "basis sizes per confidence in pumsb-star at NUM support .",
      "sentence": [
        "basis sizes per confidence in pumsb-star at NUM support ."
      ],
      "tokens": [
        "basis",
        "sizes",
        "per",
        "confidence",
        "in",
        "pumsb-star",
        "at",
        "NUM",
        "support",
        "."
      ]
    }
  }
}