{
  "contains-subfigure": false,
  "Img-text": [],
  "paper-ID": "1002.2677v1",
  "figure-ID": "1002.2677v1-Figure3-1.png",
  "figure-type": "Graph Plot",
  "0-originally-extracted": "Figure 3. Variation of \u03bb with the delay spread N for a measurement rank K.",
  "1-lowercase-and-token-and-remove-figure-index": {
    "caption": "variation of \u03bb with the delay spread n for a measurement rank k .",
    "sentence": [
      "variation of \u03bb with the delay spread n for a measurement rank k ."
    ],
    "token": [
      "variation",
      "of",
      "\u03bb",
      "with",
      "the",
      "delay",
      "spread",
      "n",
      "for",
      "a",
      "measurement",
      "rank",
      "k",
      "."
    ]
  },
  "2-normalized": {
    "2-1-basic-num": {
      "caption": "variation of \u03bb with the delay spread n for a measurement rank k .",
      "sentence": [
        "variation of \u03bb with the delay spread n for a measurement rank k ."
      ],
      "token": [
        "variation",
        "of",
        "\u03bb",
        "with",
        "the",
        "delay",
        "spread",
        "n",
        "for",
        "a",
        "measurement",
        "rank",
        "k",
        "."
      ]
    },
    "2-2-advanced-euqation-bracket": {
      "caption": "variation of \u03bb with the delay spread n for a measurement rank k .",
      "sentence": [
        "variation of \u03bb with the delay spread n for a measurement rank k ."
      ],
      "tokens": [
        "variation",
        "of",
        "\u03bb",
        "with",
        "the",
        "delay",
        "spread",
        "n",
        "for",
        "a",
        "measurement",
        "rank",
        "k",
        "."
      ]
    }
  }
}