{
  "contains-subfigure": false,
  "Img-text": [
    "simulated",
    "E[D]",
    "asymptotic",
    "expression",
    "]",
    "E",
    "[D",
    "M",
    "0.38",
    "0.36",
    "0.34",
    "0.32",
    "0.3",
    "0.28",
    "0.26",
    "0.24",
    "0.22",
    "0.2",
    "0.18",
    "10",
    "3",
    "10",
    "2",
    "10",
    "1",
    "8",
    "10",
    "0"
  ],
  "paper-ID": "1002.4473v1",
  "figure-ID": "1002.4473v1-Figure1-1.png",
  "figure-type": "Graph Plot",
  "0-originally-extracted": "Fig. 1. Multi-sensor diversity scheme. Comparison betweensimulated expected distortion and asymptotic expression.",
  "1-lowercase-and-token-and-remove-figure-index": {
    "caption": "multi-sensor diversity scheme . comparison betweensimulated expected distortion and asymptotic expression .",
    "sentence": [
      "multi-sensor diversity scheme .",
      "comparison betweensimulated expected distortion and asymptotic expression ."
    ],
    "token": [
      "multi-sensor",
      "diversity",
      "scheme",
      ".",
      "comparison",
      "betweensimulated",
      "expected",
      "distortion",
      "and",
      "asymptotic",
      "expression",
      "."
    ]
  },
  "2-normalized": {
    "2-1-basic-num": {
      "caption": "multi-sensor diversity scheme . comparison betweensimulated expected distortion and asymptotic expression .",
      "sentence": [
        "multi-sensor diversity scheme .",
        "comparison betweensimulated expected distortion and asymptotic expression ."
      ],
      "token": [
        "multi-sensor",
        "diversity",
        "scheme",
        ".",
        "comparison",
        "betweensimulated",
        "expected",
        "distortion",
        "and",
        "asymptotic",
        "expression",
        "."
      ]
    },
    "2-2-advanced-euqation-bracket": {
      "caption": "multi-sensor diversity scheme . comparison betweensimulated expected distortion and asymptotic expression .",
      "sentence": [
        "multi-sensor diversity scheme .",
        "comparison betweensimulated expected distortion and asymptotic expression ."
      ],
      "tokens": [
        "multi-sensor",
        "diversity",
        "scheme",
        ".",
        "comparison",
        "betweensimulated",
        "expected",
        "distortion",
        "and",
        "asymptotic",
        "expression",
        "."
      ]
    }
  }
}