{
  "contains-subfigure": false,
  "Img-text": [],
  "paper-ID": "1002.4063v1",
  "figure-ID": "1002.4063v1-Figure10-1.png",
  "figure-type": "Graph Plot",
  "0-originally-extracted": "Figure 10: Module 7: Expected values for the amounts of the involved species computed using PRISM.",
  "1-lowercase-and-token-and-remove-figure-index": {
    "caption": "module 7 : expected values for the amounts of the involved species computed using prism .",
    "sentence": [
      "module 7 : expected values for the amounts of the involved species computed using prism ."
    ],
    "token": [
      "module",
      "7",
      ":",
      "expected",
      "values",
      "for",
      "the",
      "amounts",
      "of",
      "the",
      "involved",
      "species",
      "computed",
      "using",
      "prism",
      "."
    ]
  },
  "2-normalized": {
    "2-1-basic-num": {
      "caption": "module NUM-TK : expected values for the amounts of the involved species computed using prism .",
      "sentence": [
        "module NUM-TK : expected values for the amounts of the involved species computed using prism ."
      ],
      "token": [
        "module",
        "NUM-TK",
        ":",
        "expected",
        "values",
        "for",
        "the",
        "amounts",
        "of",
        "the",
        "involved",
        "species",
        "computed",
        "using",
        "prism",
        "."
      ]
    },
    "2-2-advanced-euqation-bracket": {
      "caption": "module NUM : expected values for the amounts of the involved species computed using prism .",
      "sentence": [
        "module NUM : expected values for the amounts of the involved species computed using prism ."
      ],
      "tokens": [
        "module",
        "NUM",
        ":",
        "expected",
        "values",
        "for",
        "the",
        "amounts",
        "of",
        "the",
        "involved",
        "species",
        "computed",
        "using",
        "prism",
        "."
      ]
    }
  }
}