{
  "contains-subfigure": false,
  "Img-text": [
    "4.",
    "Geographic",
    "location",
    "of",
    "wind",
    "farms",
    "must",
    "be",
    "carefully"
  ],
  "paper-ID": "1002.2243v1",
  "figure-ID": "1002.2243v1-Figure12-1.png",
  "figure-type": "Graph Plot",
  "0-originally-extracted": "Fig. 12: Probability of n-hour energy deficit clusters for wRPS = 15% and reserve capacity = 5 GWh. The red and blue lines bracket the range of probabilities calculated two different ways.",
  "1-lowercase-and-token-and-remove-figure-index": {
    "caption": "probability of n-hour energy deficit clusters for wrps = 15 % and reserve capacity = 5 gwh . the red and blue lines bracket the range of probabilities calculated two different ways .",
    "sentence": [
      "probability of n-hour energy deficit clusters for wrps = 15 % and reserve capacity = 5 gwh .",
      "the red and blue lines bracket the range of probabilities calculated two different ways ."
    ],
    "token": [
      "probability",
      "of",
      "n-hour",
      "energy",
      "deficit",
      "clusters",
      "for",
      "wrps",
      "=",
      "15",
      "%",
      "and",
      "reserve",
      "capacity",
      "=",
      "5",
      "gwh",
      ".",
      "the",
      "red",
      "and",
      "blue",
      "lines",
      "bracket",
      "the",
      "range",
      "of",
      "probabilities",
      "calculated",
      "two",
      "different",
      "ways",
      "."
    ]
  },
  "2-normalized": {
    "2-1-basic-num": {
      "caption": "probability of n-hour energy deficit clusters for wrps = NUM-TK and reserve capacity = NUM-TK gwh . the red and blue lines bracket the range of probabilities calculated NUM-TK different ways .",
      "sentence": [
        "probability of n-hour energy deficit clusters for wrps = NUM-TK and reserve capacity = NUM-TK gwh .",
        "the red and blue lines bracket the range of probabilities calculated NUM-TK different ways ."
      ],
      "token": [
        "probability",
        "of",
        "n-hour",
        "energy",
        "deficit",
        "clusters",
        "for",
        "wrps",
        "=",
        "NUM-TK",
        "and",
        "reserve",
        "capacity",
        "=",
        "NUM-TK",
        "gwh",
        ".",
        "the",
        "red",
        "and",
        "blue",
        "lines",
        "bracket",
        "the",
        "range",
        "of",
        "probabilities",
        "calculated",
        "NUM-TK",
        "different",
        "ways",
        "."
      ]
    },
    "2-2-advanced-euqation-bracket": {
      "caption": "probability of n-hour energy deficit clusters for EQUAT-TK and reserve EQUAT-TK gwh . the red and blue lines bracket the range of probabilities calculated NUM different ways .",
      "sentence": [
        "probability of n-hour energy deficit clusters for EQUAT-TK and reserve EQUAT-TK gwh .",
        "the red and blue lines bracket the range of probabilities calculated NUM different ways ."
      ],
      "tokens": [
        "probability",
        "of",
        "n-hour",
        "energy",
        "deficit",
        "clusters",
        "for",
        "EQUAT-TK",
        "and",
        "reserve",
        "EQUAT-TK",
        "gwh",
        ".",
        "the",
        "red",
        "and",
        "blue",
        "lines",
        "bracket",
        "the",
        "range",
        "of",
        "probabilities",
        "calculated",
        "NUM",
        "different",
        "ways",
        "."
      ]
    }
  }
}