{
  "contains-subfigure": false,
  "Img-text": [],
  "paper-ID": "1002.0251v1",
  "figure-ID": "1002.0251v1-Figure4-1.png",
  "figure-type": "Graph Plot",
  "0-originally-extracted": "Figure 4. R\u00e9sultatdela d\u00e9composition modaledu mode1 au mode 200",
  "1-lowercase-and-token-and-remove-figure-index": {
    "caption": "r\u00e9sultatdela d\u00e9composition modaledu mode1 au mode 200 .",
    "sentence": [
      "r\u00e9sultatdela d\u00e9composition modaledu mode1 au mode 200 ."
    ],
    "token": [
      "r\u00e9sultatdela",
      "d\u00e9composition",
      "modaledu",
      "mode1",
      "au",
      "mode",
      "200",
      "."
    ]
  },
  "2-normalized": {
    "2-1-basic-num": {
      "caption": "r\u00e9sultatdela d\u00e9composition modaledu mode1 au mode NUM-TK .",
      "sentence": [
        "r\u00e9sultatdela d\u00e9composition modaledu mode1 au mode NUM-TK ."
      ],
      "token": [
        "r\u00e9sultatdela",
        "d\u00e9composition",
        "modaledu",
        "mode1",
        "au",
        "mode",
        "NUM-TK",
        "."
      ]
    },
    "2-2-advanced-euqation-bracket": {
      "caption": "r\u00e9sultatdela d\u00e9composition modaledu mode1 au mode NUM .",
      "sentence": [
        "r\u00e9sultatdela d\u00e9composition modaledu mode1 au mode NUM ."
      ],
      "tokens": [
        "r\u00e9sultatdela",
        "d\u00e9composition",
        "modaledu",
        "mode1",
        "au",
        "mode",
        "NUM",
        "."
      ]
    }
  }
}