{
  "contains-subfigure": false,
  "Img-text": [
    "ZF",
    "ZF,",
    "comp.",
    "ML",
    "ML,",
    "comp.",
    "Measured",
    "Simulated"
  ],
  "paper-ID": "1002.0406v1",
  "figure-ID": "1002.0406v1-Figure9-1.png",
  "figure-type": "Graph Plot",
  "0-originally-extracted": "Fig. 9. Measured FER for ZF and ML detection and the impact of noise whitening (denoted by comp.). The dashed lines show the corresponding simulation results based on the Tx-noise model.",
  "1-lowercase-and-token-and-remove-figure-index": {
    "caption": "measured fer for zf and ml detection and the impact of noise whitening ( denoted by comp . ) . the dashed lines show the corresponding simulation results based on the tx-noise model .",
    "sentence": [
      "measured fer for zf and ml detection and the impact of noise whitening ( denoted by comp . )",
      ".",
      "the dashed lines show the corresponding simulation results based on the tx-noise model ."
    ],
    "token": [
      "measured",
      "fer",
      "for",
      "zf",
      "and",
      "ml",
      "detection",
      "and",
      "the",
      "impact",
      "of",
      "noise",
      "whitening",
      "(",
      "denoted",
      "by",
      "comp",
      ".",
      ")",
      ".",
      "the",
      "dashed",
      "lines",
      "show",
      "the",
      "corresponding",
      "simulation",
      "results",
      "based",
      "on",
      "the",
      "tx-noise",
      "model",
      "."
    ]
  },
  "2-normalized": {
    "2-1-basic-num": {
      "caption": "measured fer for zf and ml detection and the impact of noise whitening ( denoted by comp . ) . the dashed lines show the corresponding simulation results based on the tx-noise model .",
      "sentence": [
        "measured fer for zf and ml detection and the impact of noise whitening ( denoted by comp . )",
        ".",
        "the dashed lines show the corresponding simulation results based on the tx-noise model ."
      ],
      "token": [
        "measured",
        "fer",
        "for",
        "zf",
        "and",
        "ml",
        "detection",
        "and",
        "the",
        "impact",
        "of",
        "noise",
        "whitening",
        "(",
        "denoted",
        "by",
        "comp",
        ".",
        ")",
        ".",
        "the",
        "dashed",
        "lines",
        "show",
        "the",
        "corresponding",
        "simulation",
        "results",
        "based",
        "on",
        "the",
        "tx-noise",
        "model",
        "."
      ]
    },
    "2-2-advanced-euqation-bracket": {
      "caption": "measured fer for zf and ml detection and the impact of noise whitening BRACKET-TK . the dashed lines show the corresponding simulation results based on the tx-noise model .",
      "sentence": [
        "measured fer for zf and ml detection and the impact of noise whitening BRACKET-TK .",
        "the dashed lines show the corresponding simulation results based on the tx-noise model ."
      ],
      "tokens": [
        "measured",
        "fer",
        "for",
        "zf",
        "and",
        "ml",
        "detection",
        "and",
        "the",
        "impact",
        "of",
        "noise",
        "whitening",
        "BRACKET-TK",
        ".",
        "the",
        "dashed",
        "lines",
        "show",
        "the",
        "corresponding",
        "simulation",
        "results",
        "based",
        "on",
        "the",
        "tx-noise",
        "model",
        "."
      ]
    }
  }
}