{
  "contains-subfigure": false,
  "Img-text": [],
  "paper-ID": "1002.2403v1",
  "figure-ID": "1002.2403v1-Figure4-1.png",
  "figure-type": "Graph Plot",
  "0-originally-extracted": "Figure 4. Throughput of TCP Reno without loss (0 % noise)",
  "1-lowercase-and-token-and-remove-figure-index": {
    "caption": "throughput of tcp reno without loss ( 0 % noise ) .",
    "sentence": [
      "throughput of tcp reno without loss ( 0 % noise ) ."
    ],
    "token": [
      "throughput",
      "of",
      "tcp",
      "reno",
      "without",
      "loss",
      "(",
      "0",
      "%",
      "noise",
      ")",
      "."
    ]
  },
  "2-normalized": {
    "2-1-basic-num": {
      "caption": "throughput of tcp reno without loss ( NUM-TK noise ) .",
      "sentence": [
        "throughput of tcp reno without loss ( NUM-TK noise ) ."
      ],
      "token": [
        "throughput",
        "of",
        "tcp",
        "reno",
        "without",
        "loss",
        "(",
        "NUM-TK",
        "noise",
        ")",
        "."
      ]
    },
    "2-2-advanced-euqation-bracket": {
      "caption": "throughput of tcp reno without loss BRACKET-TK .",
      "sentence": [
        "throughput of tcp reno without loss BRACKET-TK ."
      ],
      "tokens": [
        "throughput",
        "of",
        "tcp",
        "reno",
        "without",
        "loss",
        "BRACKET-TK",
        "."
      ]
    }
  }
}