{
  "contains-subfigure": false,
  "Img-text": [
    "N",
    ")",
    "/P",
    "+",
    "C",
    "(P",
    "0",
    "C(P/N)",
    "C(P/P+N)",
    "k",
    "2",
    "L",
    "in",
    "Link",
    "1",
    "/N",
    ")",
    "C",
    "(P"
  ],
  "paper-ID": "1002.2813v2",
  "figure-ID": "1002.2813v2-Figure2-1.png",
  "figure-type": "Graph Plot",
  "0-originally-extracted": "Fig. 2. Information-theoretic Capacity Region",
  "1-lowercase-and-token-and-remove-figure-index": {
    "caption": "information-theoretic capacity region .",
    "sentence": [
      "information-theoretic capacity region ."
    ],
    "token": [
      "information-theoretic",
      "capacity",
      "region",
      "."
    ]
  },
  "2-normalized": {
    "2-1-basic-num": {
      "caption": "information-theoretic capacity region .",
      "sentence": [
        "information-theoretic capacity region ."
      ],
      "token": [
        "information-theoretic",
        "capacity",
        "region",
        "."
      ]
    },
    "2-2-advanced-euqation-bracket": {
      "caption": "information-theoretic capacity region .",
      "sentence": [
        "information-theoretic capacity region ."
      ],
      "tokens": [
        "information-theoretic",
        "capacity",
        "region",
        "."
      ]
    }
  }
}