{
  "contains-subfigure": false,
  "Img-text": [
    "Switching",
    "point",
    "between",
    "2x2",
    "STBC",
    "and",
    "2x2",
    "SM",
    "SISO",
    "2x2",
    "STBC",
    "2x2",
    "SM",
    ")",
    "bi",
    "t/s",
    "ut",
    "(M",
    "ug",
    "hp",
    "Th",
    "ro",
    "SNR",
    "(dB)",
    "40",
    "35",
    "30",
    "25",
    "20",
    "15",
    "10",
    "5",
    "0",
    "5",
    "10",
    "15",
    "20",
    "25",
    "30",
    "35",
    "0"
  ],
  "paper-ID": "1002.1954v1",
  "figure-ID": "1002.1954v1-Figure7-1.png",
  "figure-type": "Graph Plot",
  "0-originally-extracted": "Figure 7. Adaptive Modulation and Coding (AMC) and switching point between STBC 2x2 and SM 2x2.",
  "1-lowercase-and-token-and-remove-figure-index": {
    "caption": "adaptive modulation and coding ( amc ) and switching point between stbc 2x2 and sm 2x2 .",
    "sentence": [
      "adaptive modulation and coding ( amc ) and switching point between stbc 2x2 and sm 2x2 ."
    ],
    "token": [
      "adaptive",
      "modulation",
      "and",
      "coding",
      "(",
      "amc",
      ")",
      "and",
      "switching",
      "point",
      "between",
      "stbc",
      "2x2",
      "and",
      "sm",
      "2x2",
      "."
    ]
  },
  "2-normalized": {
    "2-1-basic-num": {
      "caption": "adaptive modulation and coding ( amc ) and switching point between stbc NUM-TK and sm NUM-TK .",
      "sentence": [
        "adaptive modulation and coding ( amc ) and switching point between stbc NUM-TK and sm NUM-TK ."
      ],
      "token": [
        "adaptive",
        "modulation",
        "and",
        "coding",
        "(",
        "amc",
        ")",
        "and",
        "switching",
        "point",
        "between",
        "stbc",
        "NUM-TK",
        "and",
        "sm",
        "NUM-TK",
        "."
      ]
    },
    "2-2-advanced-euqation-bracket": {
      "caption": "adaptive modulation and coding BRACKET-TK and switching point between stbc NUM and sm NUM .",
      "sentence": [
        "adaptive modulation and coding BRACKET-TK and switching point between stbc NUM and sm NUM ."
      ],
      "tokens": [
        "adaptive",
        "modulation",
        "and",
        "coding",
        "BRACKET-TK",
        "and",
        "switching",
        "point",
        "between",
        "stbc",
        "NUM",
        "and",
        "sm",
        "NUM",
        "."
      ]
    }
  }
}