{
  "contains-subfigure": false,
  "Img-text": [
    "fraction",
    "of",
    "scientists",
    "tio",
    "n",
    "ri",
    "bu",
    "di",
    "st",
    "de",
    "x",
    "h",
    "-in",
    "at",
    "ed",
    "m",
    "ul",
    "cu",
    "0.8",
    "1.0",
    "Indentity",
    "CAISE",
    "HSDM",
    "ECDL",
    "EASE",
    "DOC-ENG",
    "SEKE",
    "CIKM",
    "0.6",
    "0.4",
    "0.2",
    "0.0",
    "0.2",
    "0.4",
    "0.6",
    "0.8",
    "1.0",
    "0.0"
  ],
  "paper-ID": "1002.1060v1",
  "figure-ID": "1002.1060v1-Figure5-1.png",
  "figure-type": "Graph Plot",
  "0-originally-extracted": "Figure 5 - Lorenz Curves of 7 studied conferences in this work.",
  "1-lowercase-and-token-and-remove-figure-index": {
    "caption": "- lorenz curves of 7 studied conferences in this work .",
    "sentence": [
      "- lorenz curves of 7 studied conferences in this work ."
    ],
    "token": [
      "-",
      "lorenz",
      "curves",
      "of",
      "7",
      "studied",
      "conferences",
      "in",
      "this",
      "work",
      "."
    ]
  },
  "2-normalized": {
    "2-1-basic-num": {
      "caption": "- lorenz curves of NUM-TK studied conferences in this work .",
      "sentence": [
        "- lorenz curves of NUM-TK studied conferences in this work ."
      ],
      "token": [
        "-",
        "lorenz",
        "curves",
        "of",
        "NUM-TK",
        "studied",
        "conferences",
        "in",
        "this",
        "work",
        "."
      ]
    },
    "2-2-advanced-euqation-bracket": {
      "caption": "- lorenz curves of NUM studied conferences in this work .",
      "sentence": [
        "- lorenz curves of NUM studied conferences in this work ."
      ],
      "tokens": [
        "-",
        "lorenz",
        "curves",
        "of",
        "NUM",
        "studied",
        "conferences",
        "in",
        "this",
        "work",
        "."
      ]
    }
  }
}