{
  "contains-subfigure": false,
  "Img-text": [
    "perfect",
    "CSI",
    "bound",
    "joint",
    "CE-MUDD",
    "one-shot",
    "CE-MUDD",
    "optimum",
    "separated",
    "LMMSE",
    "\u03c4/Tc",
    "p)",
    "/c",
    "hi",
    "bi",
    "ts",
    "cy",
    "(",
    "ci",
    "en",
    "l",
    "E",
    "ffi",
    "ct",
    "ra",
    "S",
    "pe",
    "0",
    "0.1",
    "0.2",
    "0.3",
    "0.4",
    "0.5",
    "0.6",
    "0.7",
    "0.8",
    "0.9",
    "1",
    "5.5",
    "5",
    "4.5",
    "4",
    "3.5",
    "3",
    "2.5",
    "2",
    "1.5",
    "1",
    "0.5",
    "0"
  ],
  "paper-ID": "1002.4470v2",
  "figure-ID": "1002.4470v2-Figure8-1.png",
  "figure-type": "Graph Plot",
  "0-originally-extracted": "Fig. 8. Spectral efficiency versus\u03c4/Tc in the large-system limit. The pluses connected by straightlines display the spectral efficiency of the joint CE-MUDD. The dashed lines, the solid lines, and thedotted lines represent the spectral efficiencies of the one-shot CE-MUDD, the optimum separated receiver, and the LMMSE receiver, respectively. The fine dotted straight lines shows an upper bound ofthe constrained capacity (5) based on the optimal receiver with perfect CSI.The widely-spaced dotted lines denotes solutions for the optimum separated receivers which are not selected by the criterion (39).\u03b2 = 2.75, P/N0 = 15 dB, M = N = 1, andTc = 20.",
  "1-lowercase-and-token-and-remove-figure-index": {
    "caption": "spectral efficiency versus\u03c4/tc in the large-system limit . the pluses connected by straightlines display the spectral efficiency of the joint ce-mudd . the dashed lines , the solid lines , and thedotted lines represent the spectral efficiencies of the one-shot ce-mudd , the optimum separated receiver , and the lmmse receiver , respectively . the fine dotted straight lines shows an upper bound ofthe constrained capacity ( 5 ) based on the optimal receiver with perfect csi.the widely-spaced dotted lines denotes solutions for the optimum separated receivers which are not selected by the criterion ( 39 ) .\u03b2 = 2.75 , p/n0 = 15 db , m = n = 1 , andtc = 20 .",
    "sentence": [
      "spectral efficiency versus\u03c4/tc in the large-system limit .",
      "the pluses connected by straightlines display the spectral efficiency of the joint ce-mudd .",
      "the dashed lines , the solid lines , and thedotted lines represent the spectral efficiencies of the one-shot ce-mudd , the optimum separated receiver , and the lmmse receiver , respectively .",
      "the fine dotted straight lines shows an upper bound ofthe constrained capacity ( 5 ) based on the optimal receiver with perfect csi.the widely-spaced dotted lines denotes solutions for the optimum separated receivers which are not selected by the criterion ( 39 ) .\u03b2 = 2.75 , p/n0 = 15 db , m = n = 1 , andtc = 20 ."
    ],
    "token": [
      "spectral",
      "efficiency",
      "versus\u03c4/tc",
      "in",
      "the",
      "large-system",
      "limit",
      ".",
      "the",
      "pluses",
      "connected",
      "by",
      "straightlines",
      "display",
      "the",
      "spectral",
      "efficiency",
      "of",
      "the",
      "joint",
      "ce-mudd",
      ".",
      "the",
      "dashed",
      "lines",
      ",",
      "the",
      "solid",
      "lines",
      ",",
      "and",
      "thedotted",
      "lines",
      "represent",
      "the",
      "spectral",
      "efficiencies",
      "of",
      "the",
      "one-shot",
      "ce-mudd",
      ",",
      "the",
      "optimum",
      "separated",
      "receiver",
      ",",
      "and",
      "the",
      "lmmse",
      "receiver",
      ",",
      "respectively",
      ".",
      "the",
      "fine",
      "dotted",
      "straight",
      "lines",
      "shows",
      "an",
      "upper",
      "bound",
      "ofthe",
      "constrained",
      "capacity",
      "(",
      "5",
      ")",
      "based",
      "on",
      "the",
      "optimal",
      "receiver",
      "with",
      "perfect",
      "csi.the",
      "widely-spaced",
      "dotted",
      "lines",
      "denotes",
      "solutions",
      "for",
      "the",
      "optimum",
      "separated",
      "receivers",
      "which",
      "are",
      "not",
      "selected",
      "by",
      "the",
      "criterion",
      "(",
      "39",
      ")",
      ".\u03b2",
      "=",
      "2.75",
      ",",
      "p/n0",
      "=",
      "15",
      "db",
      ",",
      "m",
      "=",
      "n",
      "=",
      "1",
      ",",
      "andtc",
      "=",
      "20",
      "."
    ]
  },
  "2-normalized": {
    "2-1-basic-num": {
      "caption": "spectral efficiency versus\u03c4/tc in the large-system limit . the pluses connected by straightlines display the spectral efficiency of the joint ce-mudd . the dashed lines , the solid lines , and thedotted lines represent the spectral efficiencies of the one-shot ce-mudd , the optimum separated receiver , and the lmmse receiver , respectively . the fine dotted straight lines shows an upper bound ofthe constrained capacity ( NUM-TK ) based on the optimal receiver with perfect csi.the widely-spaced dotted lines denotes solutions for the optimum separated receivers which are not selected by the criterion ( NUM-TK ) .\u03b2 = NUM-TK , p/n0 = NUM-TK db , m = n = NUM-TK , andtc = NUM-TK .",
      "sentence": [
        "spectral efficiency versus\u03c4/tc in the large-system limit .",
        "the pluses connected by straightlines display the spectral efficiency of the joint ce-mudd .",
        "the dashed lines , the solid lines , and thedotted lines represent the spectral efficiencies of the one-shot ce-mudd , the optimum separated receiver , and the lmmse receiver , respectively .",
        "the fine dotted straight lines shows an upper bound ofthe constrained capacity ( NUM-TK ) based on the optimal receiver with perfect csi.the widely-spaced dotted lines denotes solutions for the optimum separated receivers which are not selected by the criterion ( NUM-TK ) .\u03b2 = NUM-TK , p/n0 = NUM-TK db , m = n = NUM-TK , andtc = NUM-TK ."
      ],
      "token": [
        "spectral",
        "efficiency",
        "versus\u03c4/tc",
        "in",
        "the",
        "large-system",
        "limit",
        ".",
        "the",
        "pluses",
        "connected",
        "by",
        "straightlines",
        "display",
        "the",
        "spectral",
        "efficiency",
        "of",
        "the",
        "joint",
        "ce-mudd",
        ".",
        "the",
        "dashed",
        "lines",
        ",",
        "the",
        "solid",
        "lines",
        ",",
        "and",
        "thedotted",
        "lines",
        "represent",
        "the",
        "spectral",
        "efficiencies",
        "of",
        "the",
        "one-shot",
        "ce-mudd",
        ",",
        "the",
        "optimum",
        "separated",
        "receiver",
        ",",
        "and",
        "the",
        "lmmse",
        "receiver",
        ",",
        "respectively",
        ".",
        "the",
        "fine",
        "dotted",
        "straight",
        "lines",
        "shows",
        "an",
        "upper",
        "bound",
        "ofthe",
        "constrained",
        "capacity",
        "(",
        "NUM-TK",
        ")",
        "based",
        "on",
        "the",
        "optimal",
        "receiver",
        "with",
        "perfect",
        "csi.the",
        "widely-spaced",
        "dotted",
        "lines",
        "denotes",
        "solutions",
        "for",
        "the",
        "optimum",
        "separated",
        "receivers",
        "which",
        "are",
        "not",
        "selected",
        "by",
        "the",
        "criterion",
        "(",
        "NUM-TK",
        ")",
        ".\u03b2",
        "=",
        "NUM-TK",
        ",",
        "p/n0",
        "=",
        "NUM-TK",
        "db",
        ",",
        "m",
        "=",
        "n",
        "=",
        "NUM-TK",
        ",",
        "andtc",
        "=",
        "NUM-TK",
        "."
      ]
    },
    "2-2-advanced-euqation-bracket": {
      "caption": "spectral efficiency versus\u03c4/tc in the large-system limit . the pluses connected by straightlines display the spectral efficiency of the joint ce-mudd . the dashed lines , the solid lines , and thedotted lines represent the spectral efficiencies of the one-shot ce-mudd , the optimum separated receiver , and the lmmse receiver , respectively . the fine dotted straight lines shows an upper bound ofthe constrained capacity BRACKET-TK based on the optimal receiver with perfect csi.the widely-spaced dotted lines denotes solutions for the optimum separated receivers which are not selected by the criterion BRACKET-TK .\u03b2 = NUM , p/n0 = NUM db , m = EQUAT-TK , EQUAT-TK .",
      "sentence": [
        "spectral efficiency versus\u03c4/tc in the large-system limit .",
        "the pluses connected by straightlines display the spectral efficiency of the joint ce-mudd .",
        "the dashed lines , the solid lines , and thedotted lines represent the spectral efficiencies of the one-shot ce-mudd , the optimum separated receiver , and the lmmse receiver , respectively .",
        "the fine dotted straight lines shows an upper bound ofthe constrained capacity BRACKET-TK based on the optimal receiver with perfect csi.the widely-spaced dotted lines denotes solutions for the optimum separated receivers which are not selected by the criterion BRACKET-TK .\u03b2 = NUM , p/n0 = NUM db , m = EQUAT-TK , EQUAT-TK ."
      ],
      "tokens": [
        "spectral",
        "efficiency",
        "versus\u03c4/tc",
        "in",
        "the",
        "large-system",
        "limit",
        ".",
        "the",
        "pluses",
        "connected",
        "by",
        "straightlines",
        "display",
        "the",
        "spectral",
        "efficiency",
        "of",
        "the",
        "joint",
        "ce-mudd",
        ".",
        "the",
        "dashed",
        "lines",
        ",",
        "the",
        "solid",
        "lines",
        ",",
        "and",
        "thedotted",
        "lines",
        "represent",
        "the",
        "spectral",
        "efficiencies",
        "of",
        "the",
        "one-shot",
        "ce-mudd",
        ",",
        "the",
        "optimum",
        "separated",
        "receiver",
        ",",
        "and",
        "the",
        "lmmse",
        "receiver",
        ",",
        "respectively",
        ".",
        "the",
        "fine",
        "dotted",
        "straight",
        "lines",
        "shows",
        "an",
        "upper",
        "bound",
        "ofthe",
        "constrained",
        "capacity",
        "BRACKET-TK",
        "based",
        "on",
        "the",
        "optimal",
        "receiver",
        "with",
        "perfect",
        "csi.the",
        "widely-spaced",
        "dotted",
        "lines",
        "denotes",
        "solutions",
        "for",
        "the",
        "optimum",
        "separated",
        "receivers",
        "which",
        "are",
        "not",
        "selected",
        "by",
        "the",
        "criterion",
        "BRACKET-TK",
        ".\u03b2",
        "=",
        "NUM",
        ",",
        "p/n0",
        "=",
        "NUM",
        "db",
        ",",
        "m",
        "=",
        "EQUAT-TK",
        ",",
        "EQUAT-TK",
        "."
      ]
    }
  }
}