{
  "contains-subfigure": false,
  "Img-text": [
    "ity",
    "pl",
    "ex",
    "C",
    "om",
    "tio",
    "n",
    "pu",
    "ta",
    "C",
    "om",
    "1",
    "2",
    "3",
    "4",
    "5",
    "6",
    "7",
    "8",
    "9",
    "10",
    "11",
    "12",
    "13",
    "14",
    "15",
    "k",
    "100",
    "150",
    "200",
    "250",
    "0",
    "50"
  ],
  "paper-ID": "1002.4000v1",
  "figure-ID": "1002.4000v1-Figure4-1.png",
  "figure-type": "Graph Plot",
  "0-originally-extracted": "Fig. 4. Computation and Computation Complexity as a function of no. of parties",
  "1-lowercase-and-token-and-remove-figure-index": {
    "caption": "computation and computation complexity as a function of no . of parties .",
    "sentence": [
      "computation and computation complexity as a function of no .",
      "of parties ."
    ],
    "token": [
      "computation",
      "and",
      "computation",
      "complexity",
      "as",
      "a",
      "function",
      "of",
      "no",
      ".",
      "of",
      "parties",
      "."
    ]
  },
  "2-normalized": {
    "2-1-basic-num": {
      "caption": "computation and computation complexity as a function of no . of parties .",
      "sentence": [
        "computation and computation complexity as a function of no .",
        "of parties ."
      ],
      "token": [
        "computation",
        "and",
        "computation",
        "complexity",
        "as",
        "a",
        "function",
        "of",
        "no",
        ".",
        "of",
        "parties",
        "."
      ]
    },
    "2-2-advanced-euqation-bracket": {
      "caption": "computation and computation complexity as a function of no . of parties .",
      "sentence": [
        "computation and computation complexity as a function of no .",
        "of parties ."
      ],
      "tokens": [
        "computation",
        "and",
        "computation",
        "complexity",
        "as",
        "a",
        "function",
        "of",
        "no",
        ".",
        "of",
        "parties",
        "."
      ]
    }
  }
}