{
  "contains-subfigure": false,
  "Img-text": [
    "Test",
    "On",
    "ORL",
    "Face",
    "DB",
    "Test",
    "On",
    "IITK",
    "Face",
    "DB",
    "Test",
    "On",
    "Yale",
    "Face",
    "DB",
    "ROC",
    "Curves",
    "Determined",
    "from",
    "Fusion",
    "Approach",
    "--",
    "->",
    "at",
    "e",
    "on",
    "R",
    "ec",
    "ti",
    "R",
    "ej",
    "al",
    "se",
    "-",
    "F",
    "<",
    "--",
    "<---",
    "False",
    "Acceptance",
    "Rate",
    "--->",
    "80",
    "70",
    "60",
    "50",
    "40",
    "30",
    "20",
    "10",
    "0",
    "10",
    "2",
    "10",
    "1",
    "10",
    "0"
  ],
  "paper-ID": "1002.0382v1",
  "figure-ID": "1002.0382v1-Figure6-1.png",
  "figure-type": "Graph Plot",
  "0-originally-extracted": "Figure 6: ROC curves determined from three face databases: IITK, ORL and Yale face databases.",
  "1-lowercase-and-token-and-remove-figure-index": {
    "caption": "roc curves determined from three face databases : iitk , orl and yale face databases .",
    "sentence": [
      "roc curves determined from three face databases : iitk , orl and yale face databases ."
    ],
    "token": [
      "roc",
      "curves",
      "determined",
      "from",
      "three",
      "face",
      "databases",
      ":",
      "iitk",
      ",",
      "orl",
      "and",
      "yale",
      "face",
      "databases",
      "."
    ]
  },
  "2-normalized": {
    "2-1-basic-num": {
      "caption": "roc curves determined from NUM-TK face databases : iitk , orl and yale face databases .",
      "sentence": [
        "roc curves determined from NUM-TK face databases : iitk , orl and yale face databases ."
      ],
      "token": [
        "roc",
        "curves",
        "determined",
        "from",
        "NUM-TK",
        "face",
        "databases",
        ":",
        "iitk",
        ",",
        "orl",
        "and",
        "yale",
        "face",
        "databases",
        "."
      ]
    },
    "2-2-advanced-euqation-bracket": {
      "caption": "roc curves determined from NUM face databases : iitk , orl and yale face databases .",
      "sentence": [
        "roc curves determined from NUM face databases : iitk , orl and yale face databases ."
      ],
      "tokens": [
        "roc",
        "curves",
        "determined",
        "from",
        "NUM",
        "face",
        "databases",
        ":",
        "iitk",
        ",",
        "orl",
        "and",
        "yale",
        "face",
        "databases",
        "."
      ]
    }
  }
}