{
  "contains-subfigure": false,
  "Img-text": [],
  "paper-ID": "1002.1881v1",
  "figure-ID": "1002.1881v1-Figure17-1.png",
  "figure-type": "Graph Plot",
  "0-originally-extracted": "Fig 17 The Device Utilization Summary on Altera Stratix II for Version 2.",
  "1-lowercase-and-token-and-remove-figure-index": {
    "caption": "the device utilization summary on altera stratix ii for version 2 .",
    "sentence": [
      "the device utilization summary on altera stratix ii for version 2 ."
    ],
    "token": [
      "the",
      "device",
      "utilization",
      "summary",
      "on",
      "altera",
      "stratix",
      "ii",
      "for",
      "version",
      "2",
      "."
    ]
  },
  "2-normalized": {
    "2-1-basic-num": {
      "caption": "the device utilization summary on altera stratix ii for version NUM-TK .",
      "sentence": [
        "the device utilization summary on altera stratix ii for version NUM-TK ."
      ],
      "token": [
        "the",
        "device",
        "utilization",
        "summary",
        "on",
        "altera",
        "stratix",
        "ii",
        "for",
        "version",
        "NUM-TK",
        "."
      ]
    },
    "2-2-advanced-euqation-bracket": {
      "caption": "the device utilization summary on altera stratix ii for version NUM .",
      "sentence": [
        "the device utilization summary on altera stratix ii for version NUM ."
      ],
      "tokens": [
        "the",
        "device",
        "utilization",
        "summary",
        "on",
        "altera",
        "stratix",
        "ii",
        "for",
        "version",
        "NUM",
        "."
      ]
    }
  }
}