{
  "contains-subfigure": false,
  "Img-text": [
    "constant",
    "power",
    "allocation,",
    "T=ln(M)/\u03bb",
    "optimal",
    "power",
    "allocation,",
    "optimal",
    "T",
    "]",
    "E",
    "[D",
    "M",
    "0.71",
    "0.705",
    "0.7",
    "0.695",
    "0.69",
    "0.685",
    "0.68",
    "0.675",
    "0.67",
    "10",
    "4",
    "10",
    "3",
    "10",
    "2",
    "10",
    "1",
    "10",
    "0"
  ],
  "paper-ID": "1002.4473v1",
  "figure-ID": "1002.4473v1-Figure10-1.png",
  "figure-type": "Graph Plot",
  "0-originally-extracted": "Fig. 10. Constant power allocation and simple thresholdingvs optimal power allocation and optimal thresholding",
  "1-lowercase-and-token-and-remove-figure-index": {
    "caption": "constant power allocation and simple thresholdingvs optimal power allocation and optimal thresholding .",
    "sentence": [
      "constant power allocation and simple thresholdingvs optimal power allocation and optimal thresholding ."
    ],
    "token": [
      "constant",
      "power",
      "allocation",
      "and",
      "simple",
      "thresholdingvs",
      "optimal",
      "power",
      "allocation",
      "and",
      "optimal",
      "thresholding",
      "."
    ]
  },
  "2-normalized": {
    "2-1-basic-num": {
      "caption": "constant power allocation and simple thresholdingvs optimal power allocation and optimal thresholding .",
      "sentence": [
        "constant power allocation and simple thresholdingvs optimal power allocation and optimal thresholding ."
      ],
      "token": [
        "constant",
        "power",
        "allocation",
        "and",
        "simple",
        "thresholdingvs",
        "optimal",
        "power",
        "allocation",
        "and",
        "optimal",
        "thresholding",
        "."
      ]
    },
    "2-2-advanced-euqation-bracket": {
      "caption": "constant power allocation and simple thresholdingvs optimal power allocation and optimal thresholding .",
      "sentence": [
        "constant power allocation and simple thresholdingvs optimal power allocation and optimal thresholding ."
      ],
      "tokens": [
        "constant",
        "power",
        "allocation",
        "and",
        "simple",
        "thresholdingvs",
        "optimal",
        "power",
        "allocation",
        "and",
        "optimal",
        "thresholding",
        "."
      ]
    }
  }
}