{
  "contains-subfigure": false,
  "Img-text": [
    "Data",
    "densities",
    "Load",
    "Large",
    "Peptide",
    "Small",
    "Peptide",
    "Chromatograms",
    "Spectra",
    "se",
    "c)",
    "e",
    "(",
    "Ti",
    "m",
    "2.5%",
    "4.1%",
    "8.3%",
    "16.0%",
    "28.0%",
    "2.0",
    "1.8",
    "1.6",
    "1.4",
    "1.2",
    "1.0",
    "0.8",
    "0.6",
    "0.4",
    "0.2",
    "0.0",
    "PLEASE",
    "PRINT",
    "AT",
    "9",
    "CM",
    "WIDTH",
    "Tlett",
    "5",
    "Da",
    "Tlett",
    "60rtx5daTlett",
    "20Rt",
    "T200Rtx5Da",
    "T",
    "Load",
    "2.5%",
    "0.20",
    "0.01",
    "0.71",
    "0.02",
    "0.004",
    "4.1%",
    "0.24",
    "0.01",
    "0.88",
    "0.02",
    "0.01",
    "8.3%",
    "0.39",
    "0.01",
    "1.16",
    "0.02",
    "0.01",
    "16%",
    "0.50",
    "0.02",
    "1.45",
    "0.06",
    "0.03",
    "28%",
    "0.67",
    "0.03",
    "1.99",
    "0.08",
    "0.03"
  ],
  "paper-ID": "1002.3724v2",
  "figure-ID": "1002.3724v2-Figure7-1.png",
  "figure-type": "Graph Plot",
  "0-originally-extracted": "Figure 7: Access & Load Times On Simulated Data. Evaluation of mzRTree scalability on increasing dataset densities as regards the load time and access times on different kind of range queries.",
  "1-lowercase-and-token-and-remove-figure-index": {
    "caption": "access & load times on simulated data . evaluation of mzrtree scalability on increasing dataset densities as regards the load time and access times on different kind of range queries .",
    "sentence": [
      "access & load times on simulated data .",
      "evaluation of mzrtree scalability on increasing dataset densities as regards the load time and access times on different kind of range queries ."
    ],
    "token": [
      "access",
      "&",
      "load",
      "times",
      "on",
      "simulated",
      "data",
      ".",
      "evaluation",
      "of",
      "mzrtree",
      "scalability",
      "on",
      "increasing",
      "dataset",
      "densities",
      "as",
      "regards",
      "the",
      "load",
      "time",
      "and",
      "access",
      "times",
      "on",
      "different",
      "kind",
      "of",
      "range",
      "queries",
      "."
    ]
  },
  "2-normalized": {
    "2-1-basic-num": {
      "caption": "access & load times on simulated data . evaluation of mzrtree scalability on increasing dataset densities as regards the load time and access times on different kind of range queries .",
      "sentence": [
        "access & load times on simulated data .",
        "evaluation of mzrtree scalability on increasing dataset densities as regards the load time and access times on different kind of range queries ."
      ],
      "token": [
        "access",
        "&",
        "load",
        "times",
        "on",
        "simulated",
        "data",
        ".",
        "evaluation",
        "of",
        "mzrtree",
        "scalability",
        "on",
        "increasing",
        "dataset",
        "densities",
        "as",
        "regards",
        "the",
        "load",
        "time",
        "and",
        "access",
        "times",
        "on",
        "different",
        "kind",
        "of",
        "range",
        "queries",
        "."
      ]
    },
    "2-2-advanced-euqation-bracket": {
      "caption": "access & load times on simulated data . evaluation of mzrtree scalability on increasing dataset densities as regards the load time and access times on different kind of range queries .",
      "sentence": [
        "access & load times on simulated data .",
        "evaluation of mzrtree scalability on increasing dataset densities as regards the load time and access times on different kind of range queries ."
      ],
      "tokens": [
        "access",
        "&",
        "load",
        "times",
        "on",
        "simulated",
        "data",
        ".",
        "evaluation",
        "of",
        "mzrtree",
        "scalability",
        "on",
        "increasing",
        "dataset",
        "densities",
        "as",
        "regards",
        "the",
        "load",
        "time",
        "and",
        "access",
        "times",
        "on",
        "different",
        "kind",
        "of",
        "range",
        "queries",
        "."
      ]
    }
  }
}