{
  "contains-subfigure": false,
  "Img-text": [
    "\u00a0",
    "Approximation",
    "Error",
    "Detail",
    "Error",
    "db",
    ")",
    "r(i",
    "n",
    "E",
    "rro",
    "Time",
    "Period",
    "-80",
    "Error",
    "Signal",
    "-100",
    "-120",
    "-140",
    "-160",
    "-180",
    "-200",
    "0",
    "10",
    "20",
    "30",
    "40",
    "50",
    "60",
    "70",
    "80",
    "90",
    "100",
    "-220"
  ],
  "paper-ID": "1002.2184v1",
  "figure-ID": "1002.2184v1-Figure11-1.png",
  "figure-type": "Graph Plot",
  "0-originally-extracted": "Fig. 11 Results of Error rate compared to existing and Proposed Fast Haar wavelet Transform",
  "1-lowercase-and-token-and-remove-figure-index": {
    "caption": "results of error rate compared to existing and proposed fast haar wavelet transform .",
    "sentence": [
      "results of error rate compared to existing and proposed fast haar wavelet transform ."
    ],
    "token": [
      "results",
      "of",
      "error",
      "rate",
      "compared",
      "to",
      "existing",
      "and",
      "proposed",
      "fast",
      "haar",
      "wavelet",
      "transform",
      "."
    ]
  },
  "2-normalized": {
    "2-1-basic-num": {
      "caption": "results of error rate compared to existing and proposed fast haar wavelet transform .",
      "sentence": [
        "results of error rate compared to existing and proposed fast haar wavelet transform ."
      ],
      "token": [
        "results",
        "of",
        "error",
        "rate",
        "compared",
        "to",
        "existing",
        "and",
        "proposed",
        "fast",
        "haar",
        "wavelet",
        "transform",
        "."
      ]
    },
    "2-2-advanced-euqation-bracket": {
      "caption": "results of error rate compared to existing and proposed fast haar wavelet transform .",
      "sentence": [
        "results of error rate compared to existing and proposed fast haar wavelet transform ."
      ],
      "tokens": [
        "results",
        "of",
        "error",
        "rate",
        "compared",
        "to",
        "existing",
        "and",
        "proposed",
        "fast",
        "haar",
        "wavelet",
        "transform",
        "."
      ]
    }
  }
}