{
  "contains-subfigure": false,
  "Img-text": [
    "\u03b5",
    "i-O",
    "I|>",
    "ith",
    "|\u03b8",
    "s",
    "w",
    "du",
    "al",
    "di",
    "vi",
    "f",
    "in",
    "%",
    "o",
    "1",
    "0.8",
    "0.6",
    "0.4",
    "0.2",
    "0",
    "0",
    "0.1",
    "0.2",
    "0.3",
    "0.4",
    "\u03b5"
  ],
  "paper-ID": "1002.1896v2",
  "figure-ID": "1002.1896v2-Figure5-1.png",
  "figure-type": "Graph Plot",
  "0-originally-extracted": "Figure 5: Percentage of individuals susceptible to change group.",
  "1-lowercase-and-token-and-remove-figure-index": {
    "caption": "percentage of individuals susceptible to change group .",
    "sentence": [
      "percentage of individuals susceptible to change group ."
    ],
    "token": [
      "percentage",
      "of",
      "individuals",
      "susceptible",
      "to",
      "change",
      "group",
      "."
    ]
  },
  "2-normalized": {
    "2-1-basic-num": {
      "caption": "percentage of individuals susceptible to change group .",
      "sentence": [
        "percentage of individuals susceptible to change group ."
      ],
      "token": [
        "percentage",
        "of",
        "individuals",
        "susceptible",
        "to",
        "change",
        "group",
        "."
      ]
    },
    "2-2-advanced-euqation-bracket": {
      "caption": "percentage of individuals susceptible to change group .",
      "sentence": [
        "percentage of individuals susceptible to change group ."
      ],
      "tokens": [
        "percentage",
        "of",
        "individuals",
        "susceptible",
        "to",
        "change",
        "group",
        "."
      ]
    }
  }
}