{
  "contains-subfigure": false,
  "Img-text": [],
  "paper-ID": "1002.1176v1",
  "figure-ID": "1002.1176v1-Figure5-1.png",
  "figure-type": "Graph Plot",
  "0-originally-extracted": "Fig. 5 Result of a planar array synthesis with 8x16 rectangular microstrip",
  "1-lowercase-and-token-and-remove-figure-index": {
    "caption": "result of a planar array synthesis with 8x16 rectangular microstrip .",
    "sentence": [
      "result of a planar array synthesis with 8x16 rectangular microstrip ."
    ],
    "token": [
      "result",
      "of",
      "a",
      "planar",
      "array",
      "synthesis",
      "with",
      "8x16",
      "rectangular",
      "microstrip",
      "."
    ]
  },
  "2-normalized": {
    "2-1-basic-num": {
      "caption": "result of a planar array synthesis with NUM-TK rectangular microstrip .",
      "sentence": [
        "result of a planar array synthesis with NUM-TK rectangular microstrip ."
      ],
      "token": [
        "result",
        "of",
        "a",
        "planar",
        "array",
        "synthesis",
        "with",
        "NUM-TK",
        "rectangular",
        "microstrip",
        "."
      ]
    },
    "2-2-advanced-euqation-bracket": {
      "caption": "result of a planar array synthesis with NUM rectangular microstrip .",
      "sentence": [
        "result of a planar array synthesis with NUM rectangular microstrip ."
      ],
      "tokens": [
        "result",
        "of",
        "a",
        "planar",
        "array",
        "synthesis",
        "with",
        "NUM",
        "rectangular",
        "microstrip",
        "."
      ]
    }
  }
}