{
  "contains-subfigure": false,
  "Img-text": [
    "opt./pract.",
    "spc.",
    "DISrs",
    "CIFld",
    "DAS-Dbc",
    "DAS-Cqp",
    "Np",
    "=",
    "2",
    "d1",
    "=",
    "0.4,",
    "d2",
    "=",
    "0.2",
    "se",
    "]",
    "el",
    "u",
    "an",
    "n",
    "/c",
    "h",
    "[b",
    "its",
    "ra",
    "te",
    "su",
    "m",
    "qp",
    "qp",
    "qp",
    "qp",
    "qp",
    "qp",
    "qp",
    "bc",
    "bc",
    "bc",
    "bc",
    "bc",
    "bc",
    "bc",
    "bc",
    "bc",
    "bc",
    "bc",
    "bc",
    "ld",
    "ld",
    "ld",
    "ld",
    "ld",
    "ld",
    "ld",
    "rs",
    "rs",
    "rs",
    "rs",
    "rs",
    "rs",
    "rs",
    "rs",
    "rs",
    "rs",
    "rs",
    "rs",
    "rs",
    "rs",
    "0",
    "2",
    "4",
    "6",
    "8",
    "10",
    "12",
    "sum",
    "backhaul\u03b2",
    "[bits/channel",
    "use]",
    "7.6",
    "7.4",
    "7.2",
    "7.0",
    "6.8"
  ],
  "paper-ID": "1002.3356v1",
  "figure-ID": "1002.3356v1-Figure7-1.png",
  "figure-type": "Graph Plot",
  "0-originally-extracted": "Figure 7. Sum-rate as a function of backhaul for a channel of moderate, asymmetric interference.",
  "1-lowercase-and-token-and-remove-figure-index": {
    "caption": "sum-rate as a function of backhaul for a channel of moderate , asymmetric interference .",
    "sentence": [
      "sum-rate as a function of backhaul for a channel of moderate , asymmetric interference ."
    ],
    "token": [
      "sum-rate",
      "as",
      "a",
      "function",
      "of",
      "backhaul",
      "for",
      "a",
      "channel",
      "of",
      "moderate",
      ",",
      "asymmetric",
      "interference",
      "."
    ]
  },
  "2-normalized": {
    "2-1-basic-num": {
      "caption": "sum-rate as a function of backhaul for a channel of moderate , asymmetric interference .",
      "sentence": [
        "sum-rate as a function of backhaul for a channel of moderate , asymmetric interference ."
      ],
      "token": [
        "sum-rate",
        "as",
        "a",
        "function",
        "of",
        "backhaul",
        "for",
        "a",
        "channel",
        "of",
        "moderate",
        ",",
        "asymmetric",
        "interference",
        "."
      ]
    },
    "2-2-advanced-euqation-bracket": {
      "caption": "sum-rate as a function of backhaul for a channel of moderate , asymmetric interference .",
      "sentence": [
        "sum-rate as a function of backhaul for a channel of moderate , asymmetric interference ."
      ],
      "tokens": [
        "sum-rate",
        "as",
        "a",
        "function",
        "of",
        "backhaul",
        "for",
        "a",
        "channel",
        "of",
        "moderate",
        ",",
        "asymmetric",
        "interference",
        "."
      ]
    }
  }
}