{
  "contains-subfigure": false,
  "Img-text": [
    "io",
    "n",
    "to",
    "rt",
    "D",
    "is",
    "Descriptions",
    "received",
    "1",
    "1",
    "2",
    "3",
    "k",
    "\u2212",
    "1",
    "k",
    "k",
    "+",
    "1",
    "n"
  ],
  "paper-ID": "1002.2971v1",
  "figure-ID": "1002.2971v1-Figure2-1.png",
  "figure-type": "Graph Plot",
  "0-originally-extracted": "Fig. 2. The achievable distortion region for Dk = 0. The achievable distortion decreases linearly with the number of descriptions received up to k \u2212 1 descriptions, and drops abruptly to zero upon reception of k or more descriptions.",
  "1-lowercase-and-token-and-remove-figure-index": {
    "caption": "the achievable distortion region for dk = 0. the achievable distortion decreases linearly with the number of descriptions received up to k \u2212 1 descriptions , and drops abruptly to zero upon reception of k or more descriptions .",
    "sentence": [
      "the achievable distortion region for dk = 0. the achievable distortion decreases linearly with the number of descriptions received up to k \u2212 1 descriptions , and drops abruptly to zero upon reception of k or more descriptions ."
    ],
    "token": [
      "the",
      "achievable",
      "distortion",
      "region",
      "for",
      "dk",
      "=",
      "0.",
      "the",
      "achievable",
      "distortion",
      "decreases",
      "linearly",
      "with",
      "the",
      "number",
      "of",
      "descriptions",
      "received",
      "up",
      "to",
      "k",
      "\u2212",
      "1",
      "descriptions",
      ",",
      "and",
      "drops",
      "abruptly",
      "to",
      "zero",
      "upon",
      "reception",
      "of",
      "k",
      "or",
      "more",
      "descriptions",
      "."
    ]
  },
  "2-normalized": {
    "2-1-basic-num": {
      "caption": "the achievable distortion region for dk = NUM-TK the achievable distortion decreases linearly with the number of descriptions received up to k \u2212 NUM-TK descriptions , and drops abruptly to NUM-TK upon reception of k or more descriptions .",
      "sentence": [
        "the achievable distortion region for dk = NUM-TK the achievable distortion decreases linearly with the number of descriptions received up to k \u2212 NUM-TK descriptions , and drops abruptly to NUM-TK upon reception of k or more descriptions ."
      ],
      "token": [
        "the",
        "achievable",
        "distortion",
        "region",
        "for",
        "dk",
        "=",
        "NUM-TK",
        "the",
        "achievable",
        "distortion",
        "decreases",
        "linearly",
        "with",
        "the",
        "number",
        "of",
        "descriptions",
        "received",
        "up",
        "to",
        "k",
        "\u2212",
        "NUM-TK",
        "descriptions",
        ",",
        "and",
        "drops",
        "abruptly",
        "to",
        "NUM-TK",
        "upon",
        "reception",
        "of",
        "k",
        "or",
        "more",
        "descriptions",
        "."
      ]
    },
    "2-2-advanced-euqation-bracket": {
      "caption": "the achievable distortion region for EQUAT-TK the achievable distortion decreases linearly with the number of descriptions received up to k \u2212 NUM descriptions , and drops abruptly to NUM upon reception of k or more descriptions .",
      "sentence": [
        "the achievable distortion region for EQUAT-TK the achievable distortion decreases linearly with the number of descriptions received up to k \u2212 NUM descriptions , and drops abruptly to NUM upon reception of k or more descriptions ."
      ],
      "tokens": [
        "the",
        "achievable",
        "distortion",
        "region",
        "for",
        "EQUAT-TK",
        "the",
        "achievable",
        "distortion",
        "decreases",
        "linearly",
        "with",
        "the",
        "number",
        "of",
        "descriptions",
        "received",
        "up",
        "to",
        "k",
        "\u2212",
        "NUM",
        "descriptions",
        ",",
        "and",
        "drops",
        "abruptly",
        "to",
        "NUM",
        "upon",
        "reception",
        "of",
        "k",
        "or",
        "more",
        "descriptions",
        "."
      ]
    }
  }
}