{
  "contains-subfigure": false,
  "Img-text": [
    "STBC",
    "Selective\u2212ACE",
    "2",
    "antennas",
    "Selective\u2212ACE",
    "4",
    "antennas",
    "Sub\u2212ACE",
    "2",
    "antennas",
    "Sub\u2212ACE",
    "4",
    "antennas",
    "Number",
    "of",
    "Iterations",
    ")",
    "d",
    "B",
    "n",
    "(",
    "c",
    "ti",
    "o",
    "d",
    "u",
    "R",
    "e",
    "P",
    "R",
    "P",
    "A",
    "4",
    "3.5",
    "3",
    "2.5",
    "2",
    "1.5",
    "1",
    "0.5",
    "0",
    "1",
    "2",
    "3",
    "4",
    "5",
    "6",
    "7",
    "0"
  ],
  "paper-ID": "1002.1447v1",
  "figure-ID": "1002.1447v1-Figure11-1.png",
  "figure-type": "Graph Plot",
  "0-originally-extracted": "Fig. 11: The PAPR reduction versus the number of iterations for the STBC and the SFBC systems with two and four transmitter antennas.",
  "1-lowercase-and-token-and-remove-figure-index": {
    "caption": "the papr reduction versus the number of iterations for the stbc and the sfbc systems with two and four transmitter antennas .",
    "sentence": [
      "the papr reduction versus the number of iterations for the stbc and the sfbc systems with two and four transmitter antennas ."
    ],
    "token": [
      "the",
      "papr",
      "reduction",
      "versus",
      "the",
      "number",
      "of",
      "iterations",
      "for",
      "the",
      "stbc",
      "and",
      "the",
      "sfbc",
      "systems",
      "with",
      "two",
      "and",
      "four",
      "transmitter",
      "antennas",
      "."
    ]
  },
  "2-normalized": {
    "2-1-basic-num": {
      "caption": "the papr reduction versus the number of iterations for the stbc and the sfbc systems with NUM-TK and NUM-TK transmitter antennas .",
      "sentence": [
        "the papr reduction versus the number of iterations for the stbc and the sfbc systems with NUM-TK and NUM-TK transmitter antennas ."
      ],
      "token": [
        "the",
        "papr",
        "reduction",
        "versus",
        "the",
        "number",
        "of",
        "iterations",
        "for",
        "the",
        "stbc",
        "and",
        "the",
        "sfbc",
        "systems",
        "with",
        "NUM-TK",
        "and",
        "NUM-TK",
        "transmitter",
        "antennas",
        "."
      ]
    },
    "2-2-advanced-euqation-bracket": {
      "caption": "the papr reduction versus the number of iterations for the stbc and the sfbc systems with NUM and NUM transmitter antennas .",
      "sentence": [
        "the papr reduction versus the number of iterations for the stbc and the sfbc systems with NUM and NUM transmitter antennas ."
      ],
      "tokens": [
        "the",
        "papr",
        "reduction",
        "versus",
        "the",
        "number",
        "of",
        "iterations",
        "for",
        "the",
        "stbc",
        "and",
        "the",
        "sfbc",
        "systems",
        "with",
        "NUM",
        "and",
        "NUM",
        "transmitter",
        "antennas",
        "."
      ]
    }
  }
}