{
  "contains-subfigure": false,
  "Img-text": [
    "R2",
    "R",
    "R3",
    "1.8",
    "1.6",
    "1.4",
    "1.2",
    "SNR",
    "(dB)",
    "\u221220",
    "\u221210",
    "0",
    "10",
    "20",
    "30",
    "1"
  ],
  "paper-ID": "1002.0110v1",
  "figure-ID": "1002.0110v1-Figure2-1.png",
  "figure-type": "Graph Plot",
  "0-originally-extracted": "Fig. 2. Ratio BBc(x0)/HCRB(x0) for different sets of parameter vectorsx0.",
  "1-lowercase-and-token-and-remove-figure-index": {
    "caption": "ratio bbc ( x0 ) /hcrb ( x0 ) for different sets of parameter vectorsx0 .",
    "sentence": [
      "ratio bbc ( x0 ) /hcrb ( x0 ) for different sets of parameter vectorsx0 ."
    ],
    "token": [
      "ratio",
      "bbc",
      "(",
      "x0",
      ")",
      "/hcrb",
      "(",
      "x0",
      ")",
      "for",
      "different",
      "sets",
      "of",
      "parameter",
      "vectorsx0",
      "."
    ]
  },
  "2-normalized": {
    "2-1-basic-num": {
      "caption": "ratio bbc ( x0 ) /hcrb ( x0 ) for different sets of parameter vectorsx0 .",
      "sentence": [
        "ratio bbc ( x0 ) /hcrb ( x0 ) for different sets of parameter vectorsx0 ."
      ],
      "token": [
        "ratio",
        "bbc",
        "(",
        "x0",
        ")",
        "/hcrb",
        "(",
        "x0",
        ")",
        "for",
        "different",
        "sets",
        "of",
        "parameter",
        "vectorsx0",
        "."
      ]
    },
    "2-2-advanced-euqation-bracket": {
      "caption": "ratio bbc BRACKET-TK /hcrb BRACKET-TK for different sets of parameter vectorsx0 .",
      "sentence": [
        "ratio bbc BRACKET-TK /hcrb BRACKET-TK for different sets of parameter vectorsx0 ."
      ],
      "tokens": [
        "ratio",
        "bbc",
        "BRACKET-TK",
        "/hcrb",
        "BRACKET-TK",
        "for",
        "different",
        "sets",
        "of",
        "parameter",
        "vectorsx0",
        "."
      ]
    }
  }
}