{
  "contains-subfigure": false,
  "Img-text": [],
  "paper-ID": "1002.0773v1",
  "figure-ID": "1002.0773v1-Figure10-1.png",
  "figure-type": "Graph Plot",
  "0-originally-extracted": "Figure 10: Comparison of WERs on the independent test set during 100 iterations of extended Baum-Welch with the three types of input lattices. The x-axis gives the extended Baum-Welch iteration, with x=0 being the mle.",
  "1-lowercase-and-token-and-remove-figure-index": {
    "caption": "comparison of wers on the independent test set during 0 iterations of extended baum-welch with the three types of input lattices . the x-axis gives the extended baum-welch iteration , with x=0 being the mle .",
    "sentence": [
      "comparison of wers on the independent test set during 0 iterations of extended baum-welch with the three types of input lattices .",
      "the x-axis gives the extended baum-welch iteration , with x=0 being the mle ."
    ],
    "token": [
      "comparison",
      "of",
      "wers",
      "on",
      "the",
      "independent",
      "test",
      "set",
      "during",
      "0",
      "iterations",
      "of",
      "extended",
      "baum-welch",
      "with",
      "the",
      "three",
      "types",
      "of",
      "input",
      "lattices",
      ".",
      "the",
      "x-axis",
      "gives",
      "the",
      "extended",
      "baum-welch",
      "iteration",
      ",",
      "with",
      "x=0",
      "being",
      "the",
      "mle",
      "."
    ]
  },
  "2-normalized": {
    "2-1-basic-num": {
      "caption": "comparison of wers on the independent test set during NUM-TK iterations of extended baum-welch with the NUM-TK types of input lattices . the x-axis gives the extended baum-welch iteration , with x=0 being the mle .",
      "sentence": [
        "comparison of wers on the independent test set during NUM-TK iterations of extended baum-welch with the NUM-TK types of input lattices .",
        "the x-axis gives the extended baum-welch iteration , with x=0 being the mle ."
      ],
      "token": [
        "comparison",
        "of",
        "wers",
        "on",
        "the",
        "independent",
        "test",
        "set",
        "during",
        "NUM-TK",
        "iterations",
        "of",
        "extended",
        "baum-welch",
        "with",
        "the",
        "NUM-TK",
        "types",
        "of",
        "input",
        "lattices",
        ".",
        "the",
        "x-axis",
        "gives",
        "the",
        "extended",
        "baum-welch",
        "iteration",
        ",",
        "with",
        "x=0",
        "being",
        "the",
        "mle",
        "."
      ]
    },
    "2-2-advanced-euqation-bracket": {
      "caption": "comparison of wers on the independent test set during NUM iterations of extended baum-welch with the NUM types of input lattices . the x-axis gives the extended baum-welch iteration , with x=0 being the mle .",
      "sentence": [
        "comparison of wers on the independent test set during NUM iterations of extended baum-welch with the NUM types of input lattices .",
        "the x-axis gives the extended baum-welch iteration , with x=0 being the mle ."
      ],
      "tokens": [
        "comparison",
        "of",
        "wers",
        "on",
        "the",
        "independent",
        "test",
        "set",
        "during",
        "NUM",
        "iterations",
        "of",
        "extended",
        "baum-welch",
        "with",
        "the",
        "NUM",
        "types",
        "of",
        "input",
        "lattices",
        ".",
        "the",
        "x-axis",
        "gives",
        "the",
        "extended",
        "baum-welch",
        "iteration",
        ",",
        "with",
        "x=0",
        "being",
        "the",
        "mle",
        "."
      ]
    }
  }
}