{
  "contains-subfigure": false,
  "Img-text": [],
  "paper-ID": "1002.2439v1",
  "figure-ID": "1002.2439v1-Figure9-1.png",
  "figure-type": "Graph Plot",
  "0-originally-extracted": "Fig. 9. Word Count Frequency Within Set",
  "1-lowercase-and-token-and-remove-figure-index": {
    "caption": "word count frequency within set .",
    "sentence": [
      "word count frequency within set ."
    ],
    "token": [
      "word",
      "count",
      "frequency",
      "within",
      "set",
      "."
    ]
  },
  "2-normalized": {
    "2-1-basic-num": {
      "caption": "word count frequency within set .",
      "sentence": [
        "word count frequency within set ."
      ],
      "token": [
        "word",
        "count",
        "frequency",
        "within",
        "set",
        "."
      ]
    },
    "2-2-advanced-euqation-bracket": {
      "caption": "word count frequency within set .",
      "sentence": [
        "word count frequency within set ."
      ],
      "tokens": [
        "word",
        "count",
        "frequency",
        "within",
        "set",
        "."
      ]
    }
  }
}