{
  "contains-subfigure": false,
  "Img-text": [
    "Iterative",
    "IA",
    "Min",
    "INL",
    "MMSE",
    "Max",
    "SINR",
    "Closed",
    "form",
    "Random",
    "BF",
    "Approx",
    "SINR",
    "Greedy",
    "z",
    "s/",
    "H",
    "e",
    "b/",
    "R",
    "at",
    "S",
    "um",
    "\u03b3",
    "(dB)",
    "45",
    "40",
    "35",
    "30",
    "25",
    "20",
    "15",
    "10",
    "0",
    "5",
    "10",
    "15",
    "20",
    "25",
    "30",
    "35",
    "40",
    "5"
  ],
  "paper-ID": "1002.0424v2",
  "figure-ID": "1002.0424v2-Figure7-1.png",
  "figure-type": "Graph Plot",
  "0-originally-extracted": "Fig. 7. Sum rate vs. \u03b1 = \u03b1k,`, k 6= `, for the (2, 2, 3) MIMO interference channel with S = 1 stream per user. The iterative IA algorithm is not able to exploit reduced interference power, while all the other iterative algorithms can substantially improve throughput. The SNR on the data links is fixed at \u03b3k,k = 40 dB.",
  "1-lowercase-and-token-and-remove-figure-index": {
    "caption": "sum rate vs. \u03b1 = \u03b1k , ` , k 6= ` , for the ( 2 , 2 , 3 ) mimo interference channel with s = 1 stream per user . the iterative ia algorithm is not able to exploit reduced interference power , while all the other iterative algorithms can substantially improve throughput . the snr on the data links is fixed at \u03b3k , k = 40 db .",
    "sentence": [
      "sum rate vs. \u03b1 = \u03b1k , ` , k 6= ` , for the ( 2 , 2 , 3 ) mimo interference channel with s = 1 stream per user .",
      "the iterative ia algorithm is not able to exploit reduced interference power , while all the other iterative algorithms can substantially improve throughput .",
      "the snr on the data links is fixed at \u03b3k , k = 40 db ."
    ],
    "token": [
      "sum",
      "rate",
      "vs.",
      "\u03b1",
      "=",
      "\u03b1k",
      ",",
      "`",
      ",",
      "k",
      "6=",
      "`",
      ",",
      "for",
      "the",
      "(",
      "2",
      ",",
      "2",
      ",",
      "3",
      ")",
      "mimo",
      "interference",
      "channel",
      "with",
      "s",
      "=",
      "1",
      "stream",
      "per",
      "user",
      ".",
      "the",
      "iterative",
      "ia",
      "algorithm",
      "is",
      "not",
      "able",
      "to",
      "exploit",
      "reduced",
      "interference",
      "power",
      ",",
      "while",
      "all",
      "the",
      "other",
      "iterative",
      "algorithms",
      "can",
      "substantially",
      "improve",
      "throughput",
      ".",
      "the",
      "snr",
      "on",
      "the",
      "data",
      "links",
      "is",
      "fixed",
      "at",
      "\u03b3k",
      ",",
      "k",
      "=",
      "40",
      "db",
      "."
    ]
  },
  "2-normalized": {
    "2-1-basic-num": {
      "caption": "sum rate vs. \u03b1 = \u03b1k , ` , k NUM-TK ` , for the ( NUM-TK , NUM-TK , NUM-TK ) mimo interference channel with s = NUM-TK stream per user . the iterative ia algorithm is not able to exploit reduced interference power , while all the other iterative algorithms can substantially improve throughput . the snr on the data links is fixed at \u03b3k , k = NUM-TK db .",
      "sentence": [
        "sum rate vs. \u03b1 = \u03b1k , ` , k NUM-TK ` , for the ( NUM-TK , NUM-TK , NUM-TK ) mimo interference channel with s = NUM-TK stream per user .",
        "the iterative ia algorithm is not able to exploit reduced interference power , while all the other iterative algorithms can substantially improve throughput .",
        "the snr on the data links is fixed at \u03b3k , k = NUM-TK db ."
      ],
      "token": [
        "sum",
        "rate",
        "vs.",
        "\u03b1",
        "=",
        "\u03b1k",
        ",",
        "`",
        ",",
        "k",
        "NUM-TK",
        "`",
        ",",
        "for",
        "the",
        "(",
        "NUM-TK",
        ",",
        "NUM-TK",
        ",",
        "NUM-TK",
        ")",
        "mimo",
        "interference",
        "channel",
        "with",
        "s",
        "=",
        "NUM-TK",
        "stream",
        "per",
        "user",
        ".",
        "the",
        "iterative",
        "ia",
        "algorithm",
        "is",
        "not",
        "able",
        "to",
        "exploit",
        "reduced",
        "interference",
        "power",
        ",",
        "while",
        "all",
        "the",
        "other",
        "iterative",
        "algorithms",
        "can",
        "substantially",
        "improve",
        "throughput",
        ".",
        "the",
        "snr",
        "on",
        "the",
        "data",
        "links",
        "is",
        "fixed",
        "at",
        "\u03b3k",
        ",",
        "k",
        "=",
        "NUM-TK",
        "db",
        "."
      ]
    },
    "2-2-advanced-euqation-bracket": {
      "caption": "sum rate vs. \u03b1 = \u03b1k , ` , k NUM ` , for the BRACKET-TK mimo interference channel with EQUAT-TK stream per user . the iterative ia algorithm is not able to exploit reduced interference power , while all the other iterative algorithms can substantially improve throughput . the snr on the data links is fixed at \u03b3k , EQUAT-TK db .",
      "sentence": [
        "sum rate vs. \u03b1 = \u03b1k , ` , k NUM ` , for the BRACKET-TK mimo interference channel with EQUAT-TK stream per user .",
        "the iterative ia algorithm is not able to exploit reduced interference power , while all the other iterative algorithms can substantially improve throughput .",
        "the snr on the data links is fixed at \u03b3k , EQUAT-TK db ."
      ],
      "tokens": [
        "sum",
        "rate",
        "vs.",
        "\u03b1",
        "=",
        "\u03b1k",
        ",",
        "`",
        ",",
        "k",
        "NUM",
        "`",
        ",",
        "for",
        "the",
        "BRACKET-TK",
        "mimo",
        "interference",
        "channel",
        "with",
        "EQUAT-TK",
        "stream",
        "per",
        "user",
        ".",
        "the",
        "iterative",
        "ia",
        "algorithm",
        "is",
        "not",
        "able",
        "to",
        "exploit",
        "reduced",
        "interference",
        "power",
        ",",
        "while",
        "all",
        "the",
        "other",
        "iterative",
        "algorithms",
        "can",
        "substantially",
        "improve",
        "throughput",
        ".",
        "the",
        "snr",
        "on",
        "the",
        "data",
        "links",
        "is",
        "fixed",
        "at",
        "\u03b3k",
        ",",
        "EQUAT-TK",
        "db",
        "."
      ]
    }
  }
}