{
  "contains-subfigure": false,
  "Img-text": [
    "2",
    "3",
    "4",
    "5",
    "6",
    "7",
    "8",
    "9",
    "0",
    "5",
    "10",
    "15",
    "20",
    "25",
    "Number",
    "of",
    "Clusters",
    "B",
    "in",
    "M",
    "is",
    "s",
    "R",
    "at",
    "e",
    "FCM",
    "K",
    "Means"
  ],
  "paper-ID": "1002.0383v1",
  "figure-ID": "1002.0383v1-Figure2-1.png",
  "figure-type": "Graph Plot",
  "0-originally-extracted": "Figure 2 Graph showing bin miss rate by varying number of clusters for FCM and K-Means",
  "1-lowercase-and-token-and-remove-figure-index": {
    "caption": "graph showing bin miss rate by varying number of clusters for fcm and k-means .",
    "sentence": [
      "graph showing bin miss rate by varying number of clusters for fcm and k-means ."
    ],
    "token": [
      "graph",
      "showing",
      "bin",
      "miss",
      "rate",
      "by",
      "varying",
      "number",
      "of",
      "clusters",
      "for",
      "fcm",
      "and",
      "k-means",
      "."
    ]
  },
  "2-normalized": {
    "2-1-basic-num": {
      "caption": "graph showing bin miss rate by varying number of clusters for fcm and k-means .",
      "sentence": [
        "graph showing bin miss rate by varying number of clusters for fcm and k-means ."
      ],
      "token": [
        "graph",
        "showing",
        "bin",
        "miss",
        "rate",
        "by",
        "varying",
        "number",
        "of",
        "clusters",
        "for",
        "fcm",
        "and",
        "k-means",
        "."
      ]
    },
    "2-2-advanced-euqation-bracket": {
      "caption": "graph showing bin miss rate by varying number of clusters for fcm and k-means .",
      "sentence": [
        "graph showing bin miss rate by varying number of clusters for fcm and k-means ."
      ],
      "tokens": [
        "graph",
        "showing",
        "bin",
        "miss",
        "rate",
        "by",
        "varying",
        "number",
        "of",
        "clusters",
        "for",
        "fcm",
        "and",
        "k-means",
        "."
      ]
    }
  }
}