{
  "contains-subfigure": false,
  "Img-text": [
    "constant",
    "power",
    "allocation",
    "optimal",
    "power",
    "allocation",
    "]",
    "E",
    "[D",
    "M",
    "0.71",
    "0.705",
    "0.7",
    "0.695",
    "0.69",
    "0.685",
    "0.68",
    "0.675",
    "0.67",
    "10",
    "4",
    "10",
    "3",
    "10",
    "2",
    "10",
    "1",
    "10",
    "0"
  ],
  "paper-ID": "1002.4473v1",
  "figure-ID": "1002.4473v1-Figure6-1.png",
  "figure-type": "Graph Plot",
  "0-originally-extracted": "Fig. 6. Channel-aware ALOHA scheme. Comparison between constant and optimal power allocation",
  "1-lowercase-and-token-and-remove-figure-index": {
    "caption": "channel-aware aloha scheme . comparison between constant and optimal power allocation .",
    "sentence": [
      "channel-aware aloha scheme .",
      "comparison between constant and optimal power allocation ."
    ],
    "token": [
      "channel-aware",
      "aloha",
      "scheme",
      ".",
      "comparison",
      "between",
      "constant",
      "and",
      "optimal",
      "power",
      "allocation",
      "."
    ]
  },
  "2-normalized": {
    "2-1-basic-num": {
      "caption": "channel-aware aloha scheme . comparison between constant and optimal power allocation .",
      "sentence": [
        "channel-aware aloha scheme .",
        "comparison between constant and optimal power allocation ."
      ],
      "token": [
        "channel-aware",
        "aloha",
        "scheme",
        ".",
        "comparison",
        "between",
        "constant",
        "and",
        "optimal",
        "power",
        "allocation",
        "."
      ]
    },
    "2-2-advanced-euqation-bracket": {
      "caption": "channel-aware aloha scheme . comparison between constant and optimal power allocation .",
      "sentence": [
        "channel-aware aloha scheme .",
        "comparison between constant and optimal power allocation ."
      ],
      "tokens": [
        "channel-aware",
        "aloha",
        "scheme",
        ".",
        "comparison",
        "between",
        "constant",
        "and",
        "optimal",
        "power",
        "allocation",
        "."
      ]
    }
  }
}