{
  "contains-subfigure": false,
  "Img-text": [],
  "paper-ID": "1002.1874v1",
  "figure-ID": "1002.1874v1-Figure6-1.png",
  "figure-type": "Graph Plot",
  "0-originally-extracted": "Figure 6. No. of updates Vs. Mobility_factor",
  "1-lowercase-and-token-and-remove-figure-index": {
    "caption": "no . of updates vs. mobility_factor .",
    "sentence": [
      "no .",
      "of updates vs. mobility_factor ."
    ],
    "token": [
      "no",
      ".",
      "of",
      "updates",
      "vs.",
      "mobility_factor",
      "."
    ]
  },
  "2-normalized": {
    "2-1-basic-num": {
      "caption": "no . of updates vs. mobility_factor .",
      "sentence": [
        "no .",
        "of updates vs. mobility_factor ."
      ],
      "token": [
        "no",
        ".",
        "of",
        "updates",
        "vs.",
        "mobility_factor",
        "."
      ]
    },
    "2-2-advanced-euqation-bracket": {
      "caption": "no . of updates vs. mobility_factor .",
      "sentence": [
        "no .",
        "of updates vs. mobility_factor ."
      ],
      "tokens": [
        "no",
        ".",
        "of",
        "updates",
        "vs.",
        "mobility_factor",
        "."
      ]
    }
  }
}