{
  "contains-subfigure": false,
  "Img-text": [
    "r=0",
    "r=1",
    "r=2",
    "r=3",
    "r=4",
    "\u03c3min(D\u2212rE)",
    "1",
    "\u03bb",
    "=",
    "m/k",
    "10",
    "6",
    "10",
    "5",
    "10",
    "4",
    "10",
    "3",
    "10",
    "2",
    "10",
    "1",
    "10",
    "0",
    "10",
    "\u22121",
    "10",
    "\u22122",
    "10",
    "\u22123",
    "10",
    "1",
    "10",
    "0"
  ],
  "paper-ID": "1002.0182v1",
  "figure-ID": "1002.0182v1-Figure1-1.png",
  "figure-type": "Graph Plot",
  "0-originally-extracted": "Figure 1: Numerical behavior (in log-log scale) of 1/\u03c3min(D \u2212rE) as a function of \u03bb = m/k, for r = 0, 1, 2, 3, 4. In this figure, k = 50 and 1 \u2264 \u03bb \u2264 25. For each problem size, the largest value of 1/\u03c3min(D \u2212rE) among 1000 realizations of a random m\u00d7 k matrix E sampled from the Gaussian ensemble N (0, 1 m Im) was recorded.",
  "1-lowercase-and-token-and-remove-figure-index": {
    "caption": "numerical behavior ( in log-log scale ) of /\u03c3min ( d \u2212re ) as a function of \u03bb = m/k , for r = 0 , , 2 , 3 , 4. in this figure , k = 50 and \u2264 \u03bb \u2264 25. for each problem size , the largest value of /\u03c3min ( d \u2212re ) among 000 realizations of a random m\u00d7 k matrix e sampled from the gaussian ensemble n ( 0 , m im ) was recorded .",
    "sentence": [
      "numerical behavior ( in log-log scale ) of /\u03c3min ( d \u2212re ) as a function of \u03bb = m/k , for r = 0 , , 2 , 3 , 4. in this figure , k = 50 and \u2264 \u03bb \u2264 25. for each problem size , the largest value of /\u03c3min ( d \u2212re ) among 000 realizations of a random m\u00d7 k matrix e sampled from the gaussian ensemble n ( 0 , m im ) was recorded ."
    ],
    "token": [
      "numerical",
      "behavior",
      "(",
      "in",
      "log-log",
      "scale",
      ")",
      "of",
      "/\u03c3min",
      "(",
      "d",
      "\u2212re",
      ")",
      "as",
      "a",
      "function",
      "of",
      "\u03bb",
      "=",
      "m/k",
      ",",
      "for",
      "r",
      "=",
      "0",
      ",",
      ",",
      "2",
      ",",
      "3",
      ",",
      "4.",
      "in",
      "this",
      "figure",
      ",",
      "k",
      "=",
      "50",
      "and",
      "\u2264",
      "\u03bb",
      "\u2264",
      "25.",
      "for",
      "each",
      "problem",
      "size",
      ",",
      "the",
      "largest",
      "value",
      "of",
      "/\u03c3min",
      "(",
      "d",
      "\u2212re",
      ")",
      "among",
      "000",
      "realizations",
      "of",
      "a",
      "random",
      "m\u00d7",
      "k",
      "matrix",
      "e",
      "sampled",
      "from",
      "the",
      "gaussian",
      "ensemble",
      "n",
      "(",
      "0",
      ",",
      "m",
      "im",
      ")",
      "was",
      "recorded",
      "."
    ]
  },
  "2-normalized": {
    "2-1-basic-num": {
      "caption": "numerical behavior ( in log-log scale ) of /\u03c3min ( d \u2212re ) as a function of \u03bb = m/k , for r = NUM-TK , , NUM-TK , NUM-TK , NUM-TK in this figure , k = NUM-TK and \u2264 \u03bb \u2264 NUM-TK for each problem size , the largest value of /\u03c3min ( d \u2212re ) among NUM-TK realizations of a random m\u00d7 k matrix e sampled from the gaussian ensemble n ( NUM-TK , m im ) was recorded .",
      "sentence": [
        "numerical behavior ( in log-log scale ) of /\u03c3min ( d \u2212re ) as a function of \u03bb = m/k , for r = NUM-TK , , NUM-TK , NUM-TK , NUM-TK in this figure , k = NUM-TK and \u2264 \u03bb \u2264 NUM-TK for each problem size , the largest value of /\u03c3min ( d \u2212re ) among NUM-TK realizations of a random m\u00d7 k matrix e sampled from the gaussian ensemble n ( NUM-TK , m im ) was recorded ."
      ],
      "token": [
        "numerical",
        "behavior",
        "(",
        "in",
        "log-log",
        "scale",
        ")",
        "of",
        "/\u03c3min",
        "(",
        "d",
        "\u2212re",
        ")",
        "as",
        "a",
        "function",
        "of",
        "\u03bb",
        "=",
        "m/k",
        ",",
        "for",
        "r",
        "=",
        "NUM-TK",
        ",",
        ",",
        "NUM-TK",
        ",",
        "NUM-TK",
        ",",
        "NUM-TK",
        "in",
        "this",
        "figure",
        ",",
        "k",
        "=",
        "NUM-TK",
        "and",
        "\u2264",
        "\u03bb",
        "\u2264",
        "NUM-TK",
        "for",
        "each",
        "problem",
        "size",
        ",",
        "the",
        "largest",
        "value",
        "of",
        "/\u03c3min",
        "(",
        "d",
        "\u2212re",
        ")",
        "among",
        "NUM-TK",
        "realizations",
        "of",
        "a",
        "random",
        "m\u00d7",
        "k",
        "matrix",
        "e",
        "sampled",
        "from",
        "the",
        "gaussian",
        "ensemble",
        "n",
        "(",
        "NUM-TK",
        ",",
        "m",
        "im",
        ")",
        "was",
        "recorded",
        "."
      ]
    },
    "2-2-advanced-euqation-bracket": {
      "caption": "numerical behavior BRACKET-TK of /\u03c3min BRACKET-TK as a function of \u03bb = m/k , for EQUAT-TK , , NUM , NUM , NUM in this figure , EQUAT-TK and \u2264 \u03bb \u2264 NUM for each problem size , the largest value of /\u03c3min BRACKET-TK among NUM realizations of a random m\u00d7 k matrix e sampled from the gaussian ensemble n BRACKET-TK was recorded .",
      "sentence": [
        "numerical behavior BRACKET-TK of /\u03c3min BRACKET-TK as a function of \u03bb = m/k , for EQUAT-TK , , NUM , NUM , NUM in this figure , EQUAT-TK and \u2264 \u03bb \u2264 NUM for each problem size , the largest value of /\u03c3min BRACKET-TK among NUM realizations of a random m\u00d7 k matrix e sampled from the gaussian ensemble n BRACKET-TK was recorded ."
      ],
      "tokens": [
        "numerical",
        "behavior",
        "BRACKET-TK",
        "of",
        "/\u03c3min",
        "BRACKET-TK",
        "as",
        "a",
        "function",
        "of",
        "\u03bb",
        "=",
        "m/k",
        ",",
        "for",
        "EQUAT-TK",
        ",",
        ",",
        "NUM",
        ",",
        "NUM",
        ",",
        "NUM",
        "in",
        "this",
        "figure",
        ",",
        "EQUAT-TK",
        "and",
        "\u2264",
        "\u03bb",
        "\u2264",
        "NUM",
        "for",
        "each",
        "problem",
        "size",
        ",",
        "the",
        "largest",
        "value",
        "of",
        "/\u03c3min",
        "BRACKET-TK",
        "among",
        "NUM",
        "realizations",
        "of",
        "a",
        "random",
        "m\u00d7",
        "k",
        "matrix",
        "e",
        "sampled",
        "from",
        "the",
        "gaussian",
        "ensemble",
        "n",
        "BRACKET-TK",
        "was",
        "recorded",
        "."
      ]
    }
  }
}