{
  "contains-subfigure": false,
  "Img-text": [],
  "paper-ID": "1002.2243v1",
  "figure-ID": "1002.2243v1-Figure4-1.png",
  "figure-type": "Graph Plot",
  "0-originally-extracted": "Fig. 4: Percentage of energy generated from wind relative to the total by year. The red curve was obtained from a least squares fit of the data using an exponential function; the r-squared coefficient is 0.837. The parameters of the best fit equation are shown in the legend.",
  "1-lowercase-and-token-and-remove-figure-index": {
    "caption": "percentage of energy generated from wind relative to the total by year . the red curve was obtained from a least squares fit of the data using an exponential function ; the r-squared coefficient is 0.837. the parameters of the best fit equation are shown in the legend .",
    "sentence": [
      "percentage of energy generated from wind relative to the total by year .",
      "the red curve was obtained from a least squares fit of the data using an exponential function ; the r-squared coefficient is 0.837. the parameters of the best fit equation are shown in the legend ."
    ],
    "token": [
      "percentage",
      "of",
      "energy",
      "generated",
      "from",
      "wind",
      "relative",
      "to",
      "the",
      "total",
      "by",
      "year",
      ".",
      "the",
      "red",
      "curve",
      "was",
      "obtained",
      "from",
      "a",
      "least",
      "squares",
      "fit",
      "of",
      "the",
      "data",
      "using",
      "an",
      "exponential",
      "function",
      ";",
      "the",
      "r-squared",
      "coefficient",
      "is",
      "0.837.",
      "the",
      "parameters",
      "of",
      "the",
      "best",
      "fit",
      "equation",
      "are",
      "shown",
      "in",
      "the",
      "legend",
      "."
    ]
  },
  "2-normalized": {
    "2-1-basic-num": {
      "caption": "percentage of energy generated from wind relative to the total by year . the red curve was obtained from a least squares fit of the data using an exponential function ; the r-squared coefficient is NUM-TK the parameters of the best fit equation are shown in the legend .",
      "sentence": [
        "percentage of energy generated from wind relative to the total by year .",
        "the red curve was obtained from a least squares fit of the data using an exponential function ; the r-squared coefficient is NUM-TK the parameters of the best fit equation are shown in the legend ."
      ],
      "token": [
        "percentage",
        "of",
        "energy",
        "generated",
        "from",
        "wind",
        "relative",
        "to",
        "the",
        "total",
        "by",
        "year",
        ".",
        "the",
        "red",
        "curve",
        "was",
        "obtained",
        "from",
        "a",
        "least",
        "squares",
        "fit",
        "of",
        "the",
        "data",
        "using",
        "an",
        "exponential",
        "function",
        ";",
        "the",
        "r-squared",
        "coefficient",
        "is",
        "NUM-TK",
        "the",
        "parameters",
        "of",
        "the",
        "best",
        "fit",
        "equation",
        "are",
        "shown",
        "in",
        "the",
        "legend",
        "."
      ]
    },
    "2-2-advanced-euqation-bracket": {
      "caption": "percentage of energy generated from wind relative to the total by year . the red curve was obtained from a least squares fit of the data using an exponential function ; the r-squared coefficient is NUM the parameters of the best fit equation are shown in the legend .",
      "sentence": [
        "percentage of energy generated from wind relative to the total by year .",
        "the red curve was obtained from a least squares fit of the data using an exponential function ; the r-squared coefficient is NUM the parameters of the best fit equation are shown in the legend ."
      ],
      "tokens": [
        "percentage",
        "of",
        "energy",
        "generated",
        "from",
        "wind",
        "relative",
        "to",
        "the",
        "total",
        "by",
        "year",
        ".",
        "the",
        "red",
        "curve",
        "was",
        "obtained",
        "from",
        "a",
        "least",
        "squares",
        "fit",
        "of",
        "the",
        "data",
        "using",
        "an",
        "exponential",
        "function",
        ";",
        "the",
        "r-squared",
        "coefficient",
        "is",
        "NUM",
        "the",
        "parameters",
        "of",
        "the",
        "best",
        "fit",
        "equation",
        "are",
        "shown",
        "in",
        "the",
        "legend",
        "."
      ]
    }
  }
}