{
  "contains-subfigure": false,
  "Img-text": [
    "Po=10",
    "-2",
    "Approximative",
    "Upper",
    "BoundPo=10",
    "-3",
    "Non-adaptive",
    "BPSK,",
    "P",
    "o",
    "=10-3",
    "o",
    "=10-2",
    "Adaptive",
    "PSK",
    "N=3",
    "Adaptive",
    "PSK",
    "N=5",
    "Non-adaptive",
    "BPSK,",
    "P",
    "Average",
    "Electrical",
    "SNR",
    "(dB)",
    "H",
    "z)",
    "it/",
    "s/",
    "cy",
    "(b",
    "ci",
    "en",
    "l",
    "E",
    "ffi",
    "ct",
    "ra",
    "S",
    "pe",
    "3.0",
    "2.5",
    "2.0",
    "1.5",
    "1.0",
    "0.5",
    "0",
    "10",
    "20",
    "30",
    "40",
    "50",
    "60",
    "70",
    "0.0"
  ],
  "paper-ID": "1002.1897v1",
  "figure-ID": "1002.1897v1-Figure3-1.png",
  "figure-type": "Graph Plot",
  "0-originally-extracted": "Fig. 3. Spectral efficiency of the adaptive subcarrier PSK scheme when\u03c3x = 0.5.",
  "1-lowercase-and-token-and-remove-figure-index": {
    "caption": "spectral efficiency of the adaptive subcarrier psk scheme when\u03c3x = 0.5 .",
    "sentence": [
      "spectral efficiency of the adaptive subcarrier psk scheme when\u03c3x = 0.5 ."
    ],
    "token": [
      "spectral",
      "efficiency",
      "of",
      "the",
      "adaptive",
      "subcarrier",
      "psk",
      "scheme",
      "when\u03c3x",
      "=",
      "0.5",
      "."
    ]
  },
  "2-normalized": {
    "2-1-basic-num": {
      "caption": "spectral efficiency of the adaptive subcarrier psk scheme when\u03c3x = NUM-TK .",
      "sentence": [
        "spectral efficiency of the adaptive subcarrier psk scheme when\u03c3x = NUM-TK ."
      ],
      "token": [
        "spectral",
        "efficiency",
        "of",
        "the",
        "adaptive",
        "subcarrier",
        "psk",
        "scheme",
        "when\u03c3x",
        "=",
        "NUM-TK",
        "."
      ]
    },
    "2-2-advanced-euqation-bracket": {
      "caption": "spectral efficiency of the adaptive subcarrier psk scheme EQUAT-TK .",
      "sentence": [
        "spectral efficiency of the adaptive subcarrier psk scheme EQUAT-TK ."
      ],
      "tokens": [
        "spectral",
        "efficiency",
        "of",
        "the",
        "adaptive",
        "subcarrier",
        "psk",
        "scheme",
        "EQUAT-TK",
        "."
      ]
    }
  }
}