{
  "contains-subfigure": false,
  "Img-text": [
    "Traditional",
    "Estimator",
    "Conditional",
    "estimator",
    "Unconditional",
    "estimator",
    "CRB",
    "E",
    "M",
    "S",
    "SNR",
    "10",
    "2",
    "10",
    "1",
    "10",
    "0",
    "10",
    "\u22121",
    "10",
    "\u22122",
    "10",
    "\u22123",
    "\u22124",
    "10",
    "15",
    "20",
    "25",
    "30",
    "35",
    "10"
  ],
  "paper-ID": "1002.3234v2",
  "figure-ID": "1002.3234v2-Figure8-1.png",
  "figure-type": "Graph Plot",
  "0-originally-extracted": "Figure 8. Mean of the MSE of the angles estimates versus SNR",
  "1-lowercase-and-token-and-remove-figure-index": {
    "caption": "mean of the mse of the angles estimates versus snr .",
    "sentence": [
      "mean of the mse of the angles estimates versus snr ."
    ],
    "token": [
      "mean",
      "of",
      "the",
      "mse",
      "of",
      "the",
      "angles",
      "estimates",
      "versus",
      "snr",
      "."
    ]
  },
  "2-normalized": {
    "2-1-basic-num": {
      "caption": "mean of the mse of the angles estimates versus snr .",
      "sentence": [
        "mean of the mse of the angles estimates versus snr ."
      ],
      "token": [
        "mean",
        "of",
        "the",
        "mse",
        "of",
        "the",
        "angles",
        "estimates",
        "versus",
        "snr",
        "."
      ]
    },
    "2-2-advanced-euqation-bracket": {
      "caption": "mean of the mse of the angles estimates versus snr .",
      "sentence": [
        "mean of the mse of the angles estimates versus snr ."
      ],
      "tokens": [
        "mean",
        "of",
        "the",
        "mse",
        "of",
        "the",
        "angles",
        "estimates",
        "versus",
        "snr",
        "."
      ]
    }
  }
}