{
  "contains-subfigure": false,
  "Img-text": [
    "Prefix",
    "Sums",
    "Local",
    "Sampling",
    "Global",
    "Sampling",
    "&",
    "Sample",
    "Indexing",
    "Sorting",
    "All",
    "Samples",
    "Local",
    "Sort",
    "Data",
    "Relocation",
    "Total",
    "Time",
    "Sublist",
    "Sort",
    "Number",
    "of",
    "Data",
    "Items",
    "(Million)",
    "2",
    "85",
    "T",
    "X",
    "IA",
    "G",
    "nV",
    "ID",
    "o",
    "n",
    "(m",
    "s)",
    "tim",
    "e",
    "R",
    "un",
    "1",
    "4",
    "8",
    "16",
    "32",
    "64",
    "128",
    "3000",
    "2500",
    "2000",
    "1500",
    "1000",
    "500",
    "0"
  ],
  "paper-ID": "1002.4464v1",
  "figure-ID": "1002.4464v1-Figure5-1.png",
  "figure-type": "Graph Plot",
  "0-originally-extracted": "Figure 5: Performance Of Deterministic Sample Sort For GPUs (GPU Bucket Sort). Total runtime and runtime for individual steps of Algorithm 1 on an nVIDIA GTX 285 for varying number of data items.",
  "1-lowercase-and-token-and-remove-figure-index": {
    "caption": "performance of deterministic sample sort for gpus ( gpu bucket sort ) . total runtime and runtime for individual steps of algorithm 1 on an nvidia gtx 28 for varying number of data items .",
    "sentence": [
      "performance of deterministic sample sort for gpus ( gpu bucket sort ) .",
      "total runtime and runtime for individual steps of algorithm 1 on an nvidia gtx 28 for varying number of data items ."
    ],
    "token": [
      "performance",
      "of",
      "deterministic",
      "sample",
      "sort",
      "for",
      "gpus",
      "(",
      "gpu",
      "bucket",
      "sort",
      ")",
      ".",
      "total",
      "runtime",
      "and",
      "runtime",
      "for",
      "individual",
      "steps",
      "of",
      "algorithm",
      "1",
      "on",
      "an",
      "nvidia",
      "gtx",
      "28",
      "for",
      "varying",
      "number",
      "of",
      "data",
      "items",
      "."
    ]
  },
  "2-normalized": {
    "2-1-basic-num": {
      "caption": "performance of deterministic sample sort for gpus ( gpu bucket sort ) . total runtime and runtime for individual steps of algorithm NUM-TK on an nvidia gtx NUM-TK for varying number of data items .",
      "sentence": [
        "performance of deterministic sample sort for gpus ( gpu bucket sort ) .",
        "total runtime and runtime for individual steps of algorithm NUM-TK on an nvidia gtx NUM-TK for varying number of data items ."
      ],
      "token": [
        "performance",
        "of",
        "deterministic",
        "sample",
        "sort",
        "for",
        "gpus",
        "(",
        "gpu",
        "bucket",
        "sort",
        ")",
        ".",
        "total",
        "runtime",
        "and",
        "runtime",
        "for",
        "individual",
        "steps",
        "of",
        "algorithm",
        "NUM-TK",
        "on",
        "an",
        "nvidia",
        "gtx",
        "NUM-TK",
        "for",
        "varying",
        "number",
        "of",
        "data",
        "items",
        "."
      ]
    },
    "2-2-advanced-euqation-bracket": {
      "caption": "performance of deterministic sample sort for gpus BRACKET-TK . total runtime and runtime for individual steps of algorithm NUM on an nvidia gtx NUM for varying number of data items .",
      "sentence": [
        "performance of deterministic sample sort for gpus BRACKET-TK .",
        "total runtime and runtime for individual steps of algorithm NUM on an nvidia gtx NUM for varying number of data items ."
      ],
      "tokens": [
        "performance",
        "of",
        "deterministic",
        "sample",
        "sort",
        "for",
        "gpus",
        "BRACKET-TK",
        ".",
        "total",
        "runtime",
        "and",
        "runtime",
        "for",
        "individual",
        "steps",
        "of",
        "algorithm",
        "NUM",
        "on",
        "an",
        "nvidia",
        "gtx",
        "NUM",
        "for",
        "varying",
        "number",
        "of",
        "data",
        "items",
        "."
      ]
    }
  }
}