{
  "contains-subfigure": false,
  "Img-text": [
    "player",
    "2",
    "player",
    "1",
    "m1",
    "=",
    "2",
    ",",
    "m2",
    "=",
    "2",
    ",",
    "ISR1",
    "=",
    "-1",
    "dB",
    "m1",
    "=",
    "2",
    ",",
    "m2",
    "=",
    "2",
    ",",
    "ISR2",
    "=",
    "-3",
    "dB",
    "a",
    "1",
    "a2",
    "1.0",
    "0.8",
    "0.6",
    "0.4",
    "0.2",
    "0.0",
    "0.2",
    "0.4",
    "0.6",
    "0.8",
    "1.0",
    "0.0"
  ],
  "paper-ID": "1002.3931v1",
  "figure-ID": "1002.3931v1-Figure7-1.png",
  "figure-type": "Graph Plot",
  "0-originally-extracted": "Fig. 7. A scenario where the conditions of Theorem 5 are not satisfied",
  "1-lowercase-and-token-and-remove-figure-index": {
    "caption": "a scenario where the conditions of theorem 5 are not satisfied .",
    "sentence": [
      "a scenario where the conditions of theorem 5 are not satisfied ."
    ],
    "token": [
      "a",
      "scenario",
      "where",
      "the",
      "conditions",
      "of",
      "theorem",
      "5",
      "are",
      "not",
      "satisfied",
      "."
    ]
  },
  "2-normalized": {
    "2-1-basic-num": {
      "caption": "a scenario where the conditions of theorem NUM-TK are not satisfied .",
      "sentence": [
        "a scenario where the conditions of theorem NUM-TK are not satisfied ."
      ],
      "token": [
        "a",
        "scenario",
        "where",
        "the",
        "conditions",
        "of",
        "theorem",
        "NUM-TK",
        "are",
        "not",
        "satisfied",
        "."
      ]
    },
    "2-2-advanced-euqation-bracket": {
      "caption": "a scenario where the conditions of theorem NUM are not satisfied .",
      "sentence": [
        "a scenario where the conditions of theorem NUM are not satisfied ."
      ],
      "tokens": [
        "a",
        "scenario",
        "where",
        "the",
        "conditions",
        "of",
        "theorem",
        "NUM",
        "are",
        "not",
        "satisfied",
        "."
      ]
    }
  }
}