{
  "contains-subfigure": false,
  "Img-text": [],
  "paper-ID": "1002.1678v1",
  "figure-ID": "1002.1678v1-Figure1-1.png",
  "figure-type": "Graph Plot",
  "0-originally-extracted": "Fig. 1 The continuous growth of the number of malware [1]",
  "1-lowercase-and-token-and-remove-figure-index": {
    "caption": "the continuous growth of the number of malware [ ] .",
    "sentence": [
      "the continuous growth of the number of malware [ ] ."
    ],
    "token": [
      "the",
      "continuous",
      "growth",
      "of",
      "the",
      "number",
      "of",
      "malware",
      "[",
      "]",
      "."
    ]
  },
  "2-normalized": {
    "2-1-basic-num": {
      "caption": "the continuous growth of the number of malware [ ] .",
      "sentence": [
        "the continuous growth of the number of malware [ ] ."
      ],
      "token": [
        "the",
        "continuous",
        "growth",
        "of",
        "the",
        "number",
        "of",
        "malware",
        "[",
        "]",
        "."
      ]
    },
    "2-2-advanced-euqation-bracket": {
      "caption": "the continuous growth of the number of malware BRACKET-TK .",
      "sentence": [
        "the continuous growth of the number of malware BRACKET-TK ."
      ],
      "tokens": [
        "the",
        "continuous",
        "growth",
        "of",
        "the",
        "number",
        "of",
        "malware",
        "BRACKET-TK",
        "."
      ]
    }
  }
}