{
  "contains-subfigure": false,
  "Img-text": [
    "CWTS",
    "2008",
    "Opthof/Leydesdorff",
    "replication",
    "CPP/JCSm",
    "CPP/JCSm",
    "(CWTS)",
    "Sequence",
    "numbers",
    "of",
    "232",
    "scholars",
    "under",
    "study",
    "0",
    "25",
    "50",
    "75",
    "100",
    "125",
    "150",
    "175",
    "200",
    "225",
    "3.5",
    "3",
    "2.5",
    "2",
    "1.5",
    "1",
    "0.5",
    "0",
    "-0.5"
  ],
  "paper-ID": "1002.2769v1",
  "figure-ID": "1002.2769v1-Figure1-1.png",
  "figure-type": "Graph Plot",
  "0-originally-extracted": "Figure 1: Ranking of 232 AMC scientists according to the CWTS (2008); \u00d7 replication CPP/JCSm in this study; \u25cf average of the observed versus expected values (this study).",
  "1-lowercase-and-token-and-remove-figure-index": {
    "caption": "ranking of 232 amc scientists according to the cwts ( 2008 ) ; \u00d7 replication cpp/jcsm in this study ; \u25cf average of the observed versus expected values ( this study ) .",
    "sentence": [
      "ranking of 232 amc scientists according to the cwts ( 2008 ) ; \u00d7 replication cpp/jcsm in this study ; \u25cf average of the observed versus expected values ( this study ) ."
    ],
    "token": [
      "ranking",
      "of",
      "232",
      "amc",
      "scientists",
      "according",
      "to",
      "the",
      "cwts",
      "(",
      "2008",
      ")",
      ";",
      "\u00d7",
      "replication",
      "cpp/jcsm",
      "in",
      "this",
      "study",
      ";",
      "\u25cf",
      "average",
      "of",
      "the",
      "observed",
      "versus",
      "expected",
      "values",
      "(",
      "this",
      "study",
      ")",
      "."
    ]
  },
  "2-normalized": {
    "2-1-basic-num": {
      "caption": "ranking of NUM-TK amc scientists according to the cwts ( NUM-TK ) ; \u00d7 replication cpp/jcsm in this study ; \u25cf average of the observed versus expected values ( this study ) .",
      "sentence": [
        "ranking of NUM-TK amc scientists according to the cwts ( NUM-TK ) ; \u00d7 replication cpp/jcsm in this study ; \u25cf average of the observed versus expected values ( this study ) ."
      ],
      "token": [
        "ranking",
        "of",
        "NUM-TK",
        "amc",
        "scientists",
        "according",
        "to",
        "the",
        "cwts",
        "(",
        "NUM-TK",
        ")",
        ";",
        "\u00d7",
        "replication",
        "cpp/jcsm",
        "in",
        "this",
        "study",
        ";",
        "\u25cf",
        "average",
        "of",
        "the",
        "observed",
        "versus",
        "expected",
        "values",
        "(",
        "this",
        "study",
        ")",
        "."
      ]
    },
    "2-2-advanced-euqation-bracket": {
      "caption": "ranking of NUM amc scientists according to the cwts BRACKET-TK ; \u00d7 replication cpp/jcsm in this study ; \u25cf average of the observed versus expected values BRACKET-TK .",
      "sentence": [
        "ranking of NUM amc scientists according to the cwts BRACKET-TK ; \u00d7 replication cpp/jcsm in this study ; \u25cf average of the observed versus expected values BRACKET-TK ."
      ],
      "tokens": [
        "ranking",
        "of",
        "NUM",
        "amc",
        "scientists",
        "according",
        "to",
        "the",
        "cwts",
        "BRACKET-TK",
        ";",
        "\u00d7",
        "replication",
        "cpp/jcsm",
        "in",
        "this",
        "study",
        ";",
        "\u25cf",
        "average",
        "of",
        "the",
        "observed",
        "versus",
        "expected",
        "values",
        "BRACKET-TK",
        "."
      ]
    }
  }
}