{
  "contains-subfigure": false,
  "Img-text": [
    "IN",
    "OUT",
    "FMABC\u2212N",
    "PMABC\u2212NR",
    "FTDBC\u2212NR",
    "PTDBC\u2212NR",
    ",{",
    "0}",
    "R",
    "B",
    "R",
    "{0},B",
    "0.5",
    "0.4",
    "0.3",
    "0.2",
    "0.1",
    "0",
    "0.2",
    "0.4",
    "0.6",
    "0.8",
    "1",
    "0"
  ],
  "paper-ID": "1002.0123v1",
  "figure-ID": "1002.0123v1-Figure8-1.png",
  "figure-type": "Graph Plot",
  "0-originally-extracted": "Fig. 8. Comparison withP0 = P1 = P2 = Pr = 0 dB, H = H2.",
  "1-lowercase-and-token-and-remove-figure-index": {
    "caption": "comparison withp0 = p1 = p2 = pr = 0 db , h = h2 .",
    "sentence": [
      "comparison withp0 = p1 = p2 = pr = 0 db , h = h2 ."
    ],
    "token": [
      "comparison",
      "withp0",
      "=",
      "p1",
      "=",
      "p2",
      "=",
      "pr",
      "=",
      "0",
      "db",
      ",",
      "h",
      "=",
      "h2",
      "."
    ]
  },
  "2-normalized": {
    "2-1-basic-num": {
      "caption": "comparison withp0 = p1 = p2 = pr = NUM-TK db , h = h2 .",
      "sentence": [
        "comparison withp0 = p1 = p2 = pr = NUM-TK db , h = h2 ."
      ],
      "token": [
        "comparison",
        "withp0",
        "=",
        "p1",
        "=",
        "p2",
        "=",
        "pr",
        "=",
        "NUM-TK",
        "db",
        ",",
        "h",
        "=",
        "h2",
        "."
      ]
    },
    "2-2-advanced-euqation-bracket": {
      "caption": "comparison withp0 = p1 = p2 = EQUAT-TK db , h = h2 .",
      "sentence": [
        "comparison withp0 = p1 = p2 = EQUAT-TK db , h = h2 ."
      ],
      "tokens": [
        "comparison",
        "withp0",
        "=",
        "p1",
        "=",
        "p2",
        "=",
        "EQUAT-TK",
        "db",
        ",",
        "h",
        "=",
        "h2",
        "."
      ]
    }
  }
}