{
  "contains-subfigure": false,
  "Img-text": [
    "en",
    "ts",
    "ra",
    "gm",
    "of",
    "F",
    "be",
    "r",
    "N",
    "um",
    "1/\u03b1",
    "x",
    "10",
    "6",
    "3",
    "2.5",
    "2",
    "1.5",
    "1",
    "0.5",
    "100",
    "200",
    "300",
    "400",
    "500",
    "600",
    "700",
    "800",
    "900",
    "1000",
    "0"
  ],
  "paper-ID": "1002.3084v2",
  "figure-ID": "1002.3084v2-Figure4-1.png",
  "figure-type": "Graph Plot",
  "0-originally-extracted": "Fig. 4. Average total number of fragments vs. 1/\u03b1: a quadratic fit.",
  "1-lowercase-and-token-and-remove-figure-index": {
    "caption": "average total number of fragments vs. 1/\u03b1 : a quadratic fit .",
    "sentence": [
      "average total number of fragments vs. 1/\u03b1 : a quadratic fit ."
    ],
    "token": [
      "average",
      "total",
      "number",
      "of",
      "fragments",
      "vs.",
      "1/\u03b1",
      ":",
      "a",
      "quadratic",
      "fit",
      "."
    ]
  },
  "2-normalized": {
    "2-1-basic-num": {
      "caption": "average total number of fragments vs. NUM-TK : a quadratic fit .",
      "sentence": [
        "average total number of fragments vs. NUM-TK : a quadratic fit ."
      ],
      "token": [
        "average",
        "total",
        "number",
        "of",
        "fragments",
        "vs.",
        "NUM-TK",
        ":",
        "a",
        "quadratic",
        "fit",
        "."
      ]
    },
    "2-2-advanced-euqation-bracket": {
      "caption": "average total number of fragments vs. NUM : a quadratic fit .",
      "sentence": [
        "average total number of fragments vs. NUM : a quadratic fit ."
      ],
      "tokens": [
        "average",
        "total",
        "number",
        "of",
        "fragments",
        "vs.",
        "NUM",
        ":",
        "a",
        "quadratic",
        "fit",
        "."
      ]
    }
  }
}