{
  "contains-subfigure": false,
  "Img-text": [],
  "paper-ID": "1002.3234v2",
  "figure-ID": "1002.3234v2-Figure2-1.png",
  "figure-type": "Graph Plot",
  "0-originally-extracted": "Figure 2. Typical representation of\u03c6N (w) as a function ofw for K = 2 andQ = 1 (we drop the dependence onN for clarity). The shaded region in the horizontal axis represents the set of points for which1\u2212\u03c32cNfN (w) > 0. The shaded region in the vertical axis representsSN .",
  "1-lowercase-and-token-and-remove-figure-index": {
    "caption": "typical representation of\u03c6n ( w ) as a function ofw for k = andq = 1 ( we drop the dependence onn for clarity ) . the shaded region in the horizontal axis represents the set of points for which1\u2212\u03c3cnfn ( w ) > 0. the shaded region in the vertical axis representssn .",
    "sentence": [
      "typical representation of\u03c6n ( w ) as a function ofw for k = andq = 1 ( we drop the dependence onn for clarity ) .",
      "the shaded region in the horizontal axis represents the set of points for which1\u2212\u03c3cnfn ( w ) > 0. the shaded region in the vertical axis representssn ."
    ],
    "token": [
      "typical",
      "representation",
      "of\u03c6n",
      "(",
      "w",
      ")",
      "as",
      "a",
      "function",
      "ofw",
      "for",
      "k",
      "=",
      "andq",
      "=",
      "1",
      "(",
      "we",
      "drop",
      "the",
      "dependence",
      "onn",
      "for",
      "clarity",
      ")",
      ".",
      "the",
      "shaded",
      "region",
      "in",
      "the",
      "horizontal",
      "axis",
      "represents",
      "the",
      "set",
      "of",
      "points",
      "for",
      "which1\u2212\u03c3cnfn",
      "(",
      "w",
      ")",
      ">",
      "0.",
      "the",
      "shaded",
      "region",
      "in",
      "the",
      "vertical",
      "axis",
      "representssn",
      "."
    ]
  },
  "2-normalized": {
    "2-1-basic-num": {
      "caption": "typical representation of\u03c6n ( w ) as a function ofw for k = andq = NUM-TK ( we drop the dependence onn for clarity ) . the shaded region in the horizontal axis represents the set of points for which1\u2212\u03c3cnfn ( w ) > NUM-TK the shaded region in the vertical axis representssn .",
      "sentence": [
        "typical representation of\u03c6n ( w ) as a function ofw for k = andq = NUM-TK ( we drop the dependence onn for clarity ) .",
        "the shaded region in the horizontal axis represents the set of points for which1\u2212\u03c3cnfn ( w ) > NUM-TK the shaded region in the vertical axis representssn ."
      ],
      "token": [
        "typical",
        "representation",
        "of\u03c6n",
        "(",
        "w",
        ")",
        "as",
        "a",
        "function",
        "ofw",
        "for",
        "k",
        "=",
        "andq",
        "=",
        "NUM-TK",
        "(",
        "we",
        "drop",
        "the",
        "dependence",
        "onn",
        "for",
        "clarity",
        ")",
        ".",
        "the",
        "shaded",
        "region",
        "in",
        "the",
        "horizontal",
        "axis",
        "represents",
        "the",
        "set",
        "of",
        "points",
        "for",
        "which1\u2212\u03c3cnfn",
        "(",
        "w",
        ")",
        ">",
        "NUM-TK",
        "the",
        "shaded",
        "region",
        "in",
        "the",
        "vertical",
        "axis",
        "representssn",
        "."
      ]
    },
    "2-2-advanced-euqation-bracket": {
      "caption": "typical representation of\u03c6n BRACKET-TK as a function ofw for k = EQUAT-TK BRACKET-TK . the shaded region in the horizontal axis represents the set of points for which1\u2212\u03c3cnfn BRACKET-TK > NUM the shaded region in the vertical axis representssn .",
      "sentence": [
        "typical representation of\u03c6n BRACKET-TK as a function ofw for k = EQUAT-TK BRACKET-TK .",
        "the shaded region in the horizontal axis represents the set of points for which1\u2212\u03c3cnfn BRACKET-TK > NUM the shaded region in the vertical axis representssn ."
      ],
      "tokens": [
        "typical",
        "representation",
        "of\u03c6n",
        "BRACKET-TK",
        "as",
        "a",
        "function",
        "ofw",
        "for",
        "k",
        "=",
        "EQUAT-TK",
        "BRACKET-TK",
        ".",
        "the",
        "shaded",
        "region",
        "in",
        "the",
        "horizontal",
        "axis",
        "represents",
        "the",
        "set",
        "of",
        "points",
        "for",
        "which1\u2212\u03c3cnfn",
        "BRACKET-TK",
        ">",
        "NUM",
        "the",
        "shaded",
        "region",
        "in",
        "the",
        "vertical",
        "axis",
        "representssn",
        "."
      ]
    }
  }
}