{
  "contains-subfigure": false,
  "Img-text": [
    "u0",
    "u1",
    "u2",
    "um",
    "u2",
    "u1",
    "u0",
    "(p\u2032,",
    "q\u2032)",
    "(p\u2032,",
    "q\u2032)",
    "(p\u2032,",
    "q\u2032)",
    "(p,",
    "q)",
    "(p,",
    "q)",
    "length",
    "(p,",
    "q)",
    "height"
  ],
  "paper-ID": "1002.1443v1",
  "figure-ID": "1002.1443v1-Figure2-1.png",
  "figure-type": "Graph Plot",
  "0-originally-extracted": "Fig. 2.Form of pumping",
  "1-lowercase-and-token-and-remove-figure-index": {
    "caption": "form of pumping .",
    "sentence": [
      "form of pumping ."
    ],
    "token": [
      "form",
      "of",
      "pumping",
      "."
    ]
  },
  "2-normalized": {
    "2-1-basic-num": {
      "caption": "form of pumping .",
      "sentence": [
        "form of pumping ."
      ],
      "token": [
        "form",
        "of",
        "pumping",
        "."
      ]
    },
    "2-2-advanced-euqation-bracket": {
      "caption": "form of pumping .",
      "sentence": [
        "form of pumping ."
      ],
      "tokens": [
        "form",
        "of",
        "pumping",
        "."
      ]
    }
  }
}