{
  "contains-subfigure": false,
  "Img-text": [
    "B",
    "D",
    "IN",
    "R",
    "@d",
    "SNR@dBD",
    "30",
    "25",
    "20",
    "15",
    "10",
    "5",
    "0",
    "5",
    "10",
    "15",
    "20",
    "25",
    "30",
    "0",
    "7",
    "a=0.2",
    "a=0.02"
  ],
  "paper-ID": "1002.3931v1",
  "figure-ID": "1002.3931v1-Figure2-1.png",
  "figure-type": "Graph Plot",
  "0-originally-extracted": "Fig. 2. Numerical evaluation of the best response function regions given in (8) for different values ofaj (a in the plot). For a givena, points above the corresponding line belong to the FDM region.",
  "1-lowercase-and-token-and-remove-figure-index": {
    "caption": "numerical evaluation of the best response function regions given in ( 8 ) for different values ofaj ( a in the plot ) . for a givena , points above the corresponding line belong to the fdm region .",
    "sentence": [
      "numerical evaluation of the best response function regions given in ( 8 ) for different values ofaj ( a in the plot ) .",
      "for a givena , points above the corresponding line belong to the fdm region ."
    ],
    "token": [
      "numerical",
      "evaluation",
      "of",
      "the",
      "best",
      "response",
      "function",
      "regions",
      "given",
      "in",
      "(",
      "8",
      ")",
      "for",
      "different",
      "values",
      "ofaj",
      "(",
      "a",
      "in",
      "the",
      "plot",
      ")",
      ".",
      "for",
      "a",
      "givena",
      ",",
      "points",
      "above",
      "the",
      "corresponding",
      "line",
      "belong",
      "to",
      "the",
      "fdm",
      "region",
      "."
    ]
  },
  "2-normalized": {
    "2-1-basic-num": {
      "caption": "numerical evaluation of the best response function regions given in ( NUM-TK ) for different values ofaj ( a in the plot ) . for a givena , points above the corresponding line belong to the fdm region .",
      "sentence": [
        "numerical evaluation of the best response function regions given in ( NUM-TK ) for different values ofaj ( a in the plot ) .",
        "for a givena , points above the corresponding line belong to the fdm region ."
      ],
      "token": [
        "numerical",
        "evaluation",
        "of",
        "the",
        "best",
        "response",
        "function",
        "regions",
        "given",
        "in",
        "(",
        "NUM-TK",
        ")",
        "for",
        "different",
        "values",
        "ofaj",
        "(",
        "a",
        "in",
        "the",
        "plot",
        ")",
        ".",
        "for",
        "a",
        "givena",
        ",",
        "points",
        "above",
        "the",
        "corresponding",
        "line",
        "belong",
        "to",
        "the",
        "fdm",
        "region",
        "."
      ]
    },
    "2-2-advanced-euqation-bracket": {
      "caption": "numerical evaluation of the best response function regions given in BRACKET-TK for different values ofaj BRACKET-TK . for a givena , points above the corresponding line belong to the fdm region .",
      "sentence": [
        "numerical evaluation of the best response function regions given in BRACKET-TK for different values ofaj BRACKET-TK .",
        "for a givena , points above the corresponding line belong to the fdm region ."
      ],
      "tokens": [
        "numerical",
        "evaluation",
        "of",
        "the",
        "best",
        "response",
        "function",
        "regions",
        "given",
        "in",
        "BRACKET-TK",
        "for",
        "different",
        "values",
        "ofaj",
        "BRACKET-TK",
        ".",
        "for",
        "a",
        "givena",
        ",",
        "points",
        "above",
        "the",
        "corresponding",
        "line",
        "belong",
        "to",
        "the",
        "fdm",
        "region",
        "."
      ]
    }
  }
}