{
  "contains-subfigure": false,
  "Img-text": [
    "n",
    "=",
    "2,",
    "16\u2212QAM,",
    "\u03b1",
    "=",
    "1",
    "\u03b2",
    "=",
    "1",
    "\u03b2",
    "=",
    "1.5",
    "\u03b2",
    "=",
    "2",
    "\u03b2",
    "=",
    "4",
    "\u03b2",
    "=",
    "8",
    "(",
    "f",
    "*",
    ")",
    "tio",
    "n",
    "Fr",
    "ac",
    "tio",
    "n",
    "llo",
    "ca",
    "er",
    "A",
    "P",
    "ow",
    "im",
    "al",
    "O",
    "pt",
    "P",
    "T",
    "(dB)",
    "8",
    "0",
    "5",
    "10",
    "15",
    "20",
    "25",
    "30",
    "0.1",
    "0.2",
    "0.3",
    "0.4",
    "0.5",
    "0.6",
    "0.7",
    "0.8",
    "0.9",
    "1"
  ],
  "paper-ID": "1002.4263v1",
  "figure-ID": "1002.4263v1-Figure1-1.png",
  "figure-type": "Graph Plot",
  "0-originally-extracted": "Fig. 1. Plot off\u2217 versusPT for n = 2 parallel channels with\u03b2 = 1, 1.5, 2, 4, 8 and\u03b1 = 1. Input alphabet is16-QAM.",
  "1-lowercase-and-token-and-remove-figure-index": {
    "caption": "plot off\u2217 versuspt for n = 2 parallel channels with\u03b2 = , .5 , 2 , 4 , 8 and\u03b1 = . input alphabet is6-qam .",
    "sentence": [
      "plot off\u2217 versuspt for n = 2 parallel channels with\u03b2 = , .5 , 2 , 4 , 8 and\u03b1 = .",
      "input alphabet is6-qam ."
    ],
    "token": [
      "plot",
      "off\u2217",
      "versuspt",
      "for",
      "n",
      "=",
      "2",
      "parallel",
      "channels",
      "with\u03b2",
      "=",
      ",",
      ".5",
      ",",
      "2",
      ",",
      "4",
      ",",
      "8",
      "and\u03b1",
      "=",
      ".",
      "input",
      "alphabet",
      "is6-qam",
      "."
    ]
  },
  "2-normalized": {
    "2-1-basic-num": {
      "caption": "plot off\u2217 versuspt for n = NUM-TK parallel channels with\u03b2 = , .5 , NUM-TK , NUM-TK , NUM-TK and\u03b1 = . input alphabet is6-qam .",
      "sentence": [
        "plot off\u2217 versuspt for n = NUM-TK parallel channels with\u03b2 = , .5 , NUM-TK , NUM-TK , NUM-TK and\u03b1 = .",
        "input alphabet is6-qam ."
      ],
      "token": [
        "plot",
        "off\u2217",
        "versuspt",
        "for",
        "n",
        "=",
        "NUM-TK",
        "parallel",
        "channels",
        "with\u03b2",
        "=",
        ",",
        ".5",
        ",",
        "NUM-TK",
        ",",
        "NUM-TK",
        ",",
        "NUM-TK",
        "and\u03b1",
        "=",
        ".",
        "input",
        "alphabet",
        "is6-qam",
        "."
      ]
    },
    "2-2-advanced-euqation-bracket": {
      "caption": "plot off\u2217 versuspt for EQUAT-TK parallel channels with\u03b2 = , .5 , NUM , NUM , NUM and\u03b1 = . input alphabet is6-qam .",
      "sentence": [
        "plot off\u2217 versuspt for EQUAT-TK parallel channels with\u03b2 = , .5 , NUM , NUM , NUM and\u03b1 = .",
        "input alphabet is6-qam ."
      ],
      "tokens": [
        "plot",
        "off\u2217",
        "versuspt",
        "for",
        "EQUAT-TK",
        "parallel",
        "channels",
        "with\u03b2",
        "=",
        ",",
        ".5",
        ",",
        "NUM",
        ",",
        "NUM",
        ",",
        "NUM",
        "and\u03b1",
        "=",
        ".",
        "input",
        "alphabet",
        "is6-qam",
        "."
      ]
    }
  }
}