{
  "contains-subfigure": false,
  "Img-text": [],
  "paper-ID": "1002.3320v1",
  "figure-ID": "1002.3320v1-Figure7-1.png",
  "figure-type": "Graph Plot",
  "0-originally-extracted": "Fig. 7. FER performance of the conventional STC-OFDM system for different time delays",
  "1-lowercase-and-token-and-remove-figure-index": {
    "caption": "fer performance of the conventional stc-ofdm system for different time delays .",
    "sentence": [
      "fer performance of the conventional stc-ofdm system for different time delays ."
    ],
    "token": [
      "fer",
      "performance",
      "of",
      "the",
      "conventional",
      "stc-ofdm",
      "system",
      "for",
      "different",
      "time",
      "delays",
      "."
    ]
  },
  "2-normalized": {
    "2-1-basic-num": {
      "caption": "fer performance of the conventional stc-ofdm system for different time delays .",
      "sentence": [
        "fer performance of the conventional stc-ofdm system for different time delays ."
      ],
      "token": [
        "fer",
        "performance",
        "of",
        "the",
        "conventional",
        "stc-ofdm",
        "system",
        "for",
        "different",
        "time",
        "delays",
        "."
      ]
    },
    "2-2-advanced-euqation-bracket": {
      "caption": "fer performance of the conventional stc-ofdm system for different time delays .",
      "sentence": [
        "fer performance of the conventional stc-ofdm system for different time delays ."
      ],
      "tokens": [
        "fer",
        "performance",
        "of",
        "the",
        "conventional",
        "stc-ofdm",
        "system",
        "for",
        "different",
        "time",
        "delays",
        "."
      ]
    }
  }
}