{
  "contains-subfigure": false,
  "Img-text": [],
  "paper-ID": "1002.0026v2",
  "figure-ID": "1002.0026v2-Figure1-1.png",
  "figure-type": "Graph Plot",
  "0-originally-extracted": "Fig. 1. CI-rate (D,E), for B = 8, of steganographic methods based on ternary Hamming codes and on Z2Z4-additive perfect codes.",
  "1-lowercase-and-token-and-remove-figure-index": {
    "caption": "ci-rate ( d , e ) , for b = 8 , of steganographic methods based on ternary hamming codes and on z2z4-additive perfect codes .",
    "sentence": [
      "ci-rate ( d , e ) , for b = 8 , of steganographic methods based on ternary hamming codes and on z2z4-additive perfect codes ."
    ],
    "token": [
      "ci-rate",
      "(",
      "d",
      ",",
      "e",
      ")",
      ",",
      "for",
      "b",
      "=",
      "8",
      ",",
      "of",
      "steganographic",
      "methods",
      "based",
      "on",
      "ternary",
      "hamming",
      "codes",
      "and",
      "on",
      "z2z4-additive",
      "perfect",
      "codes",
      "."
    ]
  },
  "2-normalized": {
    "2-1-basic-num": {
      "caption": "ci-rate ( d , e ) , for b = NUM-TK , of steganographic methods based on ternary hamming codes and on z2z4-additive perfect codes .",
      "sentence": [
        "ci-rate ( d , e ) , for b = NUM-TK , of steganographic methods based on ternary hamming codes and on z2z4-additive perfect codes ."
      ],
      "token": [
        "ci-rate",
        "(",
        "d",
        ",",
        "e",
        ")",
        ",",
        "for",
        "b",
        "=",
        "NUM-TK",
        ",",
        "of",
        "steganographic",
        "methods",
        "based",
        "on",
        "ternary",
        "hamming",
        "codes",
        "and",
        "on",
        "z2z4-additive",
        "perfect",
        "codes",
        "."
      ]
    },
    "2-2-advanced-euqation-bracket": {
      "caption": "ci-rate BRACKET-TK , for EQUAT-TK , of steganographic methods based on ternary hamming codes and on z2z4-additive perfect codes .",
      "sentence": [
        "ci-rate BRACKET-TK , for EQUAT-TK , of steganographic methods based on ternary hamming codes and on z2z4-additive perfect codes ."
      ],
      "tokens": [
        "ci-rate",
        "BRACKET-TK",
        ",",
        "for",
        "EQUAT-TK",
        ",",
        "of",
        "steganographic",
        "methods",
        "based",
        "on",
        "ternary",
        "hamming",
        "codes",
        "and",
        "on",
        "z2z4-additive",
        "perfect",
        "codes",
        "."
      ]
    }
  }
}