{
  "contains-subfigure": false,
  "Img-text": [
    "TP",
    "R",
    "FPR",
    "0",
    "20",
    "40",
    "60",
    "80",
    "100",
    "100",
    "0",
    "10",
    "20",
    "30",
    "40",
    "50",
    "60",
    "70",
    "80",
    "90"
  ],
  "paper-ID": "1002.4006v1",
  "figure-ID": "1002.4006v1-Figure6-1.png",
  "figure-type": "Graph Plot",
  "0-originally-extracted": "Fig. 6. ROC curve for 3 mega-pixel business card images",
  "1-lowercase-and-token-and-remove-figure-index": {
    "caption": "roc curve for 3 mega-pixel business card images .",
    "sentence": [
      "roc curve for 3 mega-pixel business card images ."
    ],
    "token": [
      "roc",
      "curve",
      "for",
      "3",
      "mega-pixel",
      "business",
      "card",
      "images",
      "."
    ]
  },
  "2-normalized": {
    "2-1-basic-num": {
      "caption": "roc curve for NUM-TK mega-pixel business card images .",
      "sentence": [
        "roc curve for NUM-TK mega-pixel business card images ."
      ],
      "token": [
        "roc",
        "curve",
        "for",
        "NUM-TK",
        "mega-pixel",
        "business",
        "card",
        "images",
        "."
      ]
    },
    "2-2-advanced-euqation-bracket": {
      "caption": "roc curve for NUM mega-pixel business card images .",
      "sentence": [
        "roc curve for NUM mega-pixel business card images ."
      ],
      "tokens": [
        "roc",
        "curve",
        "for",
        "NUM",
        "mega-pixel",
        "business",
        "card",
        "images",
        "."
      ]
    }
  }
}