{
  "contains-subfigure": false,
  "Img-text": [
    "\u03b2",
    "=",
    "2",
    "1",
    "2",
    "+",
    "\u03bb",
    "2",
    "2",
    "=",
    "1",
    "n",
    "=",
    "2",
    "\u03b1",
    "=",
    "\u03bb",
    "Waterfilling",
    "\u2212",
    "Gaussian",
    "Signal",
    "Waterfilling",
    "\u2212",
    "4\u2212QAM",
    "Mercury/waterfilling",
    "\u2212",
    "4\u2212QAM",
    "X\u2212Codes",
    "\u2212",
    "4\u2212QAM",
    "Waterfilling",
    "\u2212",
    "16\u2212QAM",
    "Mercury/waterfilling",
    "\u2212",
    "16\u2212QAM",
    "X\u2212Codes",
    "\u2212",
    "16\u2212QAM",
    ")",
    "(b",
    "its",
    "io",
    "n",
    "m",
    "at",
    "nf",
    "or",
    "ua",
    "l",
    "I",
    "M",
    "ut",
    "P",
    "T",
    "(dB)",
    "9",
    "8",
    "7",
    "6",
    "5",
    "4",
    "3",
    "2",
    "1",
    "0",
    "5",
    "10",
    "15",
    "20",
    "25",
    "0"
  ],
  "paper-ID": "1002.4263v1",
  "figure-ID": "1002.4263v1-Figure6-1.png",
  "figure-type": "Graph Plot",
  "0-originally-extracted": "Fig. 6. Mutual information versusPT for n = 2 parallel channels with\u03b2 = 2 and\u03b1 = 1, for 4-QAM and 16-QAM.",
  "1-lowercase-and-token-and-remove-figure-index": {
    "caption": "mutual information versuspt for n = 2 parallel channels with\u03b2 = 2 and\u03b1 = 1 , for 4-qam and 1-qam .",
    "sentence": [
      "mutual information versuspt for n = 2 parallel channels with\u03b2 = 2 and\u03b1 = 1 , for 4-qam and 1-qam ."
    ],
    "token": [
      "mutual",
      "information",
      "versuspt",
      "for",
      "n",
      "=",
      "2",
      "parallel",
      "channels",
      "with\u03b2",
      "=",
      "2",
      "and\u03b1",
      "=",
      "1",
      ",",
      "for",
      "4-qam",
      "and",
      "1-qam",
      "."
    ]
  },
  "2-normalized": {
    "2-1-basic-num": {
      "caption": "mutual information versuspt for n = NUM-TK parallel channels with\u03b2 = NUM-TK and\u03b1 = NUM-TK , for 4-qam and 1-qam .",
      "sentence": [
        "mutual information versuspt for n = NUM-TK parallel channels with\u03b2 = NUM-TK and\u03b1 = NUM-TK , for 4-qam and 1-qam ."
      ],
      "token": [
        "mutual",
        "information",
        "versuspt",
        "for",
        "n",
        "=",
        "NUM-TK",
        "parallel",
        "channels",
        "with\u03b2",
        "=",
        "NUM-TK",
        "and\u03b1",
        "=",
        "NUM-TK",
        ",",
        "for",
        "4-qam",
        "and",
        "1-qam",
        "."
      ]
    },
    "2-2-advanced-euqation-bracket": {
      "caption": "mutual information versuspt for EQUAT-TK parallel channels EQUAT-TK EQUAT-TK , for 4-qam and 1-qam .",
      "sentence": [
        "mutual information versuspt for EQUAT-TK parallel channels EQUAT-TK EQUAT-TK , for 4-qam and 1-qam ."
      ],
      "tokens": [
        "mutual",
        "information",
        "versuspt",
        "for",
        "EQUAT-TK",
        "parallel",
        "channels",
        "EQUAT-TK",
        "EQUAT-TK",
        ",",
        "for",
        "4-qam",
        "and",
        "1-qam",
        "."
      ]
    }
  }
}