{
  "contains-subfigure": false,
  "Img-text": [],
  "paper-ID": "1002.0508v1",
  "figure-ID": "1002.0508v1-Figure4-1.png",
  "figure-type": "Graph Plot",
  "0-originally-extracted": "Figure 4. IR-UWB modulation techniques according to evaluation BER/SNR criteria, on IEEE 802.15.4a UWB channel.",
  "1-lowercase-and-token-and-remove-figure-index": {
    "caption": "ir-uwb modulation techniques according to evaluation ber/snr criteria , on ieee 802.15.a uwb channel .",
    "sentence": [
      "ir-uwb modulation techniques according to evaluation ber/snr criteria , on ieee 802.15.a uwb channel ."
    ],
    "token": [
      "ir-uwb",
      "modulation",
      "techniques",
      "according",
      "to",
      "evaluation",
      "ber/snr",
      "criteria",
      ",",
      "on",
      "ieee",
      "802.15.a",
      "uwb",
      "channel",
      "."
    ]
  },
  "2-normalized": {
    "2-1-basic-num": {
      "caption": "ir-uwb modulation techniques according to evaluation ber/snr criteria , on ieee NUM-TK uwb channel .",
      "sentence": [
        "ir-uwb modulation techniques according to evaluation ber/snr criteria , on ieee NUM-TK uwb channel ."
      ],
      "token": [
        "ir-uwb",
        "modulation",
        "techniques",
        "according",
        "to",
        "evaluation",
        "ber/snr",
        "criteria",
        ",",
        "on",
        "ieee",
        "NUM-TK",
        "uwb",
        "channel",
        "."
      ]
    },
    "2-2-advanced-euqation-bracket": {
      "caption": "ir-uwb modulation techniques according to evaluation ber/snr criteria , on ieee NUM uwb channel .",
      "sentence": [
        "ir-uwb modulation techniques according to evaluation ber/snr criteria , on ieee NUM uwb channel ."
      ],
      "tokens": [
        "ir-uwb",
        "modulation",
        "techniques",
        "according",
        "to",
        "evaluation",
        "ber/snr",
        "criteria",
        ",",
        "on",
        "ieee",
        "NUM",
        "uwb",
        "channel",
        "."
      ]
    }
  }
}