{
  "contains-subfigure": false,
  "Img-text": [
    "\u03b2",
    "=",
    "1",
    "\u03b2",
    "=",
    "1.5",
    "\u03b2",
    "=",
    "2",
    "\u03b2",
    "=",
    "4",
    "\u03b2",
    "=",
    "8",
    "n",
    "=",
    "2,",
    "16\u2212QAM,",
    "\u03b1",
    "=",
    "1",
    "P",
    "T",
    "=",
    "17",
    "dB",
    ")",
    "(",
    "b",
    "its",
    "io",
    "n",
    "m",
    "at",
    "nf",
    "or",
    "ua",
    "l",
    "I",
    "M",
    "ut",
    "\u03b8",
    "(deg)",
    "7",
    "6.5",
    "6",
    "5.5",
    "5",
    "4.5",
    "0",
    "5",
    "10",
    "15",
    "20",
    "25",
    "30",
    "35",
    "40",
    "45",
    "4"
  ],
  "paper-ID": "1002.4263v1",
  "figure-ID": "1002.4263v1-Figure4-1.png",
  "figure-type": "Graph Plot",
  "0-originally-extracted": "Fig. 4. Mutual information of X-Codes versus rotation angle\u03b8 for n = 2 parallel channels with\u03b2 = 1, 1.5, 2, 4, 8, \u03b1 = 1 andPT = 17 dB. Input alphabet is16-QAM.",
  "1-lowercase-and-token-and-remove-figure-index": {
    "caption": "mutual information of x-codes versus rotation angle\u03b8 for n = 2 parallel channels with\u03b2 = 1 , 1.5 , 2 , , 8 , \u03b1 = 1 andpt = 17 db . input alphabet is16-qam .",
    "sentence": [
      "mutual information of x-codes versus rotation angle\u03b8 for n = 2 parallel channels with\u03b2 = 1 , 1.5 , 2 , , 8 , \u03b1 = 1 andpt = 17 db .",
      "input alphabet is16-qam ."
    ],
    "token": [
      "mutual",
      "information",
      "of",
      "x-codes",
      "versus",
      "rotation",
      "angle\u03b8",
      "for",
      "n",
      "=",
      "2",
      "parallel",
      "channels",
      "with\u03b2",
      "=",
      "1",
      ",",
      "1.5",
      ",",
      "2",
      ",",
      ",",
      "8",
      ",",
      "\u03b1",
      "=",
      "1",
      "andpt",
      "=",
      "17",
      "db",
      ".",
      "input",
      "alphabet",
      "is16-qam",
      "."
    ]
  },
  "2-normalized": {
    "2-1-basic-num": {
      "caption": "mutual information of x-codes versus rotation angle\u03b8 for n = NUM-TK parallel channels with\u03b2 = NUM-TK , NUM-TK , NUM-TK , , NUM-TK , \u03b1 = NUM-TK andpt = NUM-TK db . input alphabet is16-qam .",
      "sentence": [
        "mutual information of x-codes versus rotation angle\u03b8 for n = NUM-TK parallel channels with\u03b2 = NUM-TK , NUM-TK , NUM-TK , , NUM-TK , \u03b1 = NUM-TK andpt = NUM-TK db .",
        "input alphabet is16-qam ."
      ],
      "token": [
        "mutual",
        "information",
        "of",
        "x-codes",
        "versus",
        "rotation",
        "angle\u03b8",
        "for",
        "n",
        "=",
        "NUM-TK",
        "parallel",
        "channels",
        "with\u03b2",
        "=",
        "NUM-TK",
        ",",
        "NUM-TK",
        ",",
        "NUM-TK",
        ",",
        ",",
        "NUM-TK",
        ",",
        "\u03b1",
        "=",
        "NUM-TK",
        "andpt",
        "=",
        "NUM-TK",
        "db",
        ".",
        "input",
        "alphabet",
        "is16-qam",
        "."
      ]
    },
    "2-2-advanced-euqation-bracket": {
      "caption": "mutual information of x-codes versus rotation angle\u03b8 for EQUAT-TK parallel channels EQUAT-TK , NUM , NUM , , NUM , EQUAT-TK EQUAT-TK db . input alphabet is16-qam .",
      "sentence": [
        "mutual information of x-codes versus rotation angle\u03b8 for EQUAT-TK parallel channels EQUAT-TK , NUM , NUM , , NUM , EQUAT-TK EQUAT-TK db .",
        "input alphabet is16-qam ."
      ],
      "tokens": [
        "mutual",
        "information",
        "of",
        "x-codes",
        "versus",
        "rotation",
        "angle\u03b8",
        "for",
        "EQUAT-TK",
        "parallel",
        "channels",
        "EQUAT-TK",
        ",",
        "NUM",
        ",",
        "NUM",
        ",",
        ",",
        "NUM",
        ",",
        "EQUAT-TK",
        "EQUAT-TK",
        "db",
        ".",
        "input",
        "alphabet",
        "is16-qam",
        "."
      ]
    }
  }
}