{
  "contains-subfigure": false,
  "Img-text": [
    "Processing",
    "Time",
    "(secs)",
    "Population",
    "Size,",
    "N",
    "100",
    "10",
    "100",
    "1000",
    "1",
    "NSGA-II",
    "NSGA-IIb",
    "NSGA-IIa"
  ],
  "paper-ID": "1002.4005v1",
  "figure-ID": "1002.4005v1-Figure4-1.png",
  "figure-type": "Graph Plot",
  "0-originally-extracted": "Fig. 4. Graph showing the variation of processing time in seconds with the population size, N.",
  "1-lowercase-and-token-and-remove-figure-index": {
    "caption": "graph showing the variation of processing time in seconds with the population size , n .",
    "sentence": [
      "graph showing the variation of processing time in seconds with the population size , n ."
    ],
    "token": [
      "graph",
      "showing",
      "the",
      "variation",
      "of",
      "processing",
      "time",
      "in",
      "seconds",
      "with",
      "the",
      "population",
      "size",
      ",",
      "n",
      "."
    ]
  },
  "2-normalized": {
    "2-1-basic-num": {
      "caption": "graph showing the variation of processing time in seconds with the population size , n .",
      "sentence": [
        "graph showing the variation of processing time in seconds with the population size , n ."
      ],
      "token": [
        "graph",
        "showing",
        "the",
        "variation",
        "of",
        "processing",
        "time",
        "in",
        "seconds",
        "with",
        "the",
        "population",
        "size",
        ",",
        "n",
        "."
      ]
    },
    "2-2-advanced-euqation-bracket": {
      "caption": "graph showing the variation of processing time in seconds with the population size , n .",
      "sentence": [
        "graph showing the variation of processing time in seconds with the population size , n ."
      ],
      "tokens": [
        "graph",
        "showing",
        "the",
        "variation",
        "of",
        "processing",
        "time",
        "in",
        "seconds",
        "with",
        "the",
        "population",
        "size",
        ",",
        "n",
        "."
      ]
    }
  }
}