{
  "contains-subfigure": false,
  "Img-text": [
    "None(BER)",
    "None(PER)",
    "Random(BER)",
    "Random(PER)",
    "Circulant(BER)",
    "Circulant(PER)",
    ")",
    "li",
    "ne",
    "ol",
    "id",
    "e",
    "(s",
    "r",
    "at",
    "rr",
    "or",
    "ke",
    "t",
    "e",
    ",",
    "P",
    "ac",
    "in",
    "e)",
    "do",
    "t",
    "l",
    "te",
    "(",
    "r",
    "ra",
    "er",
    "ro",
    "B",
    "it",
    "Es/N0",
    "10",
    "0",
    "10",
    "\u22121",
    "10",
    "\u22122",
    "10",
    "\u22123",
    "10",
    "\u22124",
    "10",
    "\u22125",
    "\u22126",
    "0",
    "5",
    "10",
    "15",
    "20",
    "25",
    "10"
  ],
  "paper-ID": "1002.3629v1",
  "figure-ID": "1002.3629v1-Figure4-1.png",
  "figure-type": "Graph Plot",
  "0-originally-extracted": "Fig. 4. The performance of GANCC with no explicit channel codes.m = 5, N = 1000.",
  "1-lowercase-and-token-and-remove-figure-index": {
    "caption": "the performance of gancc with no explicit channel codes.m = 5 , n = 1000 .",
    "sentence": [
      "the performance of gancc with no explicit channel codes.m = 5 , n = 1000 ."
    ],
    "token": [
      "the",
      "performance",
      "of",
      "gancc",
      "with",
      "no",
      "explicit",
      "channel",
      "codes.m",
      "=",
      "5",
      ",",
      "n",
      "=",
      "1000",
      "."
    ]
  },
  "2-normalized": {
    "2-1-basic-num": {
      "caption": "the performance of gancc with no explicit channel codes.m = NUM-TK , n = NUM-TK .",
      "sentence": [
        "the performance of gancc with no explicit channel codes.m = NUM-TK , n = NUM-TK ."
      ],
      "token": [
        "the",
        "performance",
        "of",
        "gancc",
        "with",
        "no",
        "explicit",
        "channel",
        "codes.m",
        "=",
        "NUM-TK",
        ",",
        "n",
        "=",
        "NUM-TK",
        "."
      ]
    },
    "2-2-advanced-euqation-bracket": {
      "caption": "the performance of gancc with no explicit channel codes.m = NUM , EQUAT-TK .",
      "sentence": [
        "the performance of gancc with no explicit channel codes.m = NUM , EQUAT-TK ."
      ],
      "tokens": [
        "the",
        "performance",
        "of",
        "gancc",
        "with",
        "no",
        "explicit",
        "channel",
        "codes.m",
        "=",
        "NUM",
        ",",
        "EQUAT-TK",
        "."
      ]
    }
  }
}