{
  "contains-subfigure": false,
  "Img-text": [],
  "paper-ID": "1002.4838v1",
  "figure-ID": "1002.4838v1-Figure5-1.png",
  "figure-type": "Graph Plot",
  "0-originally-extracted": "Fig. 5 Receiver Response for Different Frames Size for Coherent FSK",
  "1-lowercase-and-token-and-remove-figure-index": {
    "caption": "receiver response for different frames size for coherent fsk .",
    "sentence": [
      "receiver response for different frames size for coherent fsk ."
    ],
    "token": [
      "receiver",
      "response",
      "for",
      "different",
      "frames",
      "size",
      "for",
      "coherent",
      "fsk",
      "."
    ]
  },
  "2-normalized": {
    "2-1-basic-num": {
      "caption": "receiver response for different frames size for coherent fsk .",
      "sentence": [
        "receiver response for different frames size for coherent fsk ."
      ],
      "token": [
        "receiver",
        "response",
        "for",
        "different",
        "frames",
        "size",
        "for",
        "coherent",
        "fsk",
        "."
      ]
    },
    "2-2-advanced-euqation-bracket": {
      "caption": "receiver response for different frames size for coherent fsk .",
      "sentence": [
        "receiver response for different frames size for coherent fsk ."
      ],
      "tokens": [
        "receiver",
        "response",
        "for",
        "different",
        "frames",
        "size",
        "for",
        "coherent",
        "fsk",
        "."
      ]
    }
  }
}