{
  "contains-subfigure": false,
  "Img-text": [],
  "paper-ID": "1002.4065v1",
  "figure-ID": "1002.4065v1-Figure3-1.png",
  "figure-type": "Graph Plot",
  "0-originally-extracted": "Figure 3: Simulation results of the BlenX model fits the deterministic saturation curve well. At low amount of initial substrate molecules the original assumptions of Michaelis and Menten do not match and the exact solution diverges from the complex function.",
  "1-lowercase-and-token-and-remove-figure-index": {
    "caption": "simulation results of the blenx model fits the deterministic saturation curve well . at low amount of initial substrate molecules the original assumptions of michaelis and menten do not match and the exact solution diverges from the complex function .",
    "sentence": [
      "simulation results of the blenx model fits the deterministic saturation curve well .",
      "at low amount of initial substrate molecules the original assumptions of michaelis and menten do not match and the exact solution diverges from the complex function ."
    ],
    "token": [
      "simulation",
      "results",
      "of",
      "the",
      "blenx",
      "model",
      "fits",
      "the",
      "deterministic",
      "saturation",
      "curve",
      "well",
      ".",
      "at",
      "low",
      "amount",
      "of",
      "initial",
      "substrate",
      "molecules",
      "the",
      "original",
      "assumptions",
      "of",
      "michaelis",
      "and",
      "menten",
      "do",
      "not",
      "match",
      "and",
      "the",
      "exact",
      "solution",
      "diverges",
      "from",
      "the",
      "complex",
      "function",
      "."
    ]
  },
  "2-normalized": {
    "2-1-basic-num": {
      "caption": "simulation results of the blenx model fits the deterministic saturation curve well . at low amount of initial substrate molecules the original assumptions of michaelis and menten do not match and the exact solution diverges from the complex function .",
      "sentence": [
        "simulation results of the blenx model fits the deterministic saturation curve well .",
        "at low amount of initial substrate molecules the original assumptions of michaelis and menten do not match and the exact solution diverges from the complex function ."
      ],
      "token": [
        "simulation",
        "results",
        "of",
        "the",
        "blenx",
        "model",
        "fits",
        "the",
        "deterministic",
        "saturation",
        "curve",
        "well",
        ".",
        "at",
        "low",
        "amount",
        "of",
        "initial",
        "substrate",
        "molecules",
        "the",
        "original",
        "assumptions",
        "of",
        "michaelis",
        "and",
        "menten",
        "do",
        "not",
        "match",
        "and",
        "the",
        "exact",
        "solution",
        "diverges",
        "from",
        "the",
        "complex",
        "function",
        "."
      ]
    },
    "2-2-advanced-euqation-bracket": {
      "caption": "simulation results of the blenx model fits the deterministic saturation curve well . at low amount of initial substrate molecules the original assumptions of michaelis and menten do not match and the exact solution diverges from the complex function .",
      "sentence": [
        "simulation results of the blenx model fits the deterministic saturation curve well .",
        "at low amount of initial substrate molecules the original assumptions of michaelis and menten do not match and the exact solution diverges from the complex function ."
      ],
      "tokens": [
        "simulation",
        "results",
        "of",
        "the",
        "blenx",
        "model",
        "fits",
        "the",
        "deterministic",
        "saturation",
        "curve",
        "well",
        ".",
        "at",
        "low",
        "amount",
        "of",
        "initial",
        "substrate",
        "molecules",
        "the",
        "original",
        "assumptions",
        "of",
        "michaelis",
        "and",
        "menten",
        "do",
        "not",
        "match",
        "and",
        "the",
        "exact",
        "solution",
        "diverges",
        "from",
        "the",
        "complex",
        "function",
        "."
      ]
    }
  }
}