{
  "contains-subfigure": false,
  "Img-text": [
    "IN",
    "OUT",
    "FMABC\u2212N",
    "PMABC\u2212NR",
    "FTDBC\u2212NR",
    "PTDBC\u2212NR",
    "e",
    "R",
    "at",
    "S",
    "um",
    "SNR",
    "(dB)",
    "18",
    "16",
    "14",
    "12",
    "10",
    "8",
    "6",
    "4",
    "2",
    "0",
    "10",
    "20",
    "30",
    "40",
    "50",
    "0"
  ],
  "paper-ID": "1002.0123v1",
  "figure-ID": "1002.0123v1-Figure11-1.png",
  "figure-type": "Graph Plot",
  "0-originally-extracted": "Fig. 11. Sum rate comparison withH = H1.",
  "1-lowercase-and-token-and-remove-figure-index": {
    "caption": "sum rate comparison withh = h1 .",
    "sentence": [
      "sum rate comparison withh = h1 ."
    ],
    "token": [
      "sum",
      "rate",
      "comparison",
      "withh",
      "=",
      "h1",
      "."
    ]
  },
  "2-normalized": {
    "2-1-basic-num": {
      "caption": "sum rate comparison withh = h1 .",
      "sentence": [
        "sum rate comparison withh = h1 ."
      ],
      "token": [
        "sum",
        "rate",
        "comparison",
        "withh",
        "=",
        "h1",
        "."
      ]
    },
    "2-2-advanced-euqation-bracket": {
      "caption": "sum rate comparison withh = h1 .",
      "sentence": [
        "sum rate comparison withh = h1 ."
      ],
      "tokens": [
        "sum",
        "rate",
        "comparison",
        "withh",
        "=",
        "h1",
        "."
      ]
    }
  }
}