{
  "contains-subfigure": false,
  "Img-text": [
    "constant",
    "power",
    "allocation,",
    "T=ln(M)/\u03bb",
    "constant",
    "power",
    "allocation,",
    "optimal",
    "T",
    "T",
    "M",
    "5",
    "4.5",
    "4",
    "3.5",
    "3",
    "2.5",
    "2",
    "1.5",
    "1",
    "0.5",
    "10",
    "4",
    "10",
    "3",
    "10",
    "2",
    "10",
    "1",
    "10",
    "0"
  ],
  "paper-ID": "1002.4473v1",
  "figure-ID": "1002.4473v1-Figure7-1.png",
  "figure-type": "Graph Plot",
  "0-originally-extracted": "Fig. 7. Constant power allocation. Simple and optimal thresolding",
  "1-lowercase-and-token-and-remove-figure-index": {
    "caption": "constant power allocation . simple and optimal thresolding .",
    "sentence": [
      "constant power allocation .",
      "simple and optimal thresolding ."
    ],
    "token": [
      "constant",
      "power",
      "allocation",
      ".",
      "simple",
      "and",
      "optimal",
      "thresolding",
      "."
    ]
  },
  "2-normalized": {
    "2-1-basic-num": {
      "caption": "constant power allocation . simple and optimal thresolding .",
      "sentence": [
        "constant power allocation .",
        "simple and optimal thresolding ."
      ],
      "token": [
        "constant",
        "power",
        "allocation",
        ".",
        "simple",
        "and",
        "optimal",
        "thresolding",
        "."
      ]
    },
    "2-2-advanced-euqation-bracket": {
      "caption": "constant power allocation . simple and optimal thresolding .",
      "sentence": [
        "constant power allocation .",
        "simple and optimal thresolding ."
      ],
      "tokens": [
        "constant",
        "power",
        "allocation",
        ".",
        "simple",
        "and",
        "optimal",
        "thresolding",
        "."
      ]
    }
  }
}