{
  "contains-subfigure": false,
  "Img-text": [],
  "paper-ID": "1002.2425v1",
  "figure-ID": "1002.2425v1-Figure5-1.png",
  "figure-type": "Graph Plot",
  "0-originally-extracted": "Fig. 5: Overall Performance versus cluster size (# of students) k = 5",
  "1-lowercase-and-token-and-remove-figure-index": {
    "caption": "overall performance versus cluster size ( # of students ) k = .",
    "sentence": [
      "overall performance versus cluster size ( # of students ) k = ."
    ],
    "token": [
      "overall",
      "performance",
      "versus",
      "cluster",
      "size",
      "(",
      "#",
      "of",
      "students",
      ")",
      "k",
      "=",
      "."
    ]
  },
  "2-normalized": {
    "2-1-basic-num": {
      "caption": "overall performance versus cluster size ( # of students ) k = .",
      "sentence": [
        "overall performance versus cluster size ( # of students ) k = ."
      ],
      "token": [
        "overall",
        "performance",
        "versus",
        "cluster",
        "size",
        "(",
        "#",
        "of",
        "students",
        ")",
        "k",
        "=",
        "."
      ]
    },
    "2-2-advanced-euqation-bracket": {
      "caption": "overall performance versus cluster size BRACKET-TK k = .",
      "sentence": [
        "overall performance versus cluster size BRACKET-TK k = ."
      ],
      "tokens": [
        "overall",
        "performance",
        "versus",
        "cluster",
        "size",
        "BRACKET-TK",
        "k",
        "=",
        "."
      ]
    }
  }
}