{
  "contains-subfigure": false,
  "Img-text": [
    "Traditional",
    "estimator",
    "Conditional",
    "estimator",
    "Unconditional",
    "estimator",
    "E",
    "M",
    "S",
    "N",
    "10",
    "0",
    "10",
    "\u22121",
    "10",
    "\u22122",
    "10",
    "\u22123",
    "10",
    "\u22124",
    "10",
    "\u22125",
    "10",
    "\u22126",
    "10",
    "3",
    "10",
    "2",
    "10",
    "1"
  ],
  "paper-ID": "1002.3234v2",
  "figure-ID": "1002.3234v2-Figure10-1.png",
  "figure-type": "Graph Plot",
  "0-originally-extracted": "Figure 10. MSE for the estimators of the localization function vs N",
  "1-lowercase-and-token-and-remove-figure-index": {
    "caption": "mse for the estimators of the localization function vs n .",
    "sentence": [
      "mse for the estimators of the localization function vs n ."
    ],
    "token": [
      "mse",
      "for",
      "the",
      "estimators",
      "of",
      "the",
      "localization",
      "function",
      "vs",
      "n",
      "."
    ]
  },
  "2-normalized": {
    "2-1-basic-num": {
      "caption": "mse for the estimators of the localization function vs n .",
      "sentence": [
        "mse for the estimators of the localization function vs n ."
      ],
      "token": [
        "mse",
        "for",
        "the",
        "estimators",
        "of",
        "the",
        "localization",
        "function",
        "vs",
        "n",
        "."
      ]
    },
    "2-2-advanced-euqation-bracket": {
      "caption": "mse for the estimators of the localization function vs n .",
      "sentence": [
        "mse for the estimators of the localization function vs n ."
      ],
      "tokens": [
        "mse",
        "for",
        "the",
        "estimators",
        "of",
        "the",
        "localization",
        "function",
        "vs",
        "n",
        "."
      ]
    }
  }
}