{
  "contains-subfigure": false,
  "Img-text": [
    "Stat",
    "of",
    "the",
    "art",
    "A/D",
    "converters",
    "A/D",
    "converters",
    "on",
    "the",
    "market",
    "Channel",
    "delay",
    "spread",
    "=",
    "1ns",
    "Channel",
    "delay",
    "spread",
    "=",
    "10ns",
    "Channel",
    "delay",
    "spread",
    "=",
    "50ns",
    "X:",
    "2",
    "Y:",
    "0.3333",
    "X:",
    "2",
    "Y:",
    "0.08333",
    "X:",
    "2",
    "Y:",
    "0.01923",
    "X:",
    "5",
    "Y:",
    "0.5556",
    "X:",
    "5",
    "Y:",
    "0.09259",
    "X:",
    "10",
    "Y:",
    "0.01984",
    "X:",
    "10",
    "Y:",
    "0.09615",
    "/s",
    "bi",
    "ts",
    "-",
    "G",
    "ac",
    "ity",
    "C",
    "ap",
    "nn",
    "el",
    "C",
    "ha",
    "Sampling",
    "Frequency",
    "-",
    "GSPS",
    "IR-UWB",
    "Channel",
    "capacity",
    "versus",
    "sampling",
    "frequency(required",
    "SNR",
    ">=",
    "3dB)",
    "X:",
    "5",
    "Y:",
    "0.01969",
    "X:",
    "10",
    "Y:",
    "0.7143",
    "0.9",
    "0.8",
    "0.7",
    "0.6",
    "0.5",
    "0.4",
    "0.3",
    "0.2",
    "0.1",
    "0",
    "2",
    "4",
    "6",
    "8",
    "10",
    "12",
    "14",
    "16",
    "18",
    "20",
    "0"
  ],
  "paper-ID": "1002.0574v1",
  "figure-ID": "1002.0574v1-Figure6-1.png",
  "figure-type": "Graph Plot",
  "0-originally-extracted": "Fig. 6 \u2013 The IR-UWB channel capacity, in mostly digital cases, for state of the art and available on market data converters.",
  "1-lowercase-and-token-and-remove-figure-index": {
    "caption": "\u2013 the ir-uwb channel capacity , in mostly digital cases , for state of the art and available on market data converters .",
    "sentence": [
      "\u2013 the ir-uwb channel capacity , in mostly digital cases , for state of the art and available on market data converters ."
    ],
    "token": [
      "\u2013",
      "the",
      "ir-uwb",
      "channel",
      "capacity",
      ",",
      "in",
      "mostly",
      "digital",
      "cases",
      ",",
      "for",
      "state",
      "of",
      "the",
      "art",
      "and",
      "available",
      "on",
      "market",
      "data",
      "converters",
      "."
    ]
  },
  "2-normalized": {
    "2-1-basic-num": {
      "caption": "\u2013 the ir-uwb channel capacity , in mostly digital cases , for state of the art and available on market data converters .",
      "sentence": [
        "\u2013 the ir-uwb channel capacity , in mostly digital cases , for state of the art and available on market data converters ."
      ],
      "token": [
        "\u2013",
        "the",
        "ir-uwb",
        "channel",
        "capacity",
        ",",
        "in",
        "mostly",
        "digital",
        "cases",
        ",",
        "for",
        "state",
        "of",
        "the",
        "art",
        "and",
        "available",
        "on",
        "market",
        "data",
        "converters",
        "."
      ]
    },
    "2-2-advanced-euqation-bracket": {
      "caption": "\u2013 the ir-uwb channel capacity , in mostly digital cases , for state of the art and available on market data converters .",
      "sentence": [
        "\u2013 the ir-uwb channel capacity , in mostly digital cases , for state of the art and available on market data converters ."
      ],
      "tokens": [
        "\u2013",
        "the",
        "ir-uwb",
        "channel",
        "capacity",
        ",",
        "in",
        "mostly",
        "digital",
        "cases",
        ",",
        "for",
        "state",
        "of",
        "the",
        "art",
        "and",
        "available",
        "on",
        "market",
        "data",
        "converters",
        "."
      ]
    }
  }
}