{
  "contains-subfigure": false,
  "Img-text": [
    "Sparse",
    "BCS",
    "CS",
    "with",
    "the",
    "real",
    "P",
    "]",
    "e[",
    "%",
    "k",
    "2",
    "4",
    "6",
    "8",
    "10",
    "12",
    "14",
    "16",
    "18",
    "20",
    "0",
    "10",
    "20",
    "30",
    "40",
    "50",
    "60",
    "Error",
    "Vs.",
    "Sparsity",
    "Level"
  ],
  "paper-ID": "1002.2586v2",
  "figure-ID": "1002.2586v2-Figure1-1.png",
  "figure-type": "Graph Plot",
  "0-originally-extracted": "Fig. 1. Reconstruction error as a function of the sparsity level",
  "1-lowercase-and-token-and-remove-figure-index": {
    "caption": "reconstruction error as a function of the sparsity level .",
    "sentence": [
      "reconstruction error as a function of the sparsity level ."
    ],
    "token": [
      "reconstruction",
      "error",
      "as",
      "a",
      "function",
      "of",
      "the",
      "sparsity",
      "level",
      "."
    ]
  },
  "2-normalized": {
    "2-1-basic-num": {
      "caption": "reconstruction error as a function of the sparsity level .",
      "sentence": [
        "reconstruction error as a function of the sparsity level ."
      ],
      "token": [
        "reconstruction",
        "error",
        "as",
        "a",
        "function",
        "of",
        "the",
        "sparsity",
        "level",
        "."
      ]
    },
    "2-2-advanced-euqation-bracket": {
      "caption": "reconstruction error as a function of the sparsity level .",
      "sentence": [
        "reconstruction error as a function of the sparsity level ."
      ],
      "tokens": [
        "reconstruction",
        "error",
        "as",
        "a",
        "function",
        "of",
        "the",
        "sparsity",
        "level",
        "."
      ]
    }
  }
}