{
  "contains-subfigure": false,
  "Img-text": [],
  "paper-ID": "1002.0511v1",
  "figure-ID": "1002.0511v1-Figure6-1.png",
  "figure-type": "Graph Plot",
  "0-originally-extracted": "Figure 6. IR-UWB techniques in UWB channel: residential LOS, versus continuous carrier wave technique in Rician channel (K=4), according to the BER versus Eb/N0 criteria.",
  "1-lowercase-and-token-and-remove-figure-index": {
    "caption": "ir-uwb techniques in uwb channel : residential los , versus continuous carrier wave technique in rician channel ( k=4 ) , according to the ber versus eb/n0 criteria .",
    "sentence": [
      "ir-uwb techniques in uwb channel : residential los , versus continuous carrier wave technique in rician channel ( k=4 ) , according to the ber versus eb/n0 criteria ."
    ],
    "token": [
      "ir-uwb",
      "techniques",
      "in",
      "uwb",
      "channel",
      ":",
      "residential",
      "los",
      ",",
      "versus",
      "continuous",
      "carrier",
      "wave",
      "technique",
      "in",
      "rician",
      "channel",
      "(",
      "k=4",
      ")",
      ",",
      "according",
      "to",
      "the",
      "ber",
      "versus",
      "eb/n0",
      "criteria",
      "."
    ]
  },
  "2-normalized": {
    "2-1-basic-num": {
      "caption": "ir-uwb techniques in uwb channel : residential los , versus continuous carrier wave technique in rician channel ( k=4 ) , according to the ber versus eb/n0 criteria .",
      "sentence": [
        "ir-uwb techniques in uwb channel : residential los , versus continuous carrier wave technique in rician channel ( k=4 ) , according to the ber versus eb/n0 criteria ."
      ],
      "token": [
        "ir-uwb",
        "techniques",
        "in",
        "uwb",
        "channel",
        ":",
        "residential",
        "los",
        ",",
        "versus",
        "continuous",
        "carrier",
        "wave",
        "technique",
        "in",
        "rician",
        "channel",
        "(",
        "k=4",
        ")",
        ",",
        "according",
        "to",
        "the",
        "ber",
        "versus",
        "eb/n0",
        "criteria",
        "."
      ]
    },
    "2-2-advanced-euqation-bracket": {
      "caption": "ir-uwb techniques in uwb channel : residential los , versus continuous carrier wave technique in rician channel BRACKET-TK , according to the ber versus eb/n0 criteria .",
      "sentence": [
        "ir-uwb techniques in uwb channel : residential los , versus continuous carrier wave technique in rician channel BRACKET-TK , according to the ber versus eb/n0 criteria ."
      ],
      "tokens": [
        "ir-uwb",
        "techniques",
        "in",
        "uwb",
        "channel",
        ":",
        "residential",
        "los",
        ",",
        "versus",
        "continuous",
        "carrier",
        "wave",
        "technique",
        "in",
        "rician",
        "channel",
        "BRACKET-TK",
        ",",
        "according",
        "to",
        "the",
        "ber",
        "versus",
        "eb/n0",
        "criteria",
        "."
      ]
    }
  }
}