{
  "contains-subfigure": false,
  "Img-text": [],
  "paper-ID": "1002.4724v1",
  "figure-ID": "1002.4724v1-Figure1-1.png",
  "figure-type": "Graph Plot",
  "0-originally-extracted": "Fig. 1. MSEs of the fusion estimate kt \u03b8\u0302 using FF and CI",
  "1-lowercase-and-token-and-remove-figure-index": {
    "caption": "mses of the fusion estimate kt \u03b8\u0302 using ff and ci .",
    "sentence": [
      "mses of the fusion estimate kt \u03b8\u0302 using ff and ci ."
    ],
    "token": [
      "mses",
      "of",
      "the",
      "fusion",
      "estimate",
      "kt",
      "\u03b8\u0302",
      "using",
      "ff",
      "and",
      "ci",
      "."
    ]
  },
  "2-normalized": {
    "2-1-basic-num": {
      "caption": "mses of the fusion estimate kt \u03b8\u0302 using ff and ci .",
      "sentence": [
        "mses of the fusion estimate kt \u03b8\u0302 using ff and ci ."
      ],
      "token": [
        "mses",
        "of",
        "the",
        "fusion",
        "estimate",
        "kt",
        "\u03b8\u0302",
        "using",
        "ff",
        "and",
        "ci",
        "."
      ]
    },
    "2-2-advanced-euqation-bracket": {
      "caption": "mses of the fusion estimate kt \u03b8\u0302 using ff and ci .",
      "sentence": [
        "mses of the fusion estimate kt \u03b8\u0302 using ff and ci ."
      ],
      "tokens": [
        "mses",
        "of",
        "the",
        "fusion",
        "estimate",
        "kt",
        "\u03b8\u0302",
        "using",
        "ff",
        "and",
        "ci",
        "."
      ]
    }
  }
}