{
  "contains-subfigure": false,
  "Img-text": [
    "Term:",
    "Music",
    "Term:",
    "Chart",
    "Term:",
    "Hit",
    "IN:",
    "Pop",
    "Music"
  ],
  "paper-ID": "1002.3238v2",
  "figure-ID": "1002.3238v2-Figure1-1.png",
  "figure-type": "Graph Plot",
  "0-originally-extracted": "Figure 1: A pure IN in a term space",
  "1-lowercase-and-token-and-remove-figure-index": {
    "caption": "a pure in in a term space .",
    "sentence": [
      "a pure in in a term space ."
    ],
    "token": [
      "a",
      "pure",
      "in",
      "in",
      "a",
      "term",
      "space",
      "."
    ]
  },
  "2-normalized": {
    "2-1-basic-num": {
      "caption": "a pure in in a term space .",
      "sentence": [
        "a pure in in a term space ."
      ],
      "token": [
        "a",
        "pure",
        "in",
        "in",
        "a",
        "term",
        "space",
        "."
      ]
    },
    "2-2-advanced-euqation-bracket": {
      "caption": "a pure in in a term space .",
      "sentence": [
        "a pure in in a term space ."
      ],
      "tokens": [
        "a",
        "pure",
        "in",
        "in",
        "a",
        "term",
        "space",
        "."
      ]
    }
  }
}