{
  "contains-subfigure": false,
  "Img-text": [
    "fX0",
    "fX1",
    "fX2",
    "fX3",
    "fX4",
    "x",
    "0.9",
    "0.8",
    "0.7",
    "0.6",
    "0.5",
    "0.4",
    "0.3",
    "0.2",
    "0.1",
    "\u221220",
    "\u221210",
    "0",
    "10",
    "20",
    "30",
    "40",
    "0"
  ],
  "paper-ID": "1002.3117v3",
  "figure-ID": "1002.3117v3-Figure2-1.png",
  "figure-type": "Graph Plot",
  "0-originally-extracted": "Figure 2: Probability density functions ofXl for l = 0, . . . , 4, (dL, dR) = (3, 6) and\u03c3 = 0.7.",
  "1-lowercase-and-token-and-remove-figure-index": {
    "caption": "probability density functions ofxl for l = 0 , . . . , 4 , ( dl , dr ) = ( 3 , 6 ) and\u03c3 = 0.7 .",
    "sentence": [
      "probability density functions ofxl for l = 0 , .",
      ".",
      ".",
      ", 4 , ( dl , dr ) = ( 3 , 6 ) and\u03c3 = 0.7 ."
    ],
    "token": [
      "probability",
      "density",
      "functions",
      "ofxl",
      "for",
      "l",
      "=",
      "0",
      ",",
      ".",
      ".",
      ".",
      ",",
      "4",
      ",",
      "(",
      "dl",
      ",",
      "dr",
      ")",
      "=",
      "(",
      "3",
      ",",
      "6",
      ")",
      "and\u03c3",
      "=",
      "0.7",
      "."
    ]
  },
  "2-normalized": {
    "2-1-basic-num": {
      "caption": "probability density functions ofxl for l = NUM-TK , . . . , NUM-TK , ( dl , dr ) = ( NUM-TK , NUM-TK ) and\u03c3 = NUM-TK .",
      "sentence": [
        "probability density functions ofxl for l = NUM-TK , .",
        ".",
        ".",
        ", NUM-TK , ( dl , dr ) = ( NUM-TK , NUM-TK ) and\u03c3 = NUM-TK ."
      ],
      "token": [
        "probability",
        "density",
        "functions",
        "ofxl",
        "for",
        "l",
        "=",
        "NUM-TK",
        ",",
        ".",
        ".",
        ".",
        ",",
        "NUM-TK",
        ",",
        "(",
        "dl",
        ",",
        "dr",
        ")",
        "=",
        "(",
        "NUM-TK",
        ",",
        "NUM-TK",
        ")",
        "and\u03c3",
        "=",
        "NUM-TK",
        "."
      ]
    },
    "2-2-advanced-euqation-bracket": {
      "caption": "probability density functions ofxl for EQUAT-TK , . . . , NUM , BRACKET-TK = BRACKET-TK EQUAT-TK .",
      "sentence": [
        "probability density functions ofxl for EQUAT-TK , .",
        ".",
        ".",
        ", NUM , BRACKET-TK = BRACKET-TK EQUAT-TK ."
      ],
      "tokens": [
        "probability",
        "density",
        "functions",
        "ofxl",
        "for",
        "EQUAT-TK",
        ",",
        ".",
        ".",
        ".",
        ",",
        "NUM",
        ",",
        "BRACKET-TK",
        "=",
        "BRACKET-TK",
        "EQUAT-TK",
        "."
      ]
    }
  }
}