{
  "contains-subfigure": false,
  "Img-text": [],
  "paper-ID": "1002.2243v1",
  "figure-ID": "1002.2243v1-Figure3-1.png",
  "figure-type": "Graph Plot",
  "0-originally-extracted": "Fig. 3: Annual production of electricity (GWh) in CA from wind (green circles) and all sources (blue squares) by year.",
  "1-lowercase-and-token-and-remove-figure-index": {
    "caption": "annual production of electricity ( gwh ) in ca from wind ( green circles ) and all sources ( blue squares ) by year .",
    "sentence": [
      "annual production of electricity ( gwh ) in ca from wind ( green circles ) and all sources ( blue squares ) by year ."
    ],
    "token": [
      "annual",
      "production",
      "of",
      "electricity",
      "(",
      "gwh",
      ")",
      "in",
      "ca",
      "from",
      "wind",
      "(",
      "green",
      "circles",
      ")",
      "and",
      "all",
      "sources",
      "(",
      "blue",
      "squares",
      ")",
      "by",
      "year",
      "."
    ]
  },
  "2-normalized": {
    "2-1-basic-num": {
      "caption": "annual production of electricity ( gwh ) in ca from wind ( green circles ) and all sources ( blue squares ) by year .",
      "sentence": [
        "annual production of electricity ( gwh ) in ca from wind ( green circles ) and all sources ( blue squares ) by year ."
      ],
      "token": [
        "annual",
        "production",
        "of",
        "electricity",
        "(",
        "gwh",
        ")",
        "in",
        "ca",
        "from",
        "wind",
        "(",
        "green",
        "circles",
        ")",
        "and",
        "all",
        "sources",
        "(",
        "blue",
        "squares",
        ")",
        "by",
        "year",
        "."
      ]
    },
    "2-2-advanced-euqation-bracket": {
      "caption": "annual production of electricity BRACKET-TK in ca from wind BRACKET-TK and all sources BRACKET-TK by year .",
      "sentence": [
        "annual production of electricity BRACKET-TK in ca from wind BRACKET-TK and all sources BRACKET-TK by year ."
      ],
      "tokens": [
        "annual",
        "production",
        "of",
        "electricity",
        "BRACKET-TK",
        "in",
        "ca",
        "from",
        "wind",
        "BRACKET-TK",
        "and",
        "all",
        "sources",
        "BRACKET-TK",
        "by",
        "year",
        "."
      ]
    }
  }
}