{
  "contains-subfigure": false,
  "Img-text": [
    "Iterative",
    "IA",
    "Min",
    "INL",
    "MMSE",
    "Max",
    "SINR",
    "Closed",
    "form",
    "Random",
    "BF",
    "Approx",
    "SINR",
    "Greedy",
    "z",
    "s/",
    "H",
    "e",
    "b/",
    "R",
    "at",
    "S",
    "um",
    "\u03c1",
    "(dB)",
    "16",
    "14",
    "12",
    "10",
    "8",
    "6",
    "4",
    "0",
    "5",
    "10",
    "15",
    "20",
    "25",
    "30",
    "35",
    "40",
    "2"
  ],
  "paper-ID": "1002.0424v2",
  "figure-ID": "1002.0424v2-Figure4-1.png",
  "figure-type": "Graph Plot",
  "0-originally-extracted": "Fig. 4. Sum rate vs. \u03c1k = \u03c1E = \u03c1 for each algorithm discussed in Section III for the case where a rank-one uncoordinated interferer is introduced into the (2,2,3) network with S = 1 stream per user. The interferer\u2019s transmit power is scaled with the transmitters in the network so the degrees of freedom are reduced, and the network is interference-limited at high values of \u03c1. The MMSE algorithm is an exception because it has a power inequality constraint on its precoders and can thus allow two transmitters to turn off, giving the remaining transmitter one degree of freedom, so the sum capacity scales linearly with \u03c1.",
  "1-lowercase-and-token-and-remove-figure-index": {
    "caption": "sum rate vs. \u03c1k = \u03c1e = \u03c1 for each algorithm discussed in section iii for the case where a rank-one uncoordinated interferer is introduced into the ( 2,2,3 ) network with s = 1 stream per user . the interferer \u2019 s transmit power is scaled with the transmitters in the network so the degrees of freedom are reduced , and the network is interference-limited at high values of \u03c1. the mmse algorithm is an exception because it has a power inequality constraint on its precoders and can thus allow two transmitters to turn off , giving the remaining transmitter one degree of freedom , so the sum capacity scales linearly with \u03c1 .",
    "sentence": [
      "sum rate vs. \u03c1k = \u03c1e = \u03c1 for each algorithm discussed in section iii for the case where a rank-one uncoordinated interferer is introduced into the ( 2,2,3 ) network with s = 1 stream per user .",
      "the interferer \u2019 s transmit power is scaled with the transmitters in the network so the degrees of freedom are reduced , and the network is interference-limited at high values of \u03c1. the mmse algorithm is an exception because it has a power inequality constraint on its precoders and can thus allow two transmitters to turn off , giving the remaining transmitter one degree of freedom , so the sum capacity scales linearly with \u03c1 ."
    ],
    "token": [
      "sum",
      "rate",
      "vs.",
      "\u03c1k",
      "=",
      "\u03c1e",
      "=",
      "\u03c1",
      "for",
      "each",
      "algorithm",
      "discussed",
      "in",
      "section",
      "iii",
      "for",
      "the",
      "case",
      "where",
      "a",
      "rank-one",
      "uncoordinated",
      "interferer",
      "is",
      "introduced",
      "into",
      "the",
      "(",
      "2,2,3",
      ")",
      "network",
      "with",
      "s",
      "=",
      "1",
      "stream",
      "per",
      "user",
      ".",
      "the",
      "interferer",
      "\u2019",
      "s",
      "transmit",
      "power",
      "is",
      "scaled",
      "with",
      "the",
      "transmitters",
      "in",
      "the",
      "network",
      "so",
      "the",
      "degrees",
      "of",
      "freedom",
      "are",
      "reduced",
      ",",
      "and",
      "the",
      "network",
      "is",
      "interference-limited",
      "at",
      "high",
      "values",
      "of",
      "\u03c1.",
      "the",
      "mmse",
      "algorithm",
      "is",
      "an",
      "exception",
      "because",
      "it",
      "has",
      "a",
      "power",
      "inequality",
      "constraint",
      "on",
      "its",
      "precoders",
      "and",
      "can",
      "thus",
      "allow",
      "two",
      "transmitters",
      "to",
      "turn",
      "off",
      ",",
      "giving",
      "the",
      "remaining",
      "transmitter",
      "one",
      "degree",
      "of",
      "freedom",
      ",",
      "so",
      "the",
      "sum",
      "capacity",
      "scales",
      "linearly",
      "with",
      "\u03c1",
      "."
    ]
  },
  "2-normalized": {
    "2-1-basic-num": {
      "caption": "sum rate vs. \u03c1k = \u03c1e = \u03c1 for each algorithm discussed in section iii for the case where a rank-one uncoordinated interferer is introduced into the ( NUM-TK ) network with s = NUM-TK stream per user . the interferer \u2019 s transmit power is scaled with the transmitters in the network so the degrees of freedom are reduced , and the network is interference-limited at high values of \u03c1. the mmse algorithm is an exception because it has a power inequality constraint on its precoders and can thus allow NUM-TK transmitters to turn off , giving the remaining transmitter NUM-TK degree of freedom , so the sum capacity scales linearly with \u03c1 .",
      "sentence": [
        "sum rate vs. \u03c1k = \u03c1e = \u03c1 for each algorithm discussed in section iii for the case where a rank-one uncoordinated interferer is introduced into the ( NUM-TK ) network with s = NUM-TK stream per user .",
        "the interferer \u2019 s transmit power is scaled with the transmitters in the network so the degrees of freedom are reduced , and the network is interference-limited at high values of \u03c1. the mmse algorithm is an exception because it has a power inequality constraint on its precoders and can thus allow NUM-TK transmitters to turn off , giving the remaining transmitter NUM-TK degree of freedom , so the sum capacity scales linearly with \u03c1 ."
      ],
      "token": [
        "sum",
        "rate",
        "vs.",
        "\u03c1k",
        "=",
        "\u03c1e",
        "=",
        "\u03c1",
        "for",
        "each",
        "algorithm",
        "discussed",
        "in",
        "section",
        "iii",
        "for",
        "the",
        "case",
        "where",
        "a",
        "rank-one",
        "uncoordinated",
        "interferer",
        "is",
        "introduced",
        "into",
        "the",
        "(",
        "NUM-TK",
        ")",
        "network",
        "with",
        "s",
        "=",
        "NUM-TK",
        "stream",
        "per",
        "user",
        ".",
        "the",
        "interferer",
        "\u2019",
        "s",
        "transmit",
        "power",
        "is",
        "scaled",
        "with",
        "the",
        "transmitters",
        "in",
        "the",
        "network",
        "so",
        "the",
        "degrees",
        "of",
        "freedom",
        "are",
        "reduced",
        ",",
        "and",
        "the",
        "network",
        "is",
        "interference-limited",
        "at",
        "high",
        "values",
        "of",
        "\u03c1.",
        "the",
        "mmse",
        "algorithm",
        "is",
        "an",
        "exception",
        "because",
        "it",
        "has",
        "a",
        "power",
        "inequality",
        "constraint",
        "on",
        "its",
        "precoders",
        "and",
        "can",
        "thus",
        "allow",
        "NUM-TK",
        "transmitters",
        "to",
        "turn",
        "off",
        ",",
        "giving",
        "the",
        "remaining",
        "transmitter",
        "NUM-TK",
        "degree",
        "of",
        "freedom",
        ",",
        "so",
        "the",
        "sum",
        "capacity",
        "scales",
        "linearly",
        "with",
        "\u03c1",
        "."
      ]
    },
    "2-2-advanced-euqation-bracket": {
      "caption": "sum rate vs. \u03c1k = \u03c1e = \u03c1 for each algorithm discussed in section iii for the case where a rank-one uncoordinated interferer is introduced into the BRACKET-TK network with EQUAT-TK stream per user . the interferer \u2019 s transmit power is scaled with the transmitters in the network so the degrees of freedom are reduced , and the network is interference-limited at high values of \u03c1. the mmse algorithm is an exception because it has a power inequality constraint on its precoders and can thus allow NUM transmitters to turn off , giving the remaining transmitter NUM degree of freedom , so the sum capacity scales linearly with \u03c1 .",
      "sentence": [
        "sum rate vs. \u03c1k = \u03c1e = \u03c1 for each algorithm discussed in section iii for the case where a rank-one uncoordinated interferer is introduced into the BRACKET-TK network with EQUAT-TK stream per user .",
        "the interferer \u2019 s transmit power is scaled with the transmitters in the network so the degrees of freedom are reduced , and the network is interference-limited at high values of \u03c1. the mmse algorithm is an exception because it has a power inequality constraint on its precoders and can thus allow NUM transmitters to turn off , giving the remaining transmitter NUM degree of freedom , so the sum capacity scales linearly with \u03c1 ."
      ],
      "tokens": [
        "sum",
        "rate",
        "vs.",
        "\u03c1k",
        "=",
        "\u03c1e",
        "=",
        "\u03c1",
        "for",
        "each",
        "algorithm",
        "discussed",
        "in",
        "section",
        "iii",
        "for",
        "the",
        "case",
        "where",
        "a",
        "rank-one",
        "uncoordinated",
        "interferer",
        "is",
        "introduced",
        "into",
        "the",
        "BRACKET-TK",
        "network",
        "with",
        "EQUAT-TK",
        "stream",
        "per",
        "user",
        ".",
        "the",
        "interferer",
        "\u2019",
        "s",
        "transmit",
        "power",
        "is",
        "scaled",
        "with",
        "the",
        "transmitters",
        "in",
        "the",
        "network",
        "so",
        "the",
        "degrees",
        "of",
        "freedom",
        "are",
        "reduced",
        ",",
        "and",
        "the",
        "network",
        "is",
        "interference-limited",
        "at",
        "high",
        "values",
        "of",
        "\u03c1.",
        "the",
        "mmse",
        "algorithm",
        "is",
        "an",
        "exception",
        "because",
        "it",
        "has",
        "a",
        "power",
        "inequality",
        "constraint",
        "on",
        "its",
        "precoders",
        "and",
        "can",
        "thus",
        "allow",
        "NUM",
        "transmitters",
        "to",
        "turn",
        "off",
        ",",
        "giving",
        "the",
        "remaining",
        "transmitter",
        "NUM",
        "degree",
        "of",
        "freedom",
        ",",
        "so",
        "the",
        "sum",
        "capacity",
        "scales",
        "linearly",
        "with",
        "\u03c1",
        "."
      ]
    }
  }
}