{
  "contains-subfigure": false,
  "Img-text": [],
  "paper-ID": "1002.1285v1",
  "figure-ID": "1002.1285v1-Figure1-1.png",
  "figure-type": "Graph Plot",
  "0-originally-extracted": "Figure 1. The standardization transformation function for inverse mapping with the various parameters shown.",
  "1-lowercase-and-token-and-remove-figure-index": {
    "caption": "the standardization transformation function for inverse mapping with the various parameters shown .",
    "sentence": [
      "the standardization transformation function for inverse mapping with the various parameters shown ."
    ],
    "token": [
      "the",
      "standardization",
      "transformation",
      "function",
      "for",
      "inverse",
      "mapping",
      "with",
      "the",
      "various",
      "parameters",
      "shown",
      "."
    ]
  },
  "2-normalized": {
    "2-1-basic-num": {
      "caption": "the standardization transformation function for inverse mapping with the various parameters shown .",
      "sentence": [
        "the standardization transformation function for inverse mapping with the various parameters shown ."
      ],
      "token": [
        "the",
        "standardization",
        "transformation",
        "function",
        "for",
        "inverse",
        "mapping",
        "with",
        "the",
        "various",
        "parameters",
        "shown",
        "."
      ]
    },
    "2-2-advanced-euqation-bracket": {
      "caption": "the standardization transformation function for inverse mapping with the various parameters shown .",
      "sentence": [
        "the standardization transformation function for inverse mapping with the various parameters shown ."
      ],
      "tokens": [
        "the",
        "standardization",
        "transformation",
        "function",
        "for",
        "inverse",
        "mapping",
        "with",
        "the",
        "various",
        "parameters",
        "shown",
        "."
      ]
    }
  }
}