{
  "contains-subfigure": false,
  "Img-text": [
    "Partition",
    "0",
    "20",
    "40",
    "60",
    "80",
    "100",
    "120",
    "Nmap",
    "Pts/ssh",
    "1.",
    "0",
    "0.",
    "8",
    "0.",
    "6",
    "0.",
    "4",
    "0.",
    "2",
    "0.",
    "0",
    "en",
    "t",
    "ffi",
    "ci",
    "C",
    "oe",
    "A",
    "V",
    "M",
    "C"
  ],
  "paper-ID": "1002.0276v1",
  "figure-ID": "1002.0276v1-Figure6-1.png",
  "figure-type": "Graph Plot",
  "0-originally-extracted": "Figure 6: MCAV per 1000 antigens for the passive normal dataset. Nmap and Pts processes detected and represented.",
  "1-lowercase-and-token-and-remove-figure-index": {
    "caption": "mcav per 1000 antigens for the passive normal dataset . nmap and pts processes detected and represented .",
    "sentence": [
      "mcav per 1000 antigens for the passive normal dataset .",
      "nmap and pts processes detected and represented ."
    ],
    "token": [
      "mcav",
      "per",
      "1000",
      "antigens",
      "for",
      "the",
      "passive",
      "normal",
      "dataset",
      ".",
      "nmap",
      "and",
      "pts",
      "processes",
      "detected",
      "and",
      "represented",
      "."
    ]
  },
  "2-normalized": {
    "2-1-basic-num": {
      "caption": "mcav per NUM-TK antigens for the passive normal dataset . nmap and pts processes detected and represented .",
      "sentence": [
        "mcav per NUM-TK antigens for the passive normal dataset .",
        "nmap and pts processes detected and represented ."
      ],
      "token": [
        "mcav",
        "per",
        "NUM-TK",
        "antigens",
        "for",
        "the",
        "passive",
        "normal",
        "dataset",
        ".",
        "nmap",
        "and",
        "pts",
        "processes",
        "detected",
        "and",
        "represented",
        "."
      ]
    },
    "2-2-advanced-euqation-bracket": {
      "caption": "mcav per NUM antigens for the passive normal dataset . nmap and pts processes detected and represented .",
      "sentence": [
        "mcav per NUM antigens for the passive normal dataset .",
        "nmap and pts processes detected and represented ."
      ],
      "tokens": [
        "mcav",
        "per",
        "NUM",
        "antigens",
        "for",
        "the",
        "passive",
        "normal",
        "dataset",
        ".",
        "nmap",
        "and",
        "pts",
        "processes",
        "detected",
        "and",
        "represented",
        "."
      ]
    }
  }
}