{
  "contains-subfigure": false,
  "Img-text": [],
  "paper-ID": "1002.4833v1",
  "figure-ID": "1002.4833v1-Figure8-1.png",
  "figure-type": "Graph Plot",
  "0-originally-extracted": "Fig. 8. Comparison of one UP station and one DOWN station scenario.",
  "1-lowercase-and-token-and-remove-figure-index": {
    "caption": "comparison of one up station and one down station scenario .",
    "sentence": [
      "comparison of one up station and one down station scenario ."
    ],
    "token": [
      "comparison",
      "of",
      "one",
      "up",
      "station",
      "and",
      "one",
      "down",
      "station",
      "scenario",
      "."
    ]
  },
  "2-normalized": {
    "2-1-basic-num": {
      "caption": "comparison of NUM-TK up station and NUM-TK down station scenario .",
      "sentence": [
        "comparison of NUM-TK up station and NUM-TK down station scenario ."
      ],
      "token": [
        "comparison",
        "of",
        "NUM-TK",
        "up",
        "station",
        "and",
        "NUM-TK",
        "down",
        "station",
        "scenario",
        "."
      ]
    },
    "2-2-advanced-euqation-bracket": {
      "caption": "comparison of NUM up station and NUM down station scenario .",
      "sentence": [
        "comparison of NUM up station and NUM down station scenario ."
      ],
      "tokens": [
        "comparison",
        "of",
        "NUM",
        "up",
        "station",
        "and",
        "NUM",
        "down",
        "station",
        "scenario",
        "."
      ]
    }
  }
}