{
  "contains-subfigure": false,
  "Img-text": [
    "Local",
    "Matching",
    "Strategy",
    "Global",
    "Matching",
    "Strategy",
    "ROC",
    "Curves",
    "Determined",
    "on",
    "ORL",
    "Face",
    "Database",
    "->",
    "e",
    "--",
    "R",
    "at",
    "ti",
    "on",
    "ej",
    "ec",
    "se",
    "R",
    "F",
    "al",
    "--",
    "-",
    "<---",
    "False",
    "Acceptance",
    "Rate",
    "--->",
    "<",
    "90",
    "80",
    "70",
    "60",
    "50",
    "40",
    "30",
    "20",
    "10",
    "0",
    "10",
    "2",
    "10",
    "1",
    "10",
    "0"
  ],
  "paper-ID": "1002.0382v1",
  "figure-ID": "1002.0382v1-Figure5-1.png",
  "figure-type": "Graph Plot",
  "0-originally-extracted": "Figure 5: ROC curves determined on ORL face database are shown for local and global matching strategies.",
  "1-lowercase-and-token-and-remove-figure-index": {
    "caption": "roc curves determined on orl face database are shown for local and global matching strategies .",
    "sentence": [
      "roc curves determined on orl face database are shown for local and global matching strategies ."
    ],
    "token": [
      "roc",
      "curves",
      "determined",
      "on",
      "orl",
      "face",
      "database",
      "are",
      "shown",
      "for",
      "local",
      "and",
      "global",
      "matching",
      "strategies",
      "."
    ]
  },
  "2-normalized": {
    "2-1-basic-num": {
      "caption": "roc curves determined on orl face database are shown for local and global matching strategies .",
      "sentence": [
        "roc curves determined on orl face database are shown for local and global matching strategies ."
      ],
      "token": [
        "roc",
        "curves",
        "determined",
        "on",
        "orl",
        "face",
        "database",
        "are",
        "shown",
        "for",
        "local",
        "and",
        "global",
        "matching",
        "strategies",
        "."
      ]
    },
    "2-2-advanced-euqation-bracket": {
      "caption": "roc curves determined on orl face database are shown for local and global matching strategies .",
      "sentence": [
        "roc curves determined on orl face database are shown for local and global matching strategies ."
      ],
      "tokens": [
        "roc",
        "curves",
        "determined",
        "on",
        "orl",
        "face",
        "database",
        "are",
        "shown",
        "for",
        "local",
        "and",
        "global",
        "matching",
        "strategies",
        "."
      ]
    }
  }
}