{
  "contains-subfigure": false,
  "Img-text": [
    "Original",
    "(without",
    "ACE)",
    "One",
    "iteration",
    "3",
    "iterations",
    "5",
    "iterations",
    "7",
    "iterations",
    "R",
    "0",
    "}",
    "A",
    "P",
    ">",
    "P",
    "P",
    "R",
    "P",
    "A",
    "P",
    "r{",
    "PAPR",
    "0",
    "(dB)",
    "10",
    "0",
    "10",
    "\u22121",
    "10",
    "\u22122",
    "10",
    "\u22123",
    "10",
    "\u22124",
    "\u22125",
    "4",
    "5",
    "6",
    "7",
    "8",
    "9",
    "10",
    "11",
    "12",
    "13",
    "10"
  ],
  "paper-ID": "1002.1447v1",
  "figure-ID": "1002.1447v1-Figure8-1.png",
  "figure-type": "Graph Plot",
  "0-originally-extracted": "Fig. 8: The performance of the ACE method for STBC with 2 transmitters after one, 3, 5 and 7 iterations.",
  "1-lowercase-and-token-and-remove-figure-index": {
    "caption": "the performance of the ace method for stbc with 2 transmitters after one , 3 , 5 and 7 iterations .",
    "sentence": [
      "the performance of the ace method for stbc with 2 transmitters after one , 3 , 5 and 7 iterations ."
    ],
    "token": [
      "the",
      "performance",
      "of",
      "the",
      "ace",
      "method",
      "for",
      "stbc",
      "with",
      "2",
      "transmitters",
      "after",
      "one",
      ",",
      "3",
      ",",
      "5",
      "and",
      "7",
      "iterations",
      "."
    ]
  },
  "2-normalized": {
    "2-1-basic-num": {
      "caption": "the performance of the ace method for stbc with NUM-TK transmitters after NUM-TK , NUM-TK , NUM-TK and NUM-TK iterations .",
      "sentence": [
        "the performance of the ace method for stbc with NUM-TK transmitters after NUM-TK , NUM-TK , NUM-TK and NUM-TK iterations ."
      ],
      "token": [
        "the",
        "performance",
        "of",
        "the",
        "ace",
        "method",
        "for",
        "stbc",
        "with",
        "NUM-TK",
        "transmitters",
        "after",
        "NUM-TK",
        ",",
        "NUM-TK",
        ",",
        "NUM-TK",
        "and",
        "NUM-TK",
        "iterations",
        "."
      ]
    },
    "2-2-advanced-euqation-bracket": {
      "caption": "the performance of the ace method for stbc with NUM transmitters after NUM , NUM , NUM and NUM iterations .",
      "sentence": [
        "the performance of the ace method for stbc with NUM transmitters after NUM , NUM , NUM and NUM iterations ."
      ],
      "tokens": [
        "the",
        "performance",
        "of",
        "the",
        "ace",
        "method",
        "for",
        "stbc",
        "with",
        "NUM",
        "transmitters",
        "after",
        "NUM",
        ",",
        "NUM",
        ",",
        "NUM",
        "and",
        "NUM",
        "iterations",
        "."
      ]
    }
  }
}