{
  "contains-subfigure": false,
  "Img-text": [
    "10",
    "9",
    "8",
    "7",
    "5",
    "6",
    "4",
    "3",
    "2",
    "1",
    "0.",
    "20",
    "0.",
    "15",
    "0.",
    "10",
    "0.",
    "05",
    "0.",
    "00",
    "0.",
    "05",
    "10",
    "\u2212",
    "\u2212",
    "0.",
    "\u22120.15",
    "\u22120.10",
    "\u22120.05",
    "0.00",
    "0.05",
    "0.10",
    "0.15",
    "\u25cf",
    "\u25cf",
    "\u25cf",
    "\u25cf",
    "\u25cf",
    "\u25cf",
    "\u25cf",
    "\u25cf",
    "\u25cf",
    "\u25cf"
  ],
  "paper-ID": "1002.0140v1",
  "figure-ID": "1002.0140v1-Figure7-1.png",
  "figure-type": "Graph Plot",
  "0-originally-extracted": "Figure 7: MDS in dimension 2 for letter i",
  "1-lowercase-and-token-and-remove-figure-index": {
    "caption": "mds in dimension 2 for letter i .",
    "sentence": [
      "mds in dimension 2 for letter i ."
    ],
    "token": [
      "mds",
      "in",
      "dimension",
      "2",
      "for",
      "letter",
      "i",
      "."
    ]
  },
  "2-normalized": {
    "2-1-basic-num": {
      "caption": "mds in dimension NUM-TK for letter i .",
      "sentence": [
        "mds in dimension NUM-TK for letter i ."
      ],
      "token": [
        "mds",
        "in",
        "dimension",
        "NUM-TK",
        "for",
        "letter",
        "i",
        "."
      ]
    },
    "2-2-advanced-euqation-bracket": {
      "caption": "mds in dimension NUM for letter i .",
      "sentence": [
        "mds in dimension NUM for letter i ."
      ],
      "tokens": [
        "mds",
        "in",
        "dimension",
        "NUM",
        "for",
        "letter",
        "i",
        "."
      ]
    }
  }
}