{
  "contains-subfigure": false,
  "Img-text": [],
  "paper-ID": "1002.2195v1",
  "figure-ID": "1002.2195v1-Figure6-1.png",
  "figure-type": "Graph Plot",
  "0-originally-extracted": "Fig. 6 Inventory Optimization Tool created in LabVIEW 2009",
  "1-lowercase-and-token-and-remove-figure-index": {
    "caption": "inventory optimization tool created in labview 2009 .",
    "sentence": [
      "inventory optimization tool created in labview 2009 ."
    ],
    "token": [
      "inventory",
      "optimization",
      "tool",
      "created",
      "in",
      "labview",
      "2009",
      "."
    ]
  },
  "2-normalized": {
    "2-1-basic-num": {
      "caption": "inventory optimization tool created in labview NUM-TK .",
      "sentence": [
        "inventory optimization tool created in labview NUM-TK ."
      ],
      "token": [
        "inventory",
        "optimization",
        "tool",
        "created",
        "in",
        "labview",
        "NUM-TK",
        "."
      ]
    },
    "2-2-advanced-euqation-bracket": {
      "caption": "inventory optimization tool created in labview NUM .",
      "sentence": [
        "inventory optimization tool created in labview NUM ."
      ],
      "tokens": [
        "inventory",
        "optimization",
        "tool",
        "created",
        "in",
        "labview",
        "NUM",
        "."
      ]
    }
  }
}