{
  "contains-subfigure": false,
  "Img-text": [
    "4",
    "qam",
    "4qam",
    "an",
    "16",
    "qam",
    "16qam",
    "4QAM,unequal",
    "modulation",
    ",16QAM",
    "R",
    "B",
    "E",
    "SNR",
    "in",
    "dB",
    "100",
    "10-1",
    "10-2",
    "0",
    "5",
    "10",
    "15",
    "10-3"
  ],
  "paper-ID": "1002.1198v1",
  "figure-ID": "1002.1198v1-Figure5-1.png",
  "figure-type": "Graph Plot",
  "0-originally-extracted": "Fig. 5 Ber results for equal and unequal modulation",
  "1-lowercase-and-token-and-remove-figure-index": {
    "caption": "ber results for equal and unequal modulation .",
    "sentence": [
      "ber results for equal and unequal modulation ."
    ],
    "token": [
      "ber",
      "results",
      "for",
      "equal",
      "and",
      "unequal",
      "modulation",
      "."
    ]
  },
  "2-normalized": {
    "2-1-basic-num": {
      "caption": "ber results for equal and unequal modulation .",
      "sentence": [
        "ber results for equal and unequal modulation ."
      ],
      "token": [
        "ber",
        "results",
        "for",
        "equal",
        "and",
        "unequal",
        "modulation",
        "."
      ]
    },
    "2-2-advanced-euqation-bracket": {
      "caption": "ber results for equal and unequal modulation .",
      "sentence": [
        "ber results for equal and unequal modulation ."
      ],
      "tokens": [
        "ber",
        "results",
        "for",
        "equal",
        "and",
        "unequal",
        "modulation",
        "."
      ]
    }
  }
}