{
  "contains-subfigure": false,
  "Img-text": [
    "1",
    ")",
    "(m",
    "m",
    "o",
    "r",
    "E",
    "rr",
    "o",
    "n",
    "a",
    "ti",
    "n",
    "sl",
    "T",
    "ra",
    "60",
    "55",
    "50",
    "45",
    "40",
    "35",
    "30",
    "25",
    "20",
    "15",
    "10",
    "5",
    "LV",
    "S",
    "LK",
    "RK",
    "LV+S",
    "LV+LK",
    "LV+RK",
    "LV+S+LK",
    "LV+S+RK",
    "S+LK",
    "S+RK",
    "S+LK+RK",
    "LK+RK",
    "LV+LK+RK",
    "ALL"
  ],
  "paper-ID": "1002.1288v1",
  "figure-ID": "1002.1288v1-Figure5-1.png",
  "figure-type": "Graph Plot",
  "0-originally-extracted": "Figure 5. Recognition accuracy in terms of mean translation error (mm) for CT Abdominal female data with different number and combination of organs included in the model assembly.",
  "1-lowercase-and-token-and-remove-figure-index": {
    "caption": "recognition accuracy in terms of mean translation error ( mm ) for ct abdominal female data with different number and combination of organs included in the model assembly .",
    "sentence": [
      "recognition accuracy in terms of mean translation error ( mm ) for ct abdominal female data with different number and combination of organs included in the model assembly ."
    ],
    "token": [
      "recognition",
      "accuracy",
      "in",
      "terms",
      "of",
      "mean",
      "translation",
      "error",
      "(",
      "mm",
      ")",
      "for",
      "ct",
      "abdominal",
      "female",
      "data",
      "with",
      "different",
      "number",
      "and",
      "combination",
      "of",
      "organs",
      "included",
      "in",
      "the",
      "model",
      "assembly",
      "."
    ]
  },
  "2-normalized": {
    "2-1-basic-num": {
      "caption": "recognition accuracy in terms of mean translation error ( mm ) for ct abdominal female data with different number and combination of organs included in the model assembly .",
      "sentence": [
        "recognition accuracy in terms of mean translation error ( mm ) for ct abdominal female data with different number and combination of organs included in the model assembly ."
      ],
      "token": [
        "recognition",
        "accuracy",
        "in",
        "terms",
        "of",
        "mean",
        "translation",
        "error",
        "(",
        "mm",
        ")",
        "for",
        "ct",
        "abdominal",
        "female",
        "data",
        "with",
        "different",
        "number",
        "and",
        "combination",
        "of",
        "organs",
        "included",
        "in",
        "the",
        "model",
        "assembly",
        "."
      ]
    },
    "2-2-advanced-euqation-bracket": {
      "caption": "recognition accuracy in terms of mean translation error BRACKET-TK for ct abdominal female data with different number and combination of organs included in the model assembly .",
      "sentence": [
        "recognition accuracy in terms of mean translation error BRACKET-TK for ct abdominal female data with different number and combination of organs included in the model assembly ."
      ],
      "tokens": [
        "recognition",
        "accuracy",
        "in",
        "terms",
        "of",
        "mean",
        "translation",
        "error",
        "BRACKET-TK",
        "for",
        "ct",
        "abdominal",
        "female",
        "data",
        "with",
        "different",
        "number",
        "and",
        "combination",
        "of",
        "organs",
        "included",
        "in",
        "the",
        "model",
        "assembly",
        "."
      ]
    }
  }
}