{
  "contains-subfigure": false,
  "Img-text": [
    "NN",
    "-",
    "Slice",
    "Regions",
    "Euclidean",
    "-",
    "Slice",
    "Regions",
    "NN",
    "-",
    "Without",
    "Segmentation",
    "Euclidean",
    "-",
    "Without",
    "Segmentation",
    "Receiver",
    "Operating",
    "Characteristics",
    "(ROC)",
    "Curve",
    "--",
    "->",
    "iv",
    "e",
    "os",
    "it",
    "e",
    "P",
    "T",
    "ru",
    "--",
    "-",
    "<---",
    "False",
    "Positive",
    "--->",
    "<",
    "1",
    "0.98",
    "0.96",
    "0.94",
    "0.92",
    "0.9",
    "0.88",
    "0.86",
    "0.84",
    "0.82",
    "10",
    "-1"
  ],
  "paper-ID": "1002.0412v1",
  "figure-ID": "1002.0412v1-Figure4-1.png",
  "figure-type": "Graph Plot",
  "0-originally-extracted": "Fig. 4 ROC curves for different ear recognition methods with and without segmentation where NN stands for Nearest Neighbor approach and ED stands for Euclidean Distance approach.",
  "1-lowercase-and-token-and-remove-figure-index": {
    "caption": "roc curves for different ear recognition methods with and without segmentation where nn stands for nearest neighbor approach and ed stands for euclidean distance approach .",
    "sentence": [
      "roc curves for different ear recognition methods with and without segmentation where nn stands for nearest neighbor approach and ed stands for euclidean distance approach ."
    ],
    "token": [
      "roc",
      "curves",
      "for",
      "different",
      "ear",
      "recognition",
      "methods",
      "with",
      "and",
      "without",
      "segmentation",
      "where",
      "nn",
      "stands",
      "for",
      "nearest",
      "neighbor",
      "approach",
      "and",
      "ed",
      "stands",
      "for",
      "euclidean",
      "distance",
      "approach",
      "."
    ]
  },
  "2-normalized": {
    "2-1-basic-num": {
      "caption": "roc curves for different ear recognition methods with and without segmentation where nn stands for nearest neighbor approach and ed stands for euclidean distance approach .",
      "sentence": [
        "roc curves for different ear recognition methods with and without segmentation where nn stands for nearest neighbor approach and ed stands for euclidean distance approach ."
      ],
      "token": [
        "roc",
        "curves",
        "for",
        "different",
        "ear",
        "recognition",
        "methods",
        "with",
        "and",
        "without",
        "segmentation",
        "where",
        "nn",
        "stands",
        "for",
        "nearest",
        "neighbor",
        "approach",
        "and",
        "ed",
        "stands",
        "for",
        "euclidean",
        "distance",
        "approach",
        "."
      ]
    },
    "2-2-advanced-euqation-bracket": {
      "caption": "roc curves for different ear recognition methods with and without segmentation where nn stands for nearest neighbor approach and ed stands for euclidean distance approach .",
      "sentence": [
        "roc curves for different ear recognition methods with and without segmentation where nn stands for nearest neighbor approach and ed stands for euclidean distance approach ."
      ],
      "tokens": [
        "roc",
        "curves",
        "for",
        "different",
        "ear",
        "recognition",
        "methods",
        "with",
        "and",
        "without",
        "segmentation",
        "where",
        "nn",
        "stands",
        "for",
        "nearest",
        "neighbor",
        "approach",
        "and",
        "ed",
        "stands",
        "for",
        "euclidean",
        "distance",
        "approach",
        "."
      ]
    }
  }
}