{
  "contains-subfigure": false,
  "Img-text": [
    "\u03b5=4",
    "\u03b5=6",
    "\u03b5=5.5",
    "\u03b5=2.5",
    "\u03b5=3",
    "\u03b5=4.5",
    "\u03b5=5",
    "\u03b5=3.5",
    "})",
    ">",
    "1|\u03b5",
    "IN",
    "R",
    "b(",
    "{S",
    "P",
    "ro",
    "Normalized",
    "Noise",
    "power",
    "in",
    "dB\u2212\u2212\u2212>",
    "0.9",
    "0.8",
    "0.7",
    "0.6",
    "0.5",
    "0.4",
    "0.3",
    "0.2",
    "0.1",
    "0",
    "20",
    "40",
    "60",
    "0"
  ],
  "paper-ID": "1002.3943v4",
  "figure-ID": "1002.3943v4-Figure3-1.png",
  "figure-type": "Graph Plot",
  "0-originally-extracted": "Figure 3: Plot ofProb ({SINR > 1}) vs Noise power",
  "1-lowercase-and-token-and-remove-figure-index": {
    "caption": "plot ofprob ( { sinr > 1 } ) vs noise power .",
    "sentence": [
      "plot ofprob ( { sinr > 1 } ) vs noise power ."
    ],
    "token": [
      "plot",
      "ofprob",
      "(",
      "{",
      "sinr",
      ">",
      "1",
      "}",
      ")",
      "vs",
      "noise",
      "power",
      "."
    ]
  },
  "2-normalized": {
    "2-1-basic-num": {
      "caption": "plot ofprob ( { sinr > NUM-TK } ) vs noise power .",
      "sentence": [
        "plot ofprob ( { sinr > NUM-TK } ) vs noise power ."
      ],
      "token": [
        "plot",
        "ofprob",
        "(",
        "{",
        "sinr",
        ">",
        "NUM-TK",
        "}",
        ")",
        "vs",
        "noise",
        "power",
        "."
      ]
    },
    "2-2-advanced-euqation-bracket": {
      "caption": "plot ofprob BRACKET-TKBRACKET-TK vs noise power .",
      "sentence": [
        "plot ofprob BRACKET-TKBRACKET-TK vs noise power ."
      ],
      "tokens": [
        "plot",
        "ofprob",
        "BRACKET-TKBRACKET-TK",
        "vs",
        "noise",
        "power",
        "."
      ]
    }
  }
}