{
  "contains-subfigure": false,
  "Img-text": [],
  "paper-ID": "1002.0575v1",
  "figure-ID": "1002.0575v1-Figure12-1.png",
  "figure-type": "Graph Plot",
  "0-originally-extracted": "Figure 12: Detection and Authentication Latency",
  "1-lowercase-and-token-and-remove-figure-index": {
    "caption": "detection and authentication latency .",
    "sentence": [
      "detection and authentication latency ."
    ],
    "token": [
      "detection",
      "and",
      "authentication",
      "latency",
      "."
    ]
  },
  "2-normalized": {
    "2-1-basic-num": {
      "caption": "detection and authentication latency .",
      "sentence": [
        "detection and authentication latency ."
      ],
      "token": [
        "detection",
        "and",
        "authentication",
        "latency",
        "."
      ]
    },
    "2-2-advanced-euqation-bracket": {
      "caption": "detection and authentication latency .",
      "sentence": [
        "detection and authentication latency ."
      ],
      "tokens": [
        "detection",
        "and",
        "authentication",
        "latency",
        "."
      ]
    }
  }
}