{
  "contains-subfigure": false,
  "Img-text": [],
  "paper-ID": "1002.2187v1",
  "figure-ID": "1002.2187v1-Figure11-1.png",
  "figure-type": "Graph Plot",
  "0-originally-extracted": "Figure 11. Comparison of Propagation Path Loss due to the change in MS antenna height.",
  "1-lowercase-and-token-and-remove-figure-index": {
    "caption": "comparison of propagation path loss due to the change in ms antenna height .",
    "sentence": [
      "comparison of propagation path loss due to the change in ms antenna height ."
    ],
    "token": [
      "comparison",
      "of",
      "propagation",
      "path",
      "loss",
      "due",
      "to",
      "the",
      "change",
      "in",
      "ms",
      "antenna",
      "height",
      "."
    ]
  },
  "2-normalized": {
    "2-1-basic-num": {
      "caption": "comparison of propagation path loss due to the change in ms antenna height .",
      "sentence": [
        "comparison of propagation path loss due to the change in ms antenna height ."
      ],
      "token": [
        "comparison",
        "of",
        "propagation",
        "path",
        "loss",
        "due",
        "to",
        "the",
        "change",
        "in",
        "ms",
        "antenna",
        "height",
        "."
      ]
    },
    "2-2-advanced-euqation-bracket": {
      "caption": "comparison of propagation path loss due to the change in ms antenna height .",
      "sentence": [
        "comparison of propagation path loss due to the change in ms antenna height ."
      ],
      "tokens": [
        "comparison",
        "of",
        "propagation",
        "path",
        "loss",
        "due",
        "to",
        "the",
        "change",
        "in",
        "ms",
        "antenna",
        "height",
        "."
      ]
    }
  }
}