{
  "contains-subfigure": false,
  "Img-text": [],
  "paper-ID": "1002.2243v1",
  "figure-ID": "1002.2243v1-Figure7-1.png",
  "figure-type": "Graph Plot",
  "0-originally-extracted": "Fig. 7: Energy demand and production\u2014the solid black line represents the demand required to meet 15% of energy needs. The boxplot captures the inherent variation in the energy generated from wind.",
  "1-lowercase-and-token-and-remove-figure-index": {
    "caption": "energy demand and production\u2014the solid black line represents the demand required to meet 15 % of energy needs . the boxplot captures the inherent variation in the energy generated from wind .",
    "sentence": [
      "energy demand and production\u2014the solid black line represents the demand required to meet 15 % of energy needs .",
      "the boxplot captures the inherent variation in the energy generated from wind ."
    ],
    "token": [
      "energy",
      "demand",
      "and",
      "production\u2014the",
      "solid",
      "black",
      "line",
      "represents",
      "the",
      "demand",
      "required",
      "to",
      "meet",
      "15",
      "%",
      "of",
      "energy",
      "needs",
      ".",
      "the",
      "boxplot",
      "captures",
      "the",
      "inherent",
      "variation",
      "in",
      "the",
      "energy",
      "generated",
      "from",
      "wind",
      "."
    ]
  },
  "2-normalized": {
    "2-1-basic-num": {
      "caption": "energy demand and production\u2014the solid black line represents the demand required to meet NUM-TK of energy needs . the boxplot captures the inherent variation in the energy generated from wind .",
      "sentence": [
        "energy demand and production\u2014the solid black line represents the demand required to meet NUM-TK of energy needs .",
        "the boxplot captures the inherent variation in the energy generated from wind ."
      ],
      "token": [
        "energy",
        "demand",
        "and",
        "production\u2014the",
        "solid",
        "black",
        "line",
        "represents",
        "the",
        "demand",
        "required",
        "to",
        "meet",
        "NUM-TK",
        "of",
        "energy",
        "needs",
        ".",
        "the",
        "boxplot",
        "captures",
        "the",
        "inherent",
        "variation",
        "in",
        "the",
        "energy",
        "generated",
        "from",
        "wind",
        "."
      ]
    },
    "2-2-advanced-euqation-bracket": {
      "caption": "energy demand and production\u2014the solid black line represents the demand required to meet NUM of energy needs . the boxplot captures the inherent variation in the energy generated from wind .",
      "sentence": [
        "energy demand and production\u2014the solid black line represents the demand required to meet NUM of energy needs .",
        "the boxplot captures the inherent variation in the energy generated from wind ."
      ],
      "tokens": [
        "energy",
        "demand",
        "and",
        "production\u2014the",
        "solid",
        "black",
        "line",
        "represents",
        "the",
        "demand",
        "required",
        "to",
        "meet",
        "NUM",
        "of",
        "energy",
        "needs",
        ".",
        "the",
        "boxplot",
        "captures",
        "the",
        "inherent",
        "variation",
        "in",
        "the",
        "energy",
        "generated",
        "from",
        "wind",
        "."
      ]
    }
  }
}