{
  "contains-subfigure": false,
  "Img-text": [
    "Jitter",
    "buffer",
    "size:",
    "20",
    "ms",
    "Jitter",
    "buffer",
    "size:",
    "40",
    "ms",
    "Jitter",
    "buffer",
    "size:",
    "60",
    "ms",
    "Jitter",
    "buffer",
    "size:",
    "80",
    "ms",
    "Jitter",
    "buffer",
    "size:",
    "100",
    "ms",
    "Jitter",
    "buffer",
    "size:",
    "120",
    "ms",
    "F",
    "C",
    "D",
    "Lost",
    "packets",
    "[%]",
    "1",
    "0.9",
    "0.8",
    "0.7",
    "0.6",
    "0.5",
    "0.4",
    "0.3",
    "0.2",
    "0.1",
    "0",
    "20",
    "40",
    "60",
    "80",
    "100",
    "0"
  ],
  "paper-ID": "1002.4303v1",
  "figure-ID": "1002.4303v1-Figure9-1.png",
  "figure-type": "Graph Plot",
  "0-originally-extracted": "Fig. 9 Total packets lost due to physical losses and drops by the jitter buffer.",
  "1-lowercase-and-token-and-remove-figure-index": {
    "caption": "total packets lost due to physical losses and drops by the jitter buffer .",
    "sentence": [
      "total packets lost due to physical losses and drops by the jitter buffer ."
    ],
    "token": [
      "total",
      "packets",
      "lost",
      "due",
      "to",
      "physical",
      "losses",
      "and",
      "drops",
      "by",
      "the",
      "jitter",
      "buffer",
      "."
    ]
  },
  "2-normalized": {
    "2-1-basic-num": {
      "caption": "total packets lost due to physical losses and drops by the jitter buffer .",
      "sentence": [
        "total packets lost due to physical losses and drops by the jitter buffer ."
      ],
      "token": [
        "total",
        "packets",
        "lost",
        "due",
        "to",
        "physical",
        "losses",
        "and",
        "drops",
        "by",
        "the",
        "jitter",
        "buffer",
        "."
      ]
    },
    "2-2-advanced-euqation-bracket": {
      "caption": "total packets lost due to physical losses and drops by the jitter buffer .",
      "sentence": [
        "total packets lost due to physical losses and drops by the jitter buffer ."
      ],
      "tokens": [
        "total",
        "packets",
        "lost",
        "due",
        "to",
        "physical",
        "losses",
        "and",
        "drops",
        "by",
        "the",
        "jitter",
        "buffer",
        "."
      ]
    }
  }
}