{
  "contains-subfigure": false,
  "Img-text": [],
  "paper-ID": "1002.1629v1",
  "figure-ID": "1002.1629v1-Figure2-1.png",
  "figure-type": "Graph Plot",
  "0-originally-extracted": "Fig. 2. The ratio (in %) of the good-put offered by the non-slotted Aloha with respect to the slotted one, when both are optimized so ast to maximize the density of successful transmissions as a function of thepath loss exponent \u03b2. This ratio does not depend on any other parameter.",
  "1-lowercase-and-token-and-remove-figure-index": {
    "caption": "the ratio ( in % ) of the good-put offered by the non-slotted aloha with respect to the slotted one , when both are optimized so ast to maximize the density of successful transmissions as a function of thepath loss exponent \u03b2. this ratio does not depend on any other parameter .",
    "sentence": [
      "the ratio ( in % ) of the good-put offered by the non-slotted aloha with respect to the slotted one , when both are optimized so ast to maximize the density of successful transmissions as a function of thepath loss exponent \u03b2. this ratio does not depend on any other parameter ."
    ],
    "token": [
      "the",
      "ratio",
      "(",
      "in",
      "%",
      ")",
      "of",
      "the",
      "good-put",
      "offered",
      "by",
      "the",
      "non-slotted",
      "aloha",
      "with",
      "respect",
      "to",
      "the",
      "slotted",
      "one",
      ",",
      "when",
      "both",
      "are",
      "optimized",
      "so",
      "ast",
      "to",
      "maximize",
      "the",
      "density",
      "of",
      "successful",
      "transmissions",
      "as",
      "a",
      "function",
      "of",
      "thepath",
      "loss",
      "exponent",
      "\u03b2.",
      "this",
      "ratio",
      "does",
      "not",
      "depend",
      "on",
      "any",
      "other",
      "parameter",
      "."
    ]
  },
  "2-normalized": {
    "2-1-basic-num": {
      "caption": "the ratio ( in ) of the good-put offered by the non-slotted aloha with respect to the slotted NUM-TK , when both are optimized so ast to maximize the density of successful transmissions as a function of thepath loss exponent \u03b2. this ratio does not depend on any other parameter .",
      "sentence": [
        "the ratio ( in ) of the good-put offered by the non-slotted aloha with respect to the slotted NUM-TK , when both are optimized so ast to maximize the density of successful transmissions as a function of thepath loss exponent \u03b2. this ratio does not depend on any other parameter ."
      ],
      "token": [
        "the",
        "ratio",
        "(",
        "in",
        ")",
        "of",
        "the",
        "good-put",
        "offered",
        "by",
        "the",
        "non-slotted",
        "aloha",
        "with",
        "respect",
        "to",
        "the",
        "slotted",
        "NUM-TK",
        ",",
        "when",
        "both",
        "are",
        "optimized",
        "so",
        "ast",
        "to",
        "maximize",
        "the",
        "density",
        "of",
        "successful",
        "transmissions",
        "as",
        "a",
        "function",
        "of",
        "thepath",
        "loss",
        "exponent",
        "\u03b2.",
        "this",
        "ratio",
        "does",
        "not",
        "depend",
        "on",
        "any",
        "other",
        "parameter",
        "."
      ]
    },
    "2-2-advanced-euqation-bracket": {
      "caption": "the ratio BRACKET-TK of the good-put offered by the non-slotted aloha with respect to the slotted NUM , when both are optimized so ast to maximize the density of successful transmissions as a function of thepath loss exponent \u03b2. this ratio does not depend on any other parameter .",
      "sentence": [
        "the ratio BRACKET-TK of the good-put offered by the non-slotted aloha with respect to the slotted NUM , when both are optimized so ast to maximize the density of successful transmissions as a function of thepath loss exponent \u03b2. this ratio does not depend on any other parameter ."
      ],
      "tokens": [
        "the",
        "ratio",
        "BRACKET-TK",
        "of",
        "the",
        "good-put",
        "offered",
        "by",
        "the",
        "non-slotted",
        "aloha",
        "with",
        "respect",
        "to",
        "the",
        "slotted",
        "NUM",
        ",",
        "when",
        "both",
        "are",
        "optimized",
        "so",
        "ast",
        "to",
        "maximize",
        "the",
        "density",
        "of",
        "successful",
        "transmissions",
        "as",
        "a",
        "function",
        "of",
        "thepath",
        "loss",
        "exponent",
        "\u03b2.",
        "this",
        "ratio",
        "does",
        "not",
        "depend",
        "on",
        "any",
        "other",
        "parameter",
        "."
      ]
    }
  }
}