{
  "contains-subfigure": false,
  "Img-text": [
    "Recall",
    "Precision",
    "Iteration",
    "%",
    "1",
    "1.5",
    "2",
    "2.5",
    "3",
    "88",
    "86",
    "84",
    "82",
    "80",
    "78",
    "76",
    "74",
    "72"
  ],
  "paper-ID": "1002.1095v1",
  "figure-ID": "1002.1095v1-Figure1-1.png",
  "figure-type": "Graph Plot",
  "0-originally-extracted": "Figure 1: Precision and recall for evaluation of PPchunker.",
  "1-lowercase-and-token-and-remove-figure-index": {
    "caption": "precision and recall for evaluation of ppchunker .",
    "sentence": [
      "precision and recall for evaluation of ppchunker ."
    ],
    "token": [
      "precision",
      "and",
      "recall",
      "for",
      "evaluation",
      "of",
      "ppchunker",
      "."
    ]
  },
  "2-normalized": {
    "2-1-basic-num": {
      "caption": "precision and recall for evaluation of ppchunker .",
      "sentence": [
        "precision and recall for evaluation of ppchunker ."
      ],
      "token": [
        "precision",
        "and",
        "recall",
        "for",
        "evaluation",
        "of",
        "ppchunker",
        "."
      ]
    },
    "2-2-advanced-euqation-bracket": {
      "caption": "precision and recall for evaluation of ppchunker .",
      "sentence": [
        "precision and recall for evaluation of ppchunker ."
      ],
      "tokens": [
        "precision",
        "and",
        "recall",
        "for",
        "evaluation",
        "of",
        "ppchunker",
        "."
      ]
    }
  }
}