{
  "contains-subfigure": false,
  "Img-text": [],
  "paper-ID": "1002.2243v1",
  "figure-ID": "1002.2243v1-Figure6-1.png",
  "figure-type": "Graph Plot",
  "0-originally-extracted": "Fig. 6: Daily profiles of energy generated from wind (blue, black and green) in CA on an hourly basis. Calculation of the blue trace assumes a wind penetration level of 4% (obtained by extrapolation of the fit shown in Fig. 4) during the month of March 2010. If a wind penetration level of 15% is assumed, the black and green traces are obtained from actual hourly data within a 24-hour period and averaging by hour over multiple days during a given month, respectively. The red trace represents the amount of energy needed to meet 15% of daily energy demand.",
  "1-lowercase-and-token-and-remove-figure-index": {
    "caption": "daily profiles of energy generated from wind ( blue , black and green ) in ca on an hourly basis . calculation of the blue trace assumes a wind penetration level of 4 % ( obtained by extrapolation of the fit shown in fig . 4 ) during the month of march 2010. if a wind penetration level of 15 % is assumed , the black and green traces are obtained from actual hourly data within a 24-hour period and averaging by hour over multiple days during a given month , respectively . the red trace represents the amount of energy needed to meet 15 % of daily energy demand .",
    "sentence": [
      "daily profiles of energy generated from wind ( blue , black and green ) in ca on an hourly basis .",
      "calculation of the blue trace assumes a wind penetration level of 4 % ( obtained by extrapolation of the fit shown in fig .",
      "4 ) during the month of march 2010. if a wind penetration level of 15 % is assumed , the black and green traces are obtained from actual hourly data within a 24-hour period and averaging by hour over multiple days during a given month , respectively .",
      "the red trace represents the amount of energy needed to meet 15 % of daily energy demand ."
    ],
    "token": [
      "daily",
      "profiles",
      "of",
      "energy",
      "generated",
      "from",
      "wind",
      "(",
      "blue",
      ",",
      "black",
      "and",
      "green",
      ")",
      "in",
      "ca",
      "on",
      "an",
      "hourly",
      "basis",
      ".",
      "calculation",
      "of",
      "the",
      "blue",
      "trace",
      "assumes",
      "a",
      "wind",
      "penetration",
      "level",
      "of",
      "4",
      "%",
      "(",
      "obtained",
      "by",
      "extrapolation",
      "of",
      "the",
      "fit",
      "shown",
      "in",
      "fig",
      ".",
      "4",
      ")",
      "during",
      "the",
      "month",
      "of",
      "march",
      "2010.",
      "if",
      "a",
      "wind",
      "penetration",
      "level",
      "of",
      "15",
      "%",
      "is",
      "assumed",
      ",",
      "the",
      "black",
      "and",
      "green",
      "traces",
      "are",
      "obtained",
      "from",
      "actual",
      "hourly",
      "data",
      "within",
      "a",
      "24-hour",
      "period",
      "and",
      "averaging",
      "by",
      "hour",
      "over",
      "multiple",
      "days",
      "during",
      "a",
      "given",
      "month",
      ",",
      "respectively",
      ".",
      "the",
      "red",
      "trace",
      "represents",
      "the",
      "amount",
      "of",
      "energy",
      "needed",
      "to",
      "meet",
      "15",
      "%",
      "of",
      "daily",
      "energy",
      "demand",
      "."
    ]
  },
  "2-normalized": {
    "2-1-basic-num": {
      "caption": "daily profiles of energy generated from wind ( blue , black and green ) in ca on an hourly basis . calculation of the blue trace assumes a wind penetration level of NUM-TK ( obtained by extrapolation of the fit shown in fig . NUM-TK ) during the month of march NUM-TK if a wind penetration level of NUM-TK is assumed , the black and green traces are obtained from actual hourly data within a 24-hour period and averaging by hour over multiple days during a given month , respectively . the red trace represents the amount of energy needed to meet NUM-TK of daily energy demand .",
      "sentence": [
        "daily profiles of energy generated from wind ( blue , black and green ) in ca on an hourly basis .",
        "calculation of the blue trace assumes a wind penetration level of NUM-TK ( obtained by extrapolation of the fit shown in fig .",
        "NUM-TK ) during the month of march NUM-TK if a wind penetration level of NUM-TK is assumed , the black and green traces are obtained from actual hourly data within a 24-hour period and averaging by hour over multiple days during a given month , respectively .",
        "the red trace represents the amount of energy needed to meet NUM-TK of daily energy demand ."
      ],
      "token": [
        "daily",
        "profiles",
        "of",
        "energy",
        "generated",
        "from",
        "wind",
        "(",
        "blue",
        ",",
        "black",
        "and",
        "green",
        ")",
        "in",
        "ca",
        "on",
        "an",
        "hourly",
        "basis",
        ".",
        "calculation",
        "of",
        "the",
        "blue",
        "trace",
        "assumes",
        "a",
        "wind",
        "penetration",
        "level",
        "of",
        "NUM-TK",
        "(",
        "obtained",
        "by",
        "extrapolation",
        "of",
        "the",
        "fit",
        "shown",
        "in",
        "fig",
        ".",
        "NUM-TK",
        ")",
        "during",
        "the",
        "month",
        "of",
        "march",
        "NUM-TK",
        "if",
        "a",
        "wind",
        "penetration",
        "level",
        "of",
        "NUM-TK",
        "is",
        "assumed",
        ",",
        "the",
        "black",
        "and",
        "green",
        "traces",
        "are",
        "obtained",
        "from",
        "actual",
        "hourly",
        "data",
        "within",
        "a",
        "24-hour",
        "period",
        "and",
        "averaging",
        "by",
        "hour",
        "over",
        "multiple",
        "days",
        "during",
        "a",
        "given",
        "month",
        ",",
        "respectively",
        ".",
        "the",
        "red",
        "trace",
        "represents",
        "the",
        "amount",
        "of",
        "energy",
        "needed",
        "to",
        "meet",
        "NUM-TK",
        "of",
        "daily",
        "energy",
        "demand",
        "."
      ]
    },
    "2-2-advanced-euqation-bracket": {
      "caption": "daily profiles of energy generated from wind BRACKET-TK in ca on an hourly basis . calculation of the blue trace assumes a wind penetration level of NUM BRACKET-TK during the month of march NUM if a wind penetration level of NUM is assumed , the black and green traces are obtained from actual hourly data within a 24-hour period and averaging by hour over multiple days during a given month , respectively . the red trace represents the amount of energy needed to meet NUM of daily energy demand .",
      "sentence": [
        "daily profiles of energy generated from wind BRACKET-TK in ca on an hourly basis .",
        "calculation of the blue trace assumes a wind penetration level of NUM BRACKET-TK during the month of march NUM if a wind penetration level of NUM is assumed , the black and green traces are obtained from actual hourly data within a 24-hour period and averaging by hour over multiple days during a given month , respectively .",
        "the red trace represents the amount of energy needed to meet NUM of daily energy demand ."
      ],
      "tokens": [
        "daily",
        "profiles",
        "of",
        "energy",
        "generated",
        "from",
        "wind",
        "BRACKET-TK",
        "in",
        "ca",
        "on",
        "an",
        "hourly",
        "basis",
        ".",
        "calculation",
        "of",
        "the",
        "blue",
        "trace",
        "assumes",
        "a",
        "wind",
        "penetration",
        "level",
        "of",
        "NUM",
        "BRACKET-TK",
        "during",
        "the",
        "month",
        "of",
        "march",
        "NUM",
        "if",
        "a",
        "wind",
        "penetration",
        "level",
        "of",
        "NUM",
        "is",
        "assumed",
        ",",
        "the",
        "black",
        "and",
        "green",
        "traces",
        "are",
        "obtained",
        "from",
        "actual",
        "hourly",
        "data",
        "within",
        "a",
        "24-hour",
        "period",
        "and",
        "averaging",
        "by",
        "hour",
        "over",
        "multiple",
        "days",
        "during",
        "a",
        "given",
        "month",
        ",",
        "respectively",
        ".",
        "the",
        "red",
        "trace",
        "represents",
        "the",
        "amount",
        "of",
        "energy",
        "needed",
        "to",
        "meet",
        "NUM",
        "of",
        "daily",
        "energy",
        "demand",
        "."
      ]
    }
  }
}