{
  "contains-subfigure": false,
  "Img-text": [
    "s=10",
    "s=12",
    "s=14",
    "s=16",
    "\u03bb",
    "r",
    "=0.2",
    "m2",
    ")",
    "H",
    "z/",
    "bp",
    "s/",
    "C",
    "(",
    "M",
    "T",
    "Transmission",
    "Attempts",
    "\u03c4",
    "\u22123",
    "1",
    "x",
    "10",
    "0.9",
    "0.8",
    "0.7",
    "0.6",
    "0.5",
    "0.4",
    "0.3",
    "0.2",
    "0.1",
    "2",
    "4",
    "6",
    "8",
    "10",
    "12",
    "14",
    "16",
    "18",
    "20",
    "0"
  ],
  "paper-ID": "1002.2655v4",
  "figure-ID": "1002.2655v4-Figure2-1.png",
  "figure-type": "Graph Plot",
  "0-originally-extracted": "Fig. 2. The simulated MTC of a large network with Rayleigh fading for \u01eb = 0.1, \u03b2 = 2, \u03b1 = 3 and\u03bbr = 0.1.",
  "1-lowercase-and-token-and-remove-figure-index": {
    "caption": "the simulated mtc of a large network with rayleigh fading for \u01eb = 0.1 , \u03b2 = , \u03b1 = 3 and\u03bbr = 0.1 .",
    "sentence": [
      "the simulated mtc of a large network with rayleigh fading for \u01eb = 0.1 , \u03b2 = , \u03b1 = 3 and\u03bbr = 0.1 ."
    ],
    "token": [
      "the",
      "simulated",
      "mtc",
      "of",
      "a",
      "large",
      "network",
      "with",
      "rayleigh",
      "fading",
      "for",
      "\u01eb",
      "=",
      "0.1",
      ",",
      "\u03b2",
      "=",
      ",",
      "\u03b1",
      "=",
      "3",
      "and\u03bbr",
      "=",
      "0.1",
      "."
    ]
  },
  "2-normalized": {
    "2-1-basic-num": {
      "caption": "the simulated mtc of a large network with rayleigh fading for \u01eb = NUM-TK , \u03b2 = , \u03b1 = NUM-TK and\u03bbr = NUM-TK .",
      "sentence": [
        "the simulated mtc of a large network with rayleigh fading for \u01eb = NUM-TK , \u03b2 = , \u03b1 = NUM-TK and\u03bbr = NUM-TK ."
      ],
      "token": [
        "the",
        "simulated",
        "mtc",
        "of",
        "a",
        "large",
        "network",
        "with",
        "rayleigh",
        "fading",
        "for",
        "\u01eb",
        "=",
        "NUM-TK",
        ",",
        "\u03b2",
        "=",
        ",",
        "\u03b1",
        "=",
        "NUM-TK",
        "and\u03bbr",
        "=",
        "NUM-TK",
        "."
      ]
    },
    "2-2-advanced-euqation-bracket": {
      "caption": "the simulated mtc of a large network with rayleigh fading for EQUAT-TK , \u03b2 = , EQUAT-TK EQUAT-TK .",
      "sentence": [
        "the simulated mtc of a large network with rayleigh fading for EQUAT-TK , \u03b2 = , EQUAT-TK EQUAT-TK ."
      ],
      "tokens": [
        "the",
        "simulated",
        "mtc",
        "of",
        "a",
        "large",
        "network",
        "with",
        "rayleigh",
        "fading",
        "for",
        "EQUAT-TK",
        ",",
        "\u03b2",
        "=",
        ",",
        "EQUAT-TK",
        "EQUAT-TK",
        "."
      ]
    }
  }
}