{
  "contains-subfigure": false,
  "Img-text": [
    "P",
    "o",
    "=10-3",
    "P",
    "o",
    "=10-2",
    "Non-adaptive",
    "PSK,",
    "M=2",
    "Non-adaptive",
    "PSK,",
    "M=4",
    "Non-adaptive",
    "PSK,",
    "M=8",
    "Non-adaptive",
    "PSK,",
    "M=16",
    "Non-adaptive",
    "PSK,",
    "M=32",
    "Adaptive",
    "PSK",
    "N=3",
    "Adaptive",
    "PSK",
    "N=5",
    "Average",
    "Electrical",
    "SNR",
    "(dB)",
    "R",
    "B",
    "E",
    "ra",
    "ge",
    "A",
    "ve",
    "10-1",
    "10-2",
    "10-3",
    "10-4",
    "10-5",
    "0",
    "5",
    "10",
    "15",
    "20",
    "25",
    "30",
    "35",
    "10-6"
  ],
  "paper-ID": "1002.1897v1",
  "figure-ID": "1002.1897v1-Figure4-1.png",
  "figure-type": "Graph Plot",
  "0-originally-extracted": "Fig. 4. Average BER of the adaptive subcarrier PSK scheme when \u03c3x = 0.1.",
  "1-lowercase-and-token-and-remove-figure-index": {
    "caption": "average ber of the adaptive subcarrier psk scheme when \u03c3x = 0.1 .",
    "sentence": [
      "average ber of the adaptive subcarrier psk scheme when \u03c3x = 0.1 ."
    ],
    "token": [
      "average",
      "ber",
      "of",
      "the",
      "adaptive",
      "subcarrier",
      "psk",
      "scheme",
      "when",
      "\u03c3x",
      "=",
      "0.1",
      "."
    ]
  },
  "2-normalized": {
    "2-1-basic-num": {
      "caption": "average ber of the adaptive subcarrier psk scheme when \u03c3x = NUM-TK .",
      "sentence": [
        "average ber of the adaptive subcarrier psk scheme when \u03c3x = NUM-TK ."
      ],
      "token": [
        "average",
        "ber",
        "of",
        "the",
        "adaptive",
        "subcarrier",
        "psk",
        "scheme",
        "when",
        "\u03c3x",
        "=",
        "NUM-TK",
        "."
      ]
    },
    "2-2-advanced-euqation-bracket": {
      "caption": "average ber of the adaptive subcarrier psk scheme when EQUAT-TK .",
      "sentence": [
        "average ber of the adaptive subcarrier psk scheme when EQUAT-TK ."
      ],
      "tokens": [
        "average",
        "ber",
        "of",
        "the",
        "adaptive",
        "subcarrier",
        "psk",
        "scheme",
        "when",
        "EQUAT-TK",
        "."
      ]
    }
  }
}