{
  "contains-subfigure": false,
  "Img-text": [
    "opt./pract.",
    "spc.",
    "DISrs",
    "CIFld",
    "DAS-Dbc",
    "DAS-Cqp",
    "Np",
    "=",
    "2",
    "d1",
    "=",
    "0.5,",
    "d2",
    "=",
    "0.5",
    "se",
    "]",
    "el",
    "u",
    "an",
    "n",
    "/c",
    "h",
    "[b",
    "its",
    "ra",
    "te",
    "su",
    "m",
    "qp",
    "qp",
    "qp",
    "qp",
    "qp",
    "qp",
    "qp",
    "bc",
    "bc",
    "bc",
    "bc",
    "bc",
    "bc",
    "bc",
    "bc",
    "bc",
    "bc",
    "bc",
    "bc",
    "bc",
    "ld",
    "ld",
    "ld",
    "ld",
    "ldbc",
    "ld",
    "ld",
    "rs",
    "rs",
    "rs",
    "rs",
    "rs",
    "rs",
    "rs",
    "rs",
    "rs",
    "rs",
    "rs",
    "rs",
    "rs",
    "rs",
    "0",
    "2",
    "4",
    "6",
    "8",
    "10",
    "12",
    "sum",
    "backhaul\u03b2",
    "[bits/channel",
    "use]",
    "7",
    "6",
    "5",
    "4"
  ],
  "paper-ID": "1002.3356v1",
  "figure-ID": "1002.3356v1-Figure6-1.png",
  "figure-type": "Graph Plot",
  "0-originally-extracted": "Figure 6. Sum-rate as a function of backhaul for a symmetric cell-edge scenario. For each scheme, an area indicates the rang between the theoretical performance limit (employing source coding) and the performance of a practical quantizer [48].",
  "1-lowercase-and-token-and-remove-figure-index": {
    "caption": "sum-rate as a function of backhaul for a symmetric cell-edge scenario . for each scheme , an area indicates the rang between the theoretical performance limit ( employing source coding ) and the performance of a practical quantizer [ 48 ] .",
    "sentence": [
      "sum-rate as a function of backhaul for a symmetric cell-edge scenario .",
      "for each scheme , an area indicates the rang between the theoretical performance limit ( employing source coding ) and the performance of a practical quantizer [ 48 ] ."
    ],
    "token": [
      "sum-rate",
      "as",
      "a",
      "function",
      "of",
      "backhaul",
      "for",
      "a",
      "symmetric",
      "cell-edge",
      "scenario",
      ".",
      "for",
      "each",
      "scheme",
      ",",
      "an",
      "area",
      "indicates",
      "the",
      "rang",
      "between",
      "the",
      "theoretical",
      "performance",
      "limit",
      "(",
      "employing",
      "source",
      "coding",
      ")",
      "and",
      "the",
      "performance",
      "of",
      "a",
      "practical",
      "quantizer",
      "[",
      "48",
      "]",
      "."
    ]
  },
  "2-normalized": {
    "2-1-basic-num": {
      "caption": "sum-rate as a function of backhaul for a symmetric cell-edge scenario . for each scheme , an area indicates the rang between the theoretical performance limit ( employing source coding ) and the performance of a practical quantizer [ NUM-TK ] .",
      "sentence": [
        "sum-rate as a function of backhaul for a symmetric cell-edge scenario .",
        "for each scheme , an area indicates the rang between the theoretical performance limit ( employing source coding ) and the performance of a practical quantizer [ NUM-TK ] ."
      ],
      "token": [
        "sum-rate",
        "as",
        "a",
        "function",
        "of",
        "backhaul",
        "for",
        "a",
        "symmetric",
        "cell-edge",
        "scenario",
        ".",
        "for",
        "each",
        "scheme",
        ",",
        "an",
        "area",
        "indicates",
        "the",
        "rang",
        "between",
        "the",
        "theoretical",
        "performance",
        "limit",
        "(",
        "employing",
        "source",
        "coding",
        ")",
        "and",
        "the",
        "performance",
        "of",
        "a",
        "practical",
        "quantizer",
        "[",
        "NUM-TK",
        "]",
        "."
      ]
    },
    "2-2-advanced-euqation-bracket": {
      "caption": "sum-rate as a function of backhaul for a symmetric cell-edge scenario . for each scheme , an area indicates the rang between the theoretical performance limit BRACKET-TK and the performance of a practical quantizer BRACKET-TK .",
      "sentence": [
        "sum-rate as a function of backhaul for a symmetric cell-edge scenario .",
        "for each scheme , an area indicates the rang between the theoretical performance limit BRACKET-TK and the performance of a practical quantizer BRACKET-TK ."
      ],
      "tokens": [
        "sum-rate",
        "as",
        "a",
        "function",
        "of",
        "backhaul",
        "for",
        "a",
        "symmetric",
        "cell-edge",
        "scenario",
        ".",
        "for",
        "each",
        "scheme",
        ",",
        "an",
        "area",
        "indicates",
        "the",
        "rang",
        "between",
        "the",
        "theoretical",
        "performance",
        "limit",
        "BRACKET-TK",
        "and",
        "the",
        "performance",
        "of",
        "a",
        "practical",
        "quantizer",
        "BRACKET-TK",
        "."
      ]
    }
  }
}