{
  "contains-subfigure": false,
  "Img-text": [
    "LDGM",
    "LT\u2212LDPC",
    "EC\u2212LDGM",
    "Theoretical",
    "Approximation",
    "R",
    "B",
    "E",
    "Eb/N0",
    "10",
    "\u22121",
    "10",
    "\u22122",
    "10",
    "\u22123",
    "10",
    "\u22124",
    "10",
    "\u22125",
    "\u22126",
    "2",
    "4",
    "6",
    "8",
    "10",
    "12",
    "14",
    "16",
    "18",
    "10"
  ],
  "paper-ID": "1002.3629v1",
  "figure-ID": "1002.3629v1-Figure7-1.png",
  "figure-type": "Graph Plot",
  "0-originally-extracted": "Fig. 7. Performance of different code ensembles withm = 5 terminals in block fading, code rate equals 1/2, andN = 5000.",
  "1-lowercase-and-token-and-remove-figure-index": {
    "caption": "performance of different code ensembles withm = 5 terminals in block fading , code rate equals 1/2 , andn = 5000 .",
    "sentence": [
      "performance of different code ensembles withm = 5 terminals in block fading , code rate equals 1/2 , andn = 5000 ."
    ],
    "token": [
      "performance",
      "of",
      "different",
      "code",
      "ensembles",
      "withm",
      "=",
      "5",
      "terminals",
      "in",
      "block",
      "fading",
      ",",
      "code",
      "rate",
      "equals",
      "1/2",
      ",",
      "andn",
      "=",
      "5000",
      "."
    ]
  },
  "2-normalized": {
    "2-1-basic-num": {
      "caption": "performance of different code ensembles withm = NUM-TK terminals in block fading , code rate equals NUM-TK , andn = NUM-TK .",
      "sentence": [
        "performance of different code ensembles withm = NUM-TK terminals in block fading , code rate equals NUM-TK , andn = NUM-TK ."
      ],
      "token": [
        "performance",
        "of",
        "different",
        "code",
        "ensembles",
        "withm",
        "=",
        "NUM-TK",
        "terminals",
        "in",
        "block",
        "fading",
        ",",
        "code",
        "rate",
        "equals",
        "NUM-TK",
        ",",
        "andn",
        "=",
        "NUM-TK",
        "."
      ]
    },
    "2-2-advanced-euqation-bracket": {
      "caption": "performance of different code ensembles EQUAT-TK terminals in block fading , code rate equals NUM , EQUAT-TK .",
      "sentence": [
        "performance of different code ensembles EQUAT-TK terminals in block fading , code rate equals NUM , EQUAT-TK ."
      ],
      "tokens": [
        "performance",
        "of",
        "different",
        "code",
        "ensembles",
        "EQUAT-TK",
        "terminals",
        "in",
        "block",
        "fading",
        ",",
        "code",
        "rate",
        "equals",
        "NUM",
        ",",
        "EQUAT-TK",
        "."
      ]
    }
  }
}