{
  "contains-subfigure": false,
  "Img-text": [
    "Greedy",
    "Algorithm",
    "PageRank",
    "et",
    "al",
    "s",
    "m",
    "in",
    "f",
    "t",
    "er",
    "ze",
    "o",
    "d",
    "si",
    "ec",
    "te",
    "E",
    "xp",
    "Size",
    "of",
    "initial",
    "set",
    "40",
    "35",
    "30",
    "25",
    "20",
    "15",
    "10",
    "5",
    "2",
    "4",
    "6",
    "8",
    "10",
    "12",
    "14",
    "0"
  ],
  "paper-ID": "1002.1335v1",
  "figure-ID": "1002.1335v1-Figure1-1.png",
  "figure-type": "Graph Plot",
  "0-originally-extracted": "Figure 1: UISLT on a complete influence graph of 50 nodes, with \u03b1i\u2019s and \u03b2i\u2019s being picked as described in Section 6.1.1",
  "1-lowercase-and-token-and-remove-figure-index": {
    "caption": "uislt on a complete influence graph of 50 nodes , with \u03b1i \u2019 s and \u03b2i \u2019 s being picked as described in section 6..",
    "sentence": [
      "uislt on a complete influence graph of 50 nodes , with \u03b1i \u2019 s and \u03b2i \u2019 s being picked as described in section 6.."
    ],
    "token": [
      "uislt",
      "on",
      "a",
      "complete",
      "influence",
      "graph",
      "of",
      "50",
      "nodes",
      ",",
      "with",
      "\u03b1i",
      "\u2019",
      "s",
      "and",
      "\u03b2i",
      "\u2019",
      "s",
      "being",
      "picked",
      "as",
      "described",
      "in",
      "section",
      "6",
      ".."
    ]
  },
  "2-normalized": {
    "2-1-basic-num": {
      "caption": "uislt on a complete influence graph of NUM-TK nodes , with \u03b1i \u2019 s and \u03b2i \u2019 s being picked as described in section NUM-TK ..",
      "sentence": [
        "uislt on a complete influence graph of NUM-TK nodes , with \u03b1i \u2019 s and \u03b2i \u2019 s being picked as described in section NUM-TK .."
      ],
      "token": [
        "uislt",
        "on",
        "a",
        "complete",
        "influence",
        "graph",
        "of",
        "NUM-TK",
        "nodes",
        ",",
        "with",
        "\u03b1i",
        "\u2019",
        "s",
        "and",
        "\u03b2i",
        "\u2019",
        "s",
        "being",
        "picked",
        "as",
        "described",
        "in",
        "section",
        "NUM-TK",
        ".."
      ]
    },
    "2-2-advanced-euqation-bracket": {
      "caption": "uislt on a complete influence graph of NUM nodes , with \u03b1i \u2019 s and \u03b2i \u2019 s being picked as described in section NUM ..",
      "sentence": [
        "uislt on a complete influence graph of NUM nodes , with \u03b1i \u2019 s and \u03b2i \u2019 s being picked as described in section NUM .."
      ],
      "tokens": [
        "uislt",
        "on",
        "a",
        "complete",
        "influence",
        "graph",
        "of",
        "NUM",
        "nodes",
        ",",
        "with",
        "\u03b1i",
        "\u2019",
        "s",
        "and",
        "\u03b2i",
        "\u2019",
        "s",
        "being",
        "picked",
        "as",
        "described",
        "in",
        "section",
        "NUM",
        ".."
      ]
    }
  }
}