{
  "contains-subfigure": false,
  "Img-text": [],
  "paper-ID": "1002.3567v4",
  "figure-ID": "1002.3567v4-Figure4-1.png",
  "figure-type": "Graph Plot",
  "0-originally-extracted": "Figure 4. Total number of operations required for encrypting a plaintext of L=1000 letters for different modulo p and a fixed rank value (n=4).",
  "1-lowercase-and-token-and-remove-figure-index": {
    "caption": "total number of operations required for encrypting a plaintext of l=1000 letters for different modulo p and a fixed rank value ( n= ) .",
    "sentence": [
      "total number of operations required for encrypting a plaintext of l=1000 letters for different modulo p and a fixed rank value ( n= ) ."
    ],
    "token": [
      "total",
      "number",
      "of",
      "operations",
      "required",
      "for",
      "encrypting",
      "a",
      "plaintext",
      "of",
      "l=1000",
      "letters",
      "for",
      "different",
      "modulo",
      "p",
      "and",
      "a",
      "fixed",
      "rank",
      "value",
      "(",
      "n=",
      ")",
      "."
    ]
  },
  "2-normalized": {
    "2-1-basic-num": {
      "caption": "total number of operations required for encrypting a plaintext of l=1000 letters for different modulo p and a fixed rank value ( n= ) .",
      "sentence": [
        "total number of operations required for encrypting a plaintext of l=1000 letters for different modulo p and a fixed rank value ( n= ) ."
      ],
      "token": [
        "total",
        "number",
        "of",
        "operations",
        "required",
        "for",
        "encrypting",
        "a",
        "plaintext",
        "of",
        "l=1000",
        "letters",
        "for",
        "different",
        "modulo",
        "p",
        "and",
        "a",
        "fixed",
        "rank",
        "value",
        "(",
        "n=",
        ")",
        "."
      ]
    },
    "2-2-advanced-euqation-bracket": {
      "caption": "total number of operations required for encrypting a plaintext of l=1000 letters for different modulo p and a fixed rank value BRACKET-TK .",
      "sentence": [
        "total number of operations required for encrypting a plaintext of l=1000 letters for different modulo p and a fixed rank value BRACKET-TK ."
      ],
      "tokens": [
        "total",
        "number",
        "of",
        "operations",
        "required",
        "for",
        "encrypting",
        "a",
        "plaintext",
        "of",
        "l=1000",
        "letters",
        "for",
        "different",
        "modulo",
        "p",
        "and",
        "a",
        "fixed",
        "rank",
        "value",
        "BRACKET-TK",
        "."
      ]
    }
  }
}