{
  "contains-subfigure": false,
  "Img-text": [
    "QPSK,",
    "1/2",
    "QPSK,",
    "3/4",
    "16QAM,",
    "1/2",
    "16QAM,",
    "3/4",
    "64QAM,",
    "1/2",
    "64QAM,",
    "2/3",
    "64QAM,",
    "3/4",
    "R",
    "B",
    "E",
    "SNR",
    "(dB)",
    "10",
    "0",
    "10",
    "-1",
    "10",
    "-2",
    "10",
    "-3",
    "10",
    "-4",
    "-5",
    "0",
    "5",
    "10",
    "15",
    "20",
    "25",
    "10"
  ],
  "paper-ID": "1002.1954v1",
  "figure-ID": "1002.1954v1-Figure3-1.png",
  "figure-type": "Graph Plot",
  "0-originally-extracted": "Figure 3. BER performance of 2x2 STBC WiMAX system.",
  "1-lowercase-and-token-and-remove-figure-index": {
    "caption": "ber performance of 2x2 stbc wimax system .",
    "sentence": [
      "ber performance of 2x2 stbc wimax system ."
    ],
    "token": [
      "ber",
      "performance",
      "of",
      "2x2",
      "stbc",
      "wimax",
      "system",
      "."
    ]
  },
  "2-normalized": {
    "2-1-basic-num": {
      "caption": "ber performance of NUM-TK stbc wimax system .",
      "sentence": [
        "ber performance of NUM-TK stbc wimax system ."
      ],
      "token": [
        "ber",
        "performance",
        "of",
        "NUM-TK",
        "stbc",
        "wimax",
        "system",
        "."
      ]
    },
    "2-2-advanced-euqation-bracket": {
      "caption": "ber performance of NUM stbc wimax system .",
      "sentence": [
        "ber performance of NUM stbc wimax system ."
      ],
      "tokens": [
        "ber",
        "performance",
        "of",
        "NUM",
        "stbc",
        "wimax",
        "system",
        "."
      ]
    }
  }
}