{
  "contains-subfigure": false,
  "Img-text": [
    "trace",
    "1",
    "trace",
    "2",
    "150",
    "125",
    "100",
    "75",
    "50",
    "25",
    "0",
    "0.033",
    "0.067",
    "0.1",
    "0.13",
    "0.17",
    "0.2",
    "0",
    "0.20",
    "\u03b3",
    "F",
    "\u03b3(",
    ")",
    "f",
    "\u03b3(",
    ")",
    "0",
    "150"
  ],
  "paper-ID": "1002.4727v1",
  "figure-ID": "1002.4727v1-Figure3-1.png",
  "figure-type": "Graph Plot",
  "0-originally-extracted": "Fig. 3. pdf of signal-to-noise ratio for both uplink and downlink when k=70",
  "1-lowercase-and-token-and-remove-figure-index": {
    "caption": "pdf of signal-to-noise ratio for both uplink and downlink when k=70 .",
    "sentence": [
      "pdf of signal-to-noise ratio for both uplink and downlink when k=70 ."
    ],
    "token": [
      "pdf",
      "of",
      "signal-to-noise",
      "ratio",
      "for",
      "both",
      "uplink",
      "and",
      "downlink",
      "when",
      "k=70",
      "."
    ]
  },
  "2-normalized": {
    "2-1-basic-num": {
      "caption": "pdf of signal-to-noise ratio for both uplink and downlink when k=70 .",
      "sentence": [
        "pdf of signal-to-noise ratio for both uplink and downlink when k=70 ."
      ],
      "token": [
        "pdf",
        "of",
        "signal-to-noise",
        "ratio",
        "for",
        "both",
        "uplink",
        "and",
        "downlink",
        "when",
        "k=70",
        "."
      ]
    },
    "2-2-advanced-euqation-bracket": {
      "caption": "pdf of signal-to-noise ratio for both uplink and downlink when k=70 .",
      "sentence": [
        "pdf of signal-to-noise ratio for both uplink and downlink when k=70 ."
      ],
      "tokens": [
        "pdf",
        "of",
        "signal-to-noise",
        "ratio",
        "for",
        "both",
        "uplink",
        "and",
        "downlink",
        "when",
        "k=70",
        "."
      ]
    }
  }
}