{
  "contains-subfigure": false,
  "Img-text": [],
  "paper-ID": "1002.1881v1",
  "figure-ID": "1002.1881v1-Figure15-1.png",
  "figure-type": "Graph Plot",
  "0-originally-extracted": "Fig 15 The Device Utilization Summary of Version 1 on Altera Stratix II. .",
  "1-lowercase-and-token-and-remove-figure-index": {
    "caption": "the device utilization summary of version 1 on altera stratix ii . .",
    "sentence": [
      "the device utilization summary of version 1 on altera stratix ii .",
      "."
    ],
    "token": [
      "the",
      "device",
      "utilization",
      "summary",
      "of",
      "version",
      "1",
      "on",
      "altera",
      "stratix",
      "ii",
      ".",
      "."
    ]
  },
  "2-normalized": {
    "2-1-basic-num": {
      "caption": "the device utilization summary of version NUM-TK on altera stratix ii . .",
      "sentence": [
        "the device utilization summary of version NUM-TK on altera stratix ii .",
        "."
      ],
      "token": [
        "the",
        "device",
        "utilization",
        "summary",
        "of",
        "version",
        "NUM-TK",
        "on",
        "altera",
        "stratix",
        "ii",
        ".",
        "."
      ]
    },
    "2-2-advanced-euqation-bracket": {
      "caption": "the device utilization summary of version NUM on altera stratix ii . .",
      "sentence": [
        "the device utilization summary of version NUM on altera stratix ii .",
        "."
      ],
      "tokens": [
        "the",
        "device",
        "utilization",
        "summary",
        "of",
        "version",
        "NUM",
        "on",
        "altera",
        "stratix",
        "ii",
        ".",
        "."
      ]
    }
  }
}