{
  "contains-subfigure": false,
  "Img-text": [
    "Stat",
    "of",
    "the",
    "art",
    "A/D",
    "converters",
    "A/D",
    "converters",
    "on",
    "the",
    "market",
    "Channel",
    "delay",
    "spread",
    "=",
    "1ns",
    "Channel",
    "delay",
    "spread",
    "=",
    "10ns",
    "Channel",
    "delay",
    "spread",
    "=",
    "50ns",
    "X:",
    "2",
    "Y:",
    "0.3333",
    "X:",
    "2",
    "Y:",
    "0.08333",
    "X:",
    "2",
    "Y:",
    "0.01923",
    "X:",
    "5",
    "Y:",
    "0.5556",
    "X:",
    "5",
    "Y:",
    "0.09259",
    "X:",
    "10",
    "Y:",
    "0.01984",
    "X:",
    "10",
    "Y:",
    "0.09615",
    "/s",
    "bi",
    "ts",
    "-",
    "G",
    "ac",
    "ity",
    "C",
    "ap",
    "nn",
    "el",
    "C",
    "ha",
    "Sampling",
    "Frequency",
    "-",
    "GSPS",
    "IR-UWB",
    "Channel",
    "capacity",
    "versus",
    "sampling",
    "frequency(required",
    "SNR",
    ">=",
    "3dB)",
    "X:",
    "5",
    "Y:",
    "0.01969",
    "X:",
    "10",
    "Y:",
    "0.7143",
    "0.9",
    "0.8",
    "0.7",
    "0.6",
    "0.5",
    "0.4",
    "0.3",
    "0.2",
    "0.1",
    "0",
    "2",
    "4",
    "6",
    "8",
    "10",
    "12",
    "14",
    "16",
    "18",
    "20",
    "0"
  ],
  "paper-ID": "1002.0682v1",
  "figure-ID": "1002.0682v1-Figure4-1.png",
  "figure-type": "Graph Plot",
  "0-originally-extracted": "Figure 4 and Table I present these achievable data rate values if we consider state of the art components and realistic IR-UWB channels.",
  "1-lowercase-and-token-and-remove-figure-index": {
    "caption": "and table i present these achievable data rate values if we consider state of the art components and realistic ir-uwb channels .",
    "sentence": [
      "and table i present these achievable data rate values if we consider state of the art components and realistic ir-uwb channels ."
    ],
    "token": [
      "and",
      "table",
      "i",
      "present",
      "these",
      "achievable",
      "data",
      "rate",
      "values",
      "if",
      "we",
      "consider",
      "state",
      "of",
      "the",
      "art",
      "components",
      "and",
      "realistic",
      "ir-uwb",
      "channels",
      "."
    ]
  },
  "2-normalized": {
    "2-1-basic-num": {
      "caption": "and table i present these achievable data rate values if we consider state of the art components and realistic ir-uwb channels .",
      "sentence": [
        "and table i present these achievable data rate values if we consider state of the art components and realistic ir-uwb channels ."
      ],
      "token": [
        "and",
        "table",
        "i",
        "present",
        "these",
        "achievable",
        "data",
        "rate",
        "values",
        "if",
        "we",
        "consider",
        "state",
        "of",
        "the",
        "art",
        "components",
        "and",
        "realistic",
        "ir-uwb",
        "channels",
        "."
      ]
    },
    "2-2-advanced-euqation-bracket": {
      "caption": "and table i present these achievable data rate values if we consider state of the art components and realistic ir-uwb channels .",
      "sentence": [
        "and table i present these achievable data rate values if we consider state of the art components and realistic ir-uwb channels ."
      ],
      "tokens": [
        "and",
        "table",
        "i",
        "present",
        "these",
        "achievable",
        "data",
        "rate",
        "values",
        "if",
        "we",
        "consider",
        "state",
        "of",
        "the",
        "art",
        "components",
        "and",
        "realistic",
        "ir-uwb",
        "channels",
        "."
      ]
    }
  }
}