{
  "contains-subfigure": false,
  "Img-text": [],
  "paper-ID": "1002.2420v1",
  "figure-ID": "1002.2420v1-Figure6-1.png",
  "figure-type": "Graph Plot",
  "0-originally-extracted": "Figure 6: Area (Slices) Vs Avg. Bandwidth / Port",
  "1-lowercase-and-token-and-remove-figure-index": {
    "caption": "area ( slices ) vs avg . bandwidth / port .",
    "sentence": [
      "area ( slices ) vs avg .",
      "bandwidth / port ."
    ],
    "token": [
      "area",
      "(",
      "slices",
      ")",
      "vs",
      "avg",
      ".",
      "bandwidth",
      "/",
      "port",
      "."
    ]
  },
  "2-normalized": {
    "2-1-basic-num": {
      "caption": "area ( slices ) vs avg . bandwidth / port .",
      "sentence": [
        "area ( slices ) vs avg .",
        "bandwidth / port ."
      ],
      "token": [
        "area",
        "(",
        "slices",
        ")",
        "vs",
        "avg",
        ".",
        "bandwidth",
        "/",
        "port",
        "."
      ]
    },
    "2-2-advanced-euqation-bracket": {
      "caption": "area BRACKET-TK vs avg . bandwidth / port .",
      "sentence": [
        "area BRACKET-TK vs avg .",
        "bandwidth / port ."
      ],
      "tokens": [
        "area",
        "BRACKET-TK",
        "vs",
        "avg",
        ".",
        "bandwidth",
        "/",
        "port",
        "."
      ]
    }
  }
}