{
  "contains-subfigure": false,
  "Img-text": [
    "constant",
    "power",
    "allocation",
    "optimal",
    "power",
    "allocation",
    "]",
    "E",
    "[D",
    "M",
    "0.3",
    "0.28",
    "0.26",
    "0.24",
    "0.22",
    "0.2",
    "0.18",
    "10",
    "3",
    "10",
    "2",
    "10",
    "1",
    "10",
    "0"
  ],
  "paper-ID": "1002.4473v1",
  "figure-ID": "1002.4473v1-Figure5-1.png",
  "figure-type": "Graph Plot",
  "0-originally-extracted": "Fig. 5. Multi-sensor diversity scheme. Comparison betweenconstant and optimal power allocation",
  "1-lowercase-and-token-and-remove-figure-index": {
    "caption": "multi-sensor diversity scheme . comparison betweenconstant and optimal power allocation .",
    "sentence": [
      "multi-sensor diversity scheme .",
      "comparison betweenconstant and optimal power allocation ."
    ],
    "token": [
      "multi-sensor",
      "diversity",
      "scheme",
      ".",
      "comparison",
      "betweenconstant",
      "and",
      "optimal",
      "power",
      "allocation",
      "."
    ]
  },
  "2-normalized": {
    "2-1-basic-num": {
      "caption": "multi-sensor diversity scheme . comparison betweenconstant and optimal power allocation .",
      "sentence": [
        "multi-sensor diversity scheme .",
        "comparison betweenconstant and optimal power allocation ."
      ],
      "token": [
        "multi-sensor",
        "diversity",
        "scheme",
        ".",
        "comparison",
        "betweenconstant",
        "and",
        "optimal",
        "power",
        "allocation",
        "."
      ]
    },
    "2-2-advanced-euqation-bracket": {
      "caption": "multi-sensor diversity scheme . comparison betweenconstant and optimal power allocation .",
      "sentence": [
        "multi-sensor diversity scheme .",
        "comparison betweenconstant and optimal power allocation ."
      ],
      "tokens": [
        "multi-sensor",
        "diversity",
        "scheme",
        ".",
        "comparison",
        "betweenconstant",
        "and",
        "optimal",
        "power",
        "allocation",
        "."
      ]
    }
  }
}