{
  "contains-subfigure": false,
  "Img-text": [
    "Linear",
    "Scan",
    "Circular",
    "Scan",
    "Largest\u2212First",
    "Scan",
    "nn",
    "el",
    "C",
    "ha",
    "p",
    "er",
    "en",
    "ts",
    "ra",
    "gm",
    "of",
    "F",
    "be",
    "r",
    "N",
    "um",
    "1/\u03b1",
    "200",
    "180",
    "160",
    "140",
    "120",
    "100",
    "80",
    "60",
    "40",
    "20",
    "10",
    "20",
    "30",
    "40",
    "50",
    "60",
    "70",
    "80",
    "90",
    "100",
    "0"
  ],
  "paper-ID": "1002.3084v2",
  "figure-ID": "1002.3084v2-Figure7-1.png",
  "figure-type": "Graph Plot",
  "0-originally-extracted": "Fig. 7. Average number of fragments per channel.",
  "1-lowercase-and-token-and-remove-figure-index": {
    "caption": "average number of fragments per channel .",
    "sentence": [
      "average number of fragments per channel ."
    ],
    "token": [
      "average",
      "number",
      "of",
      "fragments",
      "per",
      "channel",
      "."
    ]
  },
  "2-normalized": {
    "2-1-basic-num": {
      "caption": "average number of fragments per channel .",
      "sentence": [
        "average number of fragments per channel ."
      ],
      "token": [
        "average",
        "number",
        "of",
        "fragments",
        "per",
        "channel",
        "."
      ]
    },
    "2-2-advanced-euqation-bracket": {
      "caption": "average number of fragments per channel .",
      "sentence": [
        "average number of fragments per channel ."
      ],
      "tokens": [
        "average",
        "number",
        "of",
        "fragments",
        "per",
        "channel",
        "."
      ]
    }
  }
}