{
  "contains-subfigure": false,
  "Img-text": [
    "MultipleRW",
    "(K",
    "=",
    "100)",
    "SingleRW",
    "FS",
    "(m",
    "=",
    "100)",
    "Random",
    "walk",
    "steps",
    "(n)",
    ")",
    "0",
    "(n",
    "\u03b8\u0302",
    "1",
    "1",
    "5",
    "\u00d7",
    "103",
    "104",
    "0.048",
    "0.024",
    "0.012",
    "0"
  ],
  "paper-ID": "1002.1751v2",
  "figure-ID": "1002.1751v2-Figure9-1.png",
  "figure-type": "Graph Plot",
  "0-originally-extracted": "Figure 9: (GAB graph) Four paths of \u03b8\u030210 as a function of the number of steps n (\u03b810 = 0.024).",
  "1-lowercase-and-token-and-remove-figure-index": {
    "caption": "( gab graph ) four paths of \u03b8\u030210 as a function of the number of steps n ( \u03b810 = 0.024 ) .",
    "sentence": [
      "( gab graph ) four paths of \u03b8\u030210 as a function of the number of steps n ( \u03b810 = 0.024 ) ."
    ],
    "token": [
      "(",
      "gab",
      "graph",
      ")",
      "four",
      "paths",
      "of",
      "\u03b8\u030210",
      "as",
      "a",
      "function",
      "of",
      "the",
      "number",
      "of",
      "steps",
      "n",
      "(",
      "\u03b810",
      "=",
      "0.024",
      ")",
      "."
    ]
  },
  "2-normalized": {
    "2-1-basic-num": {
      "caption": "( gab graph ) NUM-TK paths of \u03b8\u030210 as a function of the number of steps n ( \u03b810 = NUM-TK ) .",
      "sentence": [
        "( gab graph ) NUM-TK paths of \u03b8\u030210 as a function of the number of steps n ( \u03b810 = NUM-TK ) ."
      ],
      "token": [
        "(",
        "gab",
        "graph",
        ")",
        "NUM-TK",
        "paths",
        "of",
        "\u03b8\u030210",
        "as",
        "a",
        "function",
        "of",
        "the",
        "number",
        "of",
        "steps",
        "n",
        "(",
        "\u03b810",
        "=",
        "NUM-TK",
        ")",
        "."
      ]
    },
    "2-2-advanced-euqation-bracket": {
      "caption": "BRACKET-TK NUM paths of \u03b8\u030210 as a function of the number of steps n BRACKET-TK .",
      "sentence": [
        "BRACKET-TK NUM paths of \u03b8\u030210 as a function of the number of steps n BRACKET-TK ."
      ],
      "tokens": [
        "BRACKET-TK",
        "NUM",
        "paths",
        "of",
        "\u03b8\u030210",
        "as",
        "a",
        "function",
        "of",
        "the",
        "number",
        "of",
        "steps",
        "n",
        "BRACKET-TK",
        "."
      ]
    }
  }
}