{
  "contains-subfigure": false,
  "Img-text": [
    "Jitter",
    "buffer",
    "size:",
    "20",
    "ms",
    "Jitter",
    "buffer",
    "size:",
    "40",
    "ms",
    "Jitter",
    "buffer",
    "size:",
    "60",
    "ms",
    "Jitter",
    "buffer",
    "size:",
    "80",
    "ms",
    "Jitter",
    "buffer",
    "size:",
    "100",
    "ms",
    "Jitter",
    "buffer",
    "size:",
    "120",
    "ms",
    "F",
    "C",
    "D",
    "Packets",
    "dropped",
    "by",
    "jitter",
    "buffer",
    "[%]",
    "1",
    "0.9",
    "0.8",
    "0.7",
    "0.6",
    "0.5",
    "0.4",
    "0.3",
    "0.2",
    "0.1",
    "0",
    "20",
    "40",
    "60",
    "80",
    "100",
    "0"
  ],
  "paper-ID": "1002.4303v1",
  "figure-ID": "1002.4303v1-Figure6-1.png",
  "figure-type": "Graph Plot",
  "0-originally-extracted": "Fig. 6 CDF of RTP packet drops by jitter buffer for different buffer sizes.",
  "1-lowercase-and-token-and-remove-figure-index": {
    "caption": "cdf of rtp packet drops by jitter buffer for different buffer sizes .",
    "sentence": [
      "cdf of rtp packet drops by jitter buffer for different buffer sizes ."
    ],
    "token": [
      "cdf",
      "of",
      "rtp",
      "packet",
      "drops",
      "by",
      "jitter",
      "buffer",
      "for",
      "different",
      "buffer",
      "sizes",
      "."
    ]
  },
  "2-normalized": {
    "2-1-basic-num": {
      "caption": "cdf of rtp packet drops by jitter buffer for different buffer sizes .",
      "sentence": [
        "cdf of rtp packet drops by jitter buffer for different buffer sizes ."
      ],
      "token": [
        "cdf",
        "of",
        "rtp",
        "packet",
        "drops",
        "by",
        "jitter",
        "buffer",
        "for",
        "different",
        "buffer",
        "sizes",
        "."
      ]
    },
    "2-2-advanced-euqation-bracket": {
      "caption": "cdf of rtp packet drops by jitter buffer for different buffer sizes .",
      "sentence": [
        "cdf of rtp packet drops by jitter buffer for different buffer sizes ."
      ],
      "tokens": [
        "cdf",
        "of",
        "rtp",
        "packet",
        "drops",
        "by",
        "jitter",
        "buffer",
        "for",
        "different",
        "buffer",
        "sizes",
        "."
      ]
    }
  }
}