{
  "contains-subfigure": false,
  "Img-text": [],
  "paper-ID": "1002.2182v1",
  "figure-ID": "1002.2182v1-Figure3-1.png",
  "figure-type": "Graph Plot",
  "0-originally-extracted": "Fig. 3 FROC Curve of Microcalcification Detection",
  "1-lowercase-and-token-and-remove-figure-index": {
    "caption": "froc curve of microcalcification detection .",
    "sentence": [
      "froc curve of microcalcification detection ."
    ],
    "token": [
      "froc",
      "curve",
      "of",
      "microcalcification",
      "detection",
      "."
    ]
  },
  "2-normalized": {
    "2-1-basic-num": {
      "caption": "froc curve of microcalcification detection .",
      "sentence": [
        "froc curve of microcalcification detection ."
      ],
      "token": [
        "froc",
        "curve",
        "of",
        "microcalcification",
        "detection",
        "."
      ]
    },
    "2-2-advanced-euqation-bracket": {
      "caption": "froc curve of microcalcification detection .",
      "sentence": [
        "froc curve of microcalcification detection ."
      ],
      "tokens": [
        "froc",
        "curve",
        "of",
        "microcalcification",
        "detection",
        "."
      ]
    }
  }
}