{
  "contains-subfigure": false,
  "Img-text": [
    "Klein",
    "Bottle",
    "Torus",
    "Square",
    "Sphere",
    "ng",
    "e",
    "C",
    "ha",
    "ut",
    "e",
    "bs",
    "ol",
    "n",
    "A",
    "M",
    "ea",
    "Iteration",
    "0.5",
    "0.4",
    "0.3",
    "0.2",
    "0.1",
    "0",
    "100",
    "200",
    "300",
    "400",
    "500",
    "0"
  ],
  "paper-ID": "1002.1937v1",
  "figure-ID": "1002.1937v1-Figure20-1.png",
  "figure-type": "Graph Plot",
  "0-originally-extracted": "Figure 20. The mean absolute change between steps of the heat equation homotopy.",
  "1-lowercase-and-token-and-remove-figure-index": {
    "caption": "the mean absolute change between steps of the heat equation homotopy .",
    "sentence": [
      "the mean absolute change between steps of the heat equation homotopy ."
    ],
    "token": [
      "the",
      "mean",
      "absolute",
      "change",
      "between",
      "steps",
      "of",
      "the",
      "heat",
      "equation",
      "homotopy",
      "."
    ]
  },
  "2-normalized": {
    "2-1-basic-num": {
      "caption": "the mean absolute change between steps of the heat equation homotopy .",
      "sentence": [
        "the mean absolute change between steps of the heat equation homotopy ."
      ],
      "token": [
        "the",
        "mean",
        "absolute",
        "change",
        "between",
        "steps",
        "of",
        "the",
        "heat",
        "equation",
        "homotopy",
        "."
      ]
    },
    "2-2-advanced-euqation-bracket": {
      "caption": "the mean absolute change between steps of the heat equation homotopy .",
      "sentence": [
        "the mean absolute change between steps of the heat equation homotopy ."
      ],
      "tokens": [
        "the",
        "mean",
        "absolute",
        "change",
        "between",
        "steps",
        "of",
        "the",
        "heat",
        "equation",
        "homotopy",
        "."
      ]
    }
  }
}