{
  "contains-subfigure": false,
  "Img-text": [
    "//\u25e6",
    "sk\u22121",
    "n\u2212k+2",
    "//___",
    "\u25e6",
    "t",
    "\u25e6",
    "skn\u2212k+1",
    "xn\u2212k+1",
    "...",
    "...",
    "...",
    "sk\u221214",
    "x3",
    "//\u25e6",
    "\u25e6sk3",
    "//",
    "sk\u221213",
    "x2",
    "//\u25e6",
    "\u25e6sk2",
    "//",
    "//",
    "\u25e6sk\u221212",
    "\u25e6snew",
    "//\u25e6",
    "sk1",
    "x1",
    "\u25e6s"
  ],
  "paper-ID": "1002.1496v1",
  "figure-ID": "1002.1496v1-Figure2-1.png",
  "figure-type": "Graph Plot",
  "0-originally-extracted": "Figure 2: Induction Step : Rk-OABP for computing Skn(x1, . . . , xn)",
  "1-lowercase-and-token-and-remove-figure-index": {
    "caption": "induction step : rk-oabp for computing skn ( x1 , . . . , xn ) .",
    "sentence": [
      "induction step : rk-oabp for computing skn ( x1 , .",
      ".",
      ".",
      ", xn ) ."
    ],
    "token": [
      "induction",
      "step",
      ":",
      "rk-oabp",
      "for",
      "computing",
      "skn",
      "(",
      "x1",
      ",",
      ".",
      ".",
      ".",
      ",",
      "xn",
      ")",
      "."
    ]
  },
  "2-normalized": {
    "2-1-basic-num": {
      "caption": "induction step : rk-oabp for computing skn ( x1 , . . . , xn ) .",
      "sentence": [
        "induction step : rk-oabp for computing skn ( x1 , .",
        ".",
        ".",
        ", xn ) ."
      ],
      "token": [
        "induction",
        "step",
        ":",
        "rk-oabp",
        "for",
        "computing",
        "skn",
        "(",
        "x1",
        ",",
        ".",
        ".",
        ".",
        ",",
        "xn",
        ")",
        "."
      ]
    },
    "2-2-advanced-euqation-bracket": {
      "caption": "induction step : rk-oabp for computing skn BRACKET-TK .",
      "sentence": [
        "induction step : rk-oabp for computing skn BRACKET-TK ."
      ],
      "tokens": [
        "induction",
        "step",
        ":",
        "rk-oabp",
        "for",
        "computing",
        "skn",
        "BRACKET-TK",
        "."
      ]
    }
  }
}