{
  "contains-subfigure": false,
  "Img-text": [
    "100",
    "IA",
    "iterations",
    "500",
    "IA",
    "iterations",
    "100",
    "MMSE",
    "iterations",
    "500",
    "MMSE",
    "iterations",
    "\u03c1",
    "=",
    "20",
    "dB",
    "\u0395",
    "\u03c1",
    "=",
    "0",
    "dB",
    "\u0395",
    "\u03c1",
    "=",
    "20",
    "dB",
    "\u0395",
    "Iterative",
    "IA",
    "Min",
    "INL",
    "MMSE",
    "Max",
    "SINR",
    "Closed",
    "form",
    "Random",
    "BF",
    "Approx",
    "SINR",
    "Greedy",
    "\u03c1",
    "=",
    "0",
    "dB\u0395",
    "z",
    "s/",
    "H",
    "e",
    "b/",
    "R",
    "at",
    "Su",
    "m",
    "\u03c1",
    "(dB)",
    "40",
    "35",
    "30",
    "25",
    "20",
    "15",
    "10",
    "5",
    "0",
    "5",
    "10",
    "15",
    "20",
    "25",
    "30",
    "35",
    "40",
    "0"
  ],
  "paper-ID": "1002.0424v2",
  "figure-ID": "1002.0424v2-Figure5-1.png",
  "figure-type": "Graph Plot",
  "0-originally-extracted": "Fig. 5. Sum rate vs. \u03c1k = \u03c1 for each algorithm discussed in Section III for the case where a rank-one uncoordinated interferer with fixed transmit power of \u03c1E = 0 dB and \u03c1E = 20 dB is introduced into the (2,2,3) network with S = 1 stream per user. The degrees of freedom in this network are the same as if the interferer did not exist, and each algorithm, with the exception of random beamforming, performs very similarly and exploits all the degrees of freedom in the network.",
  "1-lowercase-and-token-and-remove-figure-index": {
    "caption": "sum rate vs. \u03c1k = \u03c1 for each algorithm discussed in section iii for the case where a rank-one uncoordinated interferer with fixed transmit power of \u03c1e = 0 db and \u03c1e = 20 db is introduced into the ( 2,2,3 ) network with s = 1 stream per user . the degrees of freedom in this network are the same as if the interferer did not exist , and each algorithm , with the exception of random beamforming , performs very similarly and exploits all the degrees of freedom in the network .",
    "sentence": [
      "sum rate vs. \u03c1k = \u03c1 for each algorithm discussed in section iii for the case where a rank-one uncoordinated interferer with fixed transmit power of \u03c1e = 0 db and \u03c1e = 20 db is introduced into the ( 2,2,3 ) network with s = 1 stream per user .",
      "the degrees of freedom in this network are the same as if the interferer did not exist , and each algorithm , with the exception of random beamforming , performs very similarly and exploits all the degrees of freedom in the network ."
    ],
    "token": [
      "sum",
      "rate",
      "vs.",
      "\u03c1k",
      "=",
      "\u03c1",
      "for",
      "each",
      "algorithm",
      "discussed",
      "in",
      "section",
      "iii",
      "for",
      "the",
      "case",
      "where",
      "a",
      "rank-one",
      "uncoordinated",
      "interferer",
      "with",
      "fixed",
      "transmit",
      "power",
      "of",
      "\u03c1e",
      "=",
      "0",
      "db",
      "and",
      "\u03c1e",
      "=",
      "20",
      "db",
      "is",
      "introduced",
      "into",
      "the",
      "(",
      "2,2,3",
      ")",
      "network",
      "with",
      "s",
      "=",
      "1",
      "stream",
      "per",
      "user",
      ".",
      "the",
      "degrees",
      "of",
      "freedom",
      "in",
      "this",
      "network",
      "are",
      "the",
      "same",
      "as",
      "if",
      "the",
      "interferer",
      "did",
      "not",
      "exist",
      ",",
      "and",
      "each",
      "algorithm",
      ",",
      "with",
      "the",
      "exception",
      "of",
      "random",
      "beamforming",
      ",",
      "performs",
      "very",
      "similarly",
      "and",
      "exploits",
      "all",
      "the",
      "degrees",
      "of",
      "freedom",
      "in",
      "the",
      "network",
      "."
    ]
  },
  "2-normalized": {
    "2-1-basic-num": {
      "caption": "sum rate vs. \u03c1k = \u03c1 for each algorithm discussed in section iii for the case where a rank-one uncoordinated interferer with fixed transmit power of \u03c1e = NUM-TK db and \u03c1e = NUM-TK db is introduced into the ( NUM-TK ) network with s = NUM-TK stream per user . the degrees of freedom in this network are the same as if the interferer did not exist , and each algorithm , with the exception of random beamforming , performs very similarly and exploits all the degrees of freedom in the network .",
      "sentence": [
        "sum rate vs. \u03c1k = \u03c1 for each algorithm discussed in section iii for the case where a rank-one uncoordinated interferer with fixed transmit power of \u03c1e = NUM-TK db and \u03c1e = NUM-TK db is introduced into the ( NUM-TK ) network with s = NUM-TK stream per user .",
        "the degrees of freedom in this network are the same as if the interferer did not exist , and each algorithm , with the exception of random beamforming , performs very similarly and exploits all the degrees of freedom in the network ."
      ],
      "token": [
        "sum",
        "rate",
        "vs.",
        "\u03c1k",
        "=",
        "\u03c1",
        "for",
        "each",
        "algorithm",
        "discussed",
        "in",
        "section",
        "iii",
        "for",
        "the",
        "case",
        "where",
        "a",
        "rank-one",
        "uncoordinated",
        "interferer",
        "with",
        "fixed",
        "transmit",
        "power",
        "of",
        "\u03c1e",
        "=",
        "NUM-TK",
        "db",
        "and",
        "\u03c1e",
        "=",
        "NUM-TK",
        "db",
        "is",
        "introduced",
        "into",
        "the",
        "(",
        "NUM-TK",
        ")",
        "network",
        "with",
        "s",
        "=",
        "NUM-TK",
        "stream",
        "per",
        "user",
        ".",
        "the",
        "degrees",
        "of",
        "freedom",
        "in",
        "this",
        "network",
        "are",
        "the",
        "same",
        "as",
        "if",
        "the",
        "interferer",
        "did",
        "not",
        "exist",
        ",",
        "and",
        "each",
        "algorithm",
        ",",
        "with",
        "the",
        "exception",
        "of",
        "random",
        "beamforming",
        ",",
        "performs",
        "very",
        "similarly",
        "and",
        "exploits",
        "all",
        "the",
        "degrees",
        "of",
        "freedom",
        "in",
        "the",
        "network",
        "."
      ]
    },
    "2-2-advanced-euqation-bracket": {
      "caption": "sum rate vs. \u03c1k = \u03c1 for each algorithm discussed in section iii for the case where a rank-one uncoordinated interferer with fixed transmit power of EQUAT-TK db and EQUAT-TK db is introduced into the BRACKET-TK network with EQUAT-TK stream per user . the degrees of freedom in this network are the same as if the interferer did not exist , and each algorithm , with the exception of random beamforming , performs very similarly and exploits all the degrees of freedom in the network .",
      "sentence": [
        "sum rate vs. \u03c1k = \u03c1 for each algorithm discussed in section iii for the case where a rank-one uncoordinated interferer with fixed transmit power of EQUAT-TK db and EQUAT-TK db is introduced into the BRACKET-TK network with EQUAT-TK stream per user .",
        "the degrees of freedom in this network are the same as if the interferer did not exist , and each algorithm , with the exception of random beamforming , performs very similarly and exploits all the degrees of freedom in the network ."
      ],
      "tokens": [
        "sum",
        "rate",
        "vs.",
        "\u03c1k",
        "=",
        "\u03c1",
        "for",
        "each",
        "algorithm",
        "discussed",
        "in",
        "section",
        "iii",
        "for",
        "the",
        "case",
        "where",
        "a",
        "rank-one",
        "uncoordinated",
        "interferer",
        "with",
        "fixed",
        "transmit",
        "power",
        "of",
        "EQUAT-TK",
        "db",
        "and",
        "EQUAT-TK",
        "db",
        "is",
        "introduced",
        "into",
        "the",
        "BRACKET-TK",
        "network",
        "with",
        "EQUAT-TK",
        "stream",
        "per",
        "user",
        ".",
        "the",
        "degrees",
        "of",
        "freedom",
        "in",
        "this",
        "network",
        "are",
        "the",
        "same",
        "as",
        "if",
        "the",
        "interferer",
        "did",
        "not",
        "exist",
        ",",
        "and",
        "each",
        "algorithm",
        ",",
        "with",
        "the",
        "exception",
        "of",
        "random",
        "beamforming",
        ",",
        "performs",
        "very",
        "similarly",
        "and",
        "exploits",
        "all",
        "the",
        "degrees",
        "of",
        "freedom",
        "in",
        "the",
        "network",
        "."
      ]
    }
  }
}