{
  "contains-subfigure": false,
  "Img-text": [],
  "paper-ID": "1002.2243v1",
  "figure-ID": "1002.2243v1-Figure1-1.png",
  "figure-type": "Graph Plot",
  "0-originally-extracted": "Fig. 1: Diurnal wind speeds (m/s) measured at 80 m for alternating days for Tower 71 in MN during April 2005. The dashed black line represents the mean diurnal wind speed over the entire month.",
  "1-lowercase-and-token-and-remove-figure-index": {
    "caption": "diurnal wind speeds ( m/s ) measured at 80 m for alternating days for tower 7 in mn during april 2005. the dashed black line represents the mean diurnal wind speed over the entire month .",
    "sentence": [
      "diurnal wind speeds ( m/s ) measured at 80 m for alternating days for tower 7 in mn during april 2005. the dashed black line represents the mean diurnal wind speed over the entire month ."
    ],
    "token": [
      "diurnal",
      "wind",
      "speeds",
      "(",
      "m/s",
      ")",
      "measured",
      "at",
      "80",
      "m",
      "for",
      "alternating",
      "days",
      "for",
      "tower",
      "7",
      "in",
      "mn",
      "during",
      "april",
      "2005.",
      "the",
      "dashed",
      "black",
      "line",
      "represents",
      "the",
      "mean",
      "diurnal",
      "wind",
      "speed",
      "over",
      "the",
      "entire",
      "month",
      "."
    ]
  },
  "2-normalized": {
    "2-1-basic-num": {
      "caption": "diurnal wind speeds ( m/s ) measured at NUM-TK m for alternating days for tower NUM-TK in mn during april NUM-TK the dashed black line represents the mean diurnal wind speed over the entire month .",
      "sentence": [
        "diurnal wind speeds ( m/s ) measured at NUM-TK m for alternating days for tower NUM-TK in mn during april NUM-TK the dashed black line represents the mean diurnal wind speed over the entire month ."
      ],
      "token": [
        "diurnal",
        "wind",
        "speeds",
        "(",
        "m/s",
        ")",
        "measured",
        "at",
        "NUM-TK",
        "m",
        "for",
        "alternating",
        "days",
        "for",
        "tower",
        "NUM-TK",
        "in",
        "mn",
        "during",
        "april",
        "NUM-TK",
        "the",
        "dashed",
        "black",
        "line",
        "represents",
        "the",
        "mean",
        "diurnal",
        "wind",
        "speed",
        "over",
        "the",
        "entire",
        "month",
        "."
      ]
    },
    "2-2-advanced-euqation-bracket": {
      "caption": "diurnal wind speeds BRACKET-TK measured at NUM m for alternating days for tower NUM in mn during april NUM the dashed black line represents the mean diurnal wind speed over the entire month .",
      "sentence": [
        "diurnal wind speeds BRACKET-TK measured at NUM m for alternating days for tower NUM in mn during april NUM the dashed black line represents the mean diurnal wind speed over the entire month ."
      ],
      "tokens": [
        "diurnal",
        "wind",
        "speeds",
        "BRACKET-TK",
        "measured",
        "at",
        "NUM",
        "m",
        "for",
        "alternating",
        "days",
        "for",
        "tower",
        "NUM",
        "in",
        "mn",
        "during",
        "april",
        "NUM",
        "the",
        "dashed",
        "black",
        "line",
        "represents",
        "the",
        "mean",
        "diurnal",
        "wind",
        "speed",
        "over",
        "the",
        "entire",
        "month",
        "."
      ]
    }
  }
}