{
  "contains-subfigure": false,
  "Img-text": [
    "Greedy1,",
    "no",
    "sieving",
    "Greedy",
    "Algorithm",
    "Greedy1,",
    "\u03b1=0.3",
    "Greedy1,",
    "\u03b1=0.3,",
    "with",
    "restriction",
    "et",
    "al",
    "s",
    "m",
    "in",
    "f",
    "t",
    "er",
    "ze",
    "o",
    "d",
    "si",
    "ec",
    "te",
    "E",
    "xp",
    "Size",
    "of",
    "initial",
    "set",
    "600",
    "500",
    "400",
    "300",
    "200",
    "100",
    "10",
    "20",
    "30",
    "40",
    "50",
    "60",
    "70",
    "80",
    "90",
    "0"
  ],
  "paper-ID": "1002.1335v1",
  "figure-ID": "1002.1335v1-Figure6-1.png",
  "figure-type": "Graph Plot",
  "0-originally-extracted": "Figure 6: Comparison of G1-Sieving with Greedy algorithm",
  "1-lowercase-and-token-and-remove-figure-index": {
    "caption": "comparison of g1-sieving with greedy algorithm .",
    "sentence": [
      "comparison of g1-sieving with greedy algorithm ."
    ],
    "token": [
      "comparison",
      "of",
      "g1-sieving",
      "with",
      "greedy",
      "algorithm",
      "."
    ]
  },
  "2-normalized": {
    "2-1-basic-num": {
      "caption": "comparison of g1-sieving with greedy algorithm .",
      "sentence": [
        "comparison of g1-sieving with greedy algorithm ."
      ],
      "token": [
        "comparison",
        "of",
        "g1-sieving",
        "with",
        "greedy",
        "algorithm",
        "."
      ]
    },
    "2-2-advanced-euqation-bracket": {
      "caption": "comparison of g1-sieving with greedy algorithm .",
      "sentence": [
        "comparison of g1-sieving with greedy algorithm ."
      ],
      "tokens": [
        "comparison",
        "of",
        "g1-sieving",
        "with",
        "greedy",
        "algorithm",
        "."
      ]
    }
  }
}