{
  "contains-subfigure": false,
  "Img-text": [
    "Linear",
    "Scan",
    "Circular",
    "Scan",
    "Largest\u2212First",
    "Scan",
    "io",
    "n",
    "un",
    "ct",
    "s",
    "F",
    "M",
    "as",
    "lit",
    "y",
    "ba",
    "bi",
    "P",
    "ro",
    "Number",
    "of",
    "Fragments",
    "0.04",
    "0.035",
    "0.03",
    "0.025",
    "0.02",
    "0.015",
    "0.01",
    "0.005",
    "0",
    "50",
    "100",
    "150",
    "200",
    "250",
    "300",
    "350",
    "400",
    "0"
  ],
  "paper-ID": "1002.3084v2",
  "figure-ID": "1002.3084v2-Figure11-1.png",
  "figure-type": "Graph Plot",
  "0-originally-extracted": "Fig. 11. Distributions of the total number of fragments for \u03b1 = 0.1 and the corresponding Normal fits.",
  "1-lowercase-and-token-and-remove-figure-index": {
    "caption": "distributions of the total number of fragments for \u03b1 = 0.1 and the corresponding normal fits .",
    "sentence": [
      "distributions of the total number of fragments for \u03b1 = 0.1 and the corresponding normal fits ."
    ],
    "token": [
      "distributions",
      "of",
      "the",
      "total",
      "number",
      "of",
      "fragments",
      "for",
      "\u03b1",
      "=",
      "0.1",
      "and",
      "the",
      "corresponding",
      "normal",
      "fits",
      "."
    ]
  },
  "2-normalized": {
    "2-1-basic-num": {
      "caption": "distributions of the total number of fragments for \u03b1 = NUM-TK and the corresponding normal fits .",
      "sentence": [
        "distributions of the total number of fragments for \u03b1 = NUM-TK and the corresponding normal fits ."
      ],
      "token": [
        "distributions",
        "of",
        "the",
        "total",
        "number",
        "of",
        "fragments",
        "for",
        "\u03b1",
        "=",
        "NUM-TK",
        "and",
        "the",
        "corresponding",
        "normal",
        "fits",
        "."
      ]
    },
    "2-2-advanced-euqation-bracket": {
      "caption": "distributions of the total number of fragments for EQUAT-TK and the corresponding normal fits .",
      "sentence": [
        "distributions of the total number of fragments for EQUAT-TK and the corresponding normal fits ."
      ],
      "tokens": [
        "distributions",
        "of",
        "the",
        "total",
        "number",
        "of",
        "fragments",
        "for",
        "EQUAT-TK",
        "and",
        "the",
        "corresponding",
        "normal",
        "fits",
        "."
      ]
    }
  }
}