{
  "contains-subfigure": false,
  "Img-text": [],
  "paper-ID": "1002.4833v1",
  "figure-ID": "1002.4833v1-Figure11-1.png",
  "figure-type": "Graph Plot",
  "0-originally-extracted": "Fig. 11. Comparison of two UP stations and one DOWN station scenario.",
  "1-lowercase-and-token-and-remove-figure-index": {
    "caption": "comparison of two up stations and one down station scenario .",
    "sentence": [
      "comparison of two up stations and one down station scenario ."
    ],
    "token": [
      "comparison",
      "of",
      "two",
      "up",
      "stations",
      "and",
      "one",
      "down",
      "station",
      "scenario",
      "."
    ]
  },
  "2-normalized": {
    "2-1-basic-num": {
      "caption": "comparison of NUM-TK up stations and NUM-TK down station scenario .",
      "sentence": [
        "comparison of NUM-TK up stations and NUM-TK down station scenario ."
      ],
      "token": [
        "comparison",
        "of",
        "NUM-TK",
        "up",
        "stations",
        "and",
        "NUM-TK",
        "down",
        "station",
        "scenario",
        "."
      ]
    },
    "2-2-advanced-euqation-bracket": {
      "caption": "comparison of NUM up stations and NUM down station scenario .",
      "sentence": [
        "comparison of NUM up stations and NUM down station scenario ."
      ],
      "tokens": [
        "comparison",
        "of",
        "NUM",
        "up",
        "stations",
        "and",
        "NUM",
        "down",
        "station",
        "scenario",
        "."
      ]
    }
  }
}