{
  "contains-subfigure": false,
  "Img-text": [
    "LDGM",
    "LT\u2212LDPC",
    "EC\u2212LDGM",
    "R",
    "B",
    "E",
    "Eb/N0",
    "10",
    "0",
    "10",
    "\u22121",
    "10",
    "\u22122",
    "10",
    "\u22123",
    "10",
    "\u22124",
    "10",
    "\u22125",
    "\u22126",
    "0",
    "1",
    "2",
    "3",
    "4",
    "5",
    "6",
    "7",
    "8",
    "10"
  ],
  "paper-ID": "1002.3629v1",
  "figure-ID": "1002.3629v1-Figure9-1.png",
  "figure-type": "Graph Plot",
  "0-originally-extracted": "Fig. 9. Performance of different code ensembles in IID fading. Network code rate is 1/2, andN = 5000 uncoded bits.",
  "1-lowercase-and-token-and-remove-figure-index": {
    "caption": "performance of different code ensembles in iid fading . network code rate is 1/2 , andn = 5000 uncoded bits .",
    "sentence": [
      "performance of different code ensembles in iid fading .",
      "network code rate is 1/2 , andn = 5000 uncoded bits ."
    ],
    "token": [
      "performance",
      "of",
      "different",
      "code",
      "ensembles",
      "in",
      "iid",
      "fading",
      ".",
      "network",
      "code",
      "rate",
      "is",
      "1/2",
      ",",
      "andn",
      "=",
      "5000",
      "uncoded",
      "bits",
      "."
    ]
  },
  "2-normalized": {
    "2-1-basic-num": {
      "caption": "performance of different code ensembles in iid fading . network code rate is NUM-TK , andn = NUM-TK uncoded bits .",
      "sentence": [
        "performance of different code ensembles in iid fading .",
        "network code rate is NUM-TK , andn = NUM-TK uncoded bits ."
      ],
      "token": [
        "performance",
        "of",
        "different",
        "code",
        "ensembles",
        "in",
        "iid",
        "fading",
        ".",
        "network",
        "code",
        "rate",
        "is",
        "NUM-TK",
        ",",
        "andn",
        "=",
        "NUM-TK",
        "uncoded",
        "bits",
        "."
      ]
    },
    "2-2-advanced-euqation-bracket": {
      "caption": "performance of different code ensembles in iid fading . network code rate is NUM , EQUAT-TK uncoded bits .",
      "sentence": [
        "performance of different code ensembles in iid fading .",
        "network code rate is NUM , EQUAT-TK uncoded bits ."
      ],
      "tokens": [
        "performance",
        "of",
        "different",
        "code",
        "ensembles",
        "in",
        "iid",
        "fading",
        ".",
        "network",
        "code",
        "rate",
        "is",
        "NUM",
        ",",
        "EQUAT-TK",
        "uncoded",
        "bits",
        "."
      ]
    }
  }
}