{
  "contains-subfigure": false,
  "Img-text": [
    "Average",
    "time",
    "to",
    "create",
    "50",
    "collections",
    "600",
    "500",
    "400",
    "300",
    "200",
    "100",
    "0",
    "s]",
    "n",
    "d",
    "ec",
    "o",
    "e",
    "[s",
    "T",
    "im",
    "Simultaneous",
    "clients",
    "0",
    "20",
    "40",
    "60",
    "80",
    "100"
  ],
  "paper-ID": "1002.0712v1",
  "figure-ID": "1002.0712v1-Figure6-1.png",
  "figure-type": "Graph Plot",
  "0-originally-extracted": "Figure 6: Average (square), minimum (lower bar) and maximum (bar) system response time as a function of the number of simultaneous clients of the system. Each client creates 50 collections sequentially.",
  "1-lowercase-and-token-and-remove-figure-index": {
    "caption": "average ( square ) , minimum ( lower bar ) and maximum ( bar ) system response time as a function of the number of simultaneous clients of the system . each client creates 50 collections sequentially .",
    "sentence": [
      "average ( square ) , minimum ( lower bar ) and maximum ( bar ) system response time as a function of the number of simultaneous clients of the system .",
      "each client creates 50 collections sequentially ."
    ],
    "token": [
      "average",
      "(",
      "square",
      ")",
      ",",
      "minimum",
      "(",
      "lower",
      "bar",
      ")",
      "and",
      "maximum",
      "(",
      "bar",
      ")",
      "system",
      "response",
      "time",
      "as",
      "a",
      "function",
      "of",
      "the",
      "number",
      "of",
      "simultaneous",
      "clients",
      "of",
      "the",
      "system",
      ".",
      "each",
      "client",
      "creates",
      "50",
      "collections",
      "sequentially",
      "."
    ]
  },
  "2-normalized": {
    "2-1-basic-num": {
      "caption": "average ( square ) , minimum ( lower bar ) and maximum ( bar ) system response time as a function of the number of simultaneous clients of the system . each client creates NUM-TK collections sequentially .",
      "sentence": [
        "average ( square ) , minimum ( lower bar ) and maximum ( bar ) system response time as a function of the number of simultaneous clients of the system .",
        "each client creates NUM-TK collections sequentially ."
      ],
      "token": [
        "average",
        "(",
        "square",
        ")",
        ",",
        "minimum",
        "(",
        "lower",
        "bar",
        ")",
        "and",
        "maximum",
        "(",
        "bar",
        ")",
        "system",
        "response",
        "time",
        "as",
        "a",
        "function",
        "of",
        "the",
        "number",
        "of",
        "simultaneous",
        "clients",
        "of",
        "the",
        "system",
        ".",
        "each",
        "client",
        "creates",
        "NUM-TK",
        "collections",
        "sequentially",
        "."
      ]
    },
    "2-2-advanced-euqation-bracket": {
      "caption": "average BRACKET-TK , minimum BRACKET-TK and maximum BRACKET-TK system response time as a function of the number of simultaneous clients of the system . each client creates NUM collections sequentially .",
      "sentence": [
        "average BRACKET-TK , minimum BRACKET-TK and maximum BRACKET-TK system response time as a function of the number of simultaneous clients of the system .",
        "each client creates NUM collections sequentially ."
      ],
      "tokens": [
        "average",
        "BRACKET-TK",
        ",",
        "minimum",
        "BRACKET-TK",
        "and",
        "maximum",
        "BRACKET-TK",
        "system",
        "response",
        "time",
        "as",
        "a",
        "function",
        "of",
        "the",
        "number",
        "of",
        "simultaneous",
        "clients",
        "of",
        "the",
        "system",
        ".",
        "each",
        "client",
        "creates",
        "NUM",
        "collections",
        "sequentially",
        "."
      ]
    }
  }
}