{
  "contains-subfigure": false,
  "Img-text": [
    "mASD\u22122(RD,11)",
    "mBM\u22122(RD,11)",
    "mBM\u22122(RDE,11)",
    "mASD\u22123(RDE,11)",
    "mBM\u22122(RDE,11)",
    "mASD\u22123(RDE,11)",
    "mBM\u22122(RD,11)",
    "mASD\u22122(RD,11)",
    "KV(\u00b5=\u221e)",
    "SED(12,12)",
    "GMD",
    "Conv.",
    "HDD",
    "at",
    "e",
    "or",
    "R",
    "E",
    "rr",
    "m",
    "e",
    "F",
    "ra",
    "E",
    "b",
    "/N",
    "o",
    "(dB)",
    "10",
    "0",
    "10",
    "\u22121",
    "10",
    "\u22122",
    "10",
    "\u22123",
    "10",
    "\u22124",
    "10",
    "\u22125",
    "\u22126",
    "5",
    "5.5",
    "6",
    "6.5",
    "7",
    "7.5",
    "10"
  ],
  "paper-ID": "1002.0043v2",
  "figure-ID": "1002.0043v2-Figure1-1.png",
  "figure-type": "Graph Plot",
  "0-originally-extracted": "Figure 1. Performance of various decoding algorithms for the (255,239) RS code over an AWGN channel.",
  "1-lowercase-and-token-and-remove-figure-index": {
    "caption": "performance of various decoding algorithms for the ( 255,239 ) rs code over an awgn channel .",
    "sentence": [
      "performance of various decoding algorithms for the ( 255,239 ) rs code over an awgn channel ."
    ],
    "token": [
      "performance",
      "of",
      "various",
      "decoding",
      "algorithms",
      "for",
      "the",
      "(",
      "255,239",
      ")",
      "rs",
      "code",
      "over",
      "an",
      "awgn",
      "channel",
      "."
    ]
  },
  "2-normalized": {
    "2-1-basic-num": {
      "caption": "performance of various decoding algorithms for the ( NUM-TK ) rs code over an awgn channel .",
      "sentence": [
        "performance of various decoding algorithms for the ( NUM-TK ) rs code over an awgn channel ."
      ],
      "token": [
        "performance",
        "of",
        "various",
        "decoding",
        "algorithms",
        "for",
        "the",
        "(",
        "NUM-TK",
        ")",
        "rs",
        "code",
        "over",
        "an",
        "awgn",
        "channel",
        "."
      ]
    },
    "2-2-advanced-euqation-bracket": {
      "caption": "performance of various decoding algorithms for the BRACKET-TK rs code over an awgn channel .",
      "sentence": [
        "performance of various decoding algorithms for the BRACKET-TK rs code over an awgn channel ."
      ],
      "tokens": [
        "performance",
        "of",
        "various",
        "decoding",
        "algorithms",
        "for",
        "the",
        "BRACKET-TK",
        "rs",
        "code",
        "over",
        "an",
        "awgn",
        "channel",
        "."
      ]
    }
  }
}