{
  "contains-subfigure": false,
  "Img-text": [
    "\u03c0",
    "2",
    "0",
    "3\u03c0",
    "8",
    "33.8",
    "\u03c0",
    "4",
    "34",
    "34.2",
    "34.4",
    "34.6",
    "34.8",
    "35",
    "35.2",
    "35.4",
    "35.6",
    "\u03c0",
    "8",
    "initial",
    "simulation",
    "optimum",
    "simulation",
    "6",
    "4",
    "2",
    "0",
    "2",
    "4",
    "6",
    "8",
    "1",
    "2"
  ],
  "paper-ID": "1002.0262v1",
  "figure-ID": "1002.0262v1-Figure10-1.png",
  "figure-type": "Graph Plot",
  "0-originally-extracted": "Figure 10: comparison of the nominal and optimum deviations",
  "1-lowercase-and-token-and-remove-figure-index": {
    "caption": "comparison of the nominal and optimum deviations .",
    "sentence": [
      "comparison of the nominal and optimum deviations ."
    ],
    "token": [
      "comparison",
      "of",
      "the",
      "nominal",
      "and",
      "optimum",
      "deviations",
      "."
    ]
  },
  "2-normalized": {
    "2-1-basic-num": {
      "caption": "comparison of the nominal and optimum deviations .",
      "sentence": [
        "comparison of the nominal and optimum deviations ."
      ],
      "token": [
        "comparison",
        "of",
        "the",
        "nominal",
        "and",
        "optimum",
        "deviations",
        "."
      ]
    },
    "2-2-advanced-euqation-bracket": {
      "caption": "comparison of the nominal and optimum deviations .",
      "sentence": [
        "comparison of the nominal and optimum deviations ."
      ],
      "tokens": [
        "comparison",
        "of",
        "the",
        "nominal",
        "and",
        "optimum",
        "deviations",
        "."
      ]
    }
  }
}