{
  "contains-subfigure": false,
  "Img-text": [],
  "paper-ID": "1002.2654v1",
  "figure-ID": "1002.2654v1-Figure2.3-1.png",
  "figure-type": "Graph Plot",
  "0-originally-extracted": "Figure 2.3: Measured performance for a blade: 10dB = 10% reflection, 20dB = 1% reflection, - 30dB = 0.1% reflection",
  "1-lowercase-and-token-and-remove-figure-index": {
    "caption": "measured performance for a blade : 10db = 10 % reflection , 20db = 1 % reflection , - 30db = 0.1 % reflection .",
    "sentence": [
      "measured performance for a blade : 10db = 10 % reflection , 20db = 1 % reflection , - 30db = 0.1 % reflection ."
    ],
    "token": [
      "measured",
      "performance",
      "for",
      "a",
      "blade",
      ":",
      "10db",
      "=",
      "10",
      "%",
      "reflection",
      ",",
      "20db",
      "=",
      "1",
      "%",
      "reflection",
      ",",
      "-",
      "30db",
      "=",
      "0.1",
      "%",
      "reflection",
      "."
    ]
  },
  "2-normalized": {
    "2-1-basic-num": {
      "caption": "measured performance for a blade : NUM-TK = NUM-TK reflection , NUM-TK = NUM-TK reflection , - NUM-TK = NUM-TK reflection .",
      "sentence": [
        "measured performance for a blade : NUM-TK = NUM-TK reflection , NUM-TK = NUM-TK reflection , - NUM-TK = NUM-TK reflection ."
      ],
      "token": [
        "measured",
        "performance",
        "for",
        "a",
        "blade",
        ":",
        "NUM-TK",
        "=",
        "NUM-TK",
        "reflection",
        ",",
        "NUM-TK",
        "=",
        "NUM-TK",
        "reflection",
        ",",
        "-",
        "NUM-TK",
        "=",
        "NUM-TK",
        "reflection",
        "."
      ]
    },
    "2-2-advanced-euqation-bracket": {
      "caption": "measured performance for a blade : NUM = NUM reflection , NUM = NUM reflection , - NUM = NUM reflection .",
      "sentence": [
        "measured performance for a blade : NUM = NUM reflection , NUM = NUM reflection , - NUM = NUM reflection ."
      ],
      "tokens": [
        "measured",
        "performance",
        "for",
        "a",
        "blade",
        ":",
        "NUM",
        "=",
        "NUM",
        "reflection",
        ",",
        "NUM",
        "=",
        "NUM",
        "reflection",
        ",",
        "-",
        "NUM",
        "=",
        "NUM",
        "reflection",
        "."
      ]
    }
  }
}