{
  "contains-subfigure": false,
  "Img-text": [
    "Weighted",
    "Degree",
    "Degree",
    "Greedy",
    "Algorithm",
    "PageRank",
    "et",
    "al",
    "s",
    "m",
    "in",
    "f",
    "t",
    "er",
    "ze",
    "o",
    "d",
    "si",
    "ec",
    "te",
    "E",
    "xp",
    "Size",
    "of",
    "initial",
    "set",
    "600",
    "500",
    "400",
    "300",
    "200",
    "100",
    "10",
    "20",
    "30",
    "40",
    "50",
    "60",
    "70",
    "80",
    "90",
    "0"
  ],
  "paper-ID": "1002.1335v1",
  "figure-ID": "1002.1335v1-Figure3-1.png",
  "figure-type": "Graph Plot",
  "0-originally-extracted": "Figure 3: Comparison of PageRank and Greedy - undirected case",
  "1-lowercase-and-token-and-remove-figure-index": {
    "caption": "comparison of pagerank and greedy - undirected case .",
    "sentence": [
      "comparison of pagerank and greedy - undirected case ."
    ],
    "token": [
      "comparison",
      "of",
      "pagerank",
      "and",
      "greedy",
      "-",
      "undirected",
      "case",
      "."
    ]
  },
  "2-normalized": {
    "2-1-basic-num": {
      "caption": "comparison of pagerank and greedy - undirected case .",
      "sentence": [
        "comparison of pagerank and greedy - undirected case ."
      ],
      "token": [
        "comparison",
        "of",
        "pagerank",
        "and",
        "greedy",
        "-",
        "undirected",
        "case",
        "."
      ]
    },
    "2-2-advanced-euqation-bracket": {
      "caption": "comparison of pagerank and greedy - undirected case .",
      "sentence": [
        "comparison of pagerank and greedy - undirected case ."
      ],
      "tokens": [
        "comparison",
        "of",
        "pagerank",
        "and",
        "greedy",
        "-",
        "undirected",
        "case",
        "."
      ]
    }
  }
}