{
  "contains-subfigure": false,
  "Img-text": [
    ")",
    "(M",
    "B",
    "or",
    "y",
    "M",
    "em",
    "Pe",
    "ak",
    "Resolution",
    "(MP)",
    "0.3",
    "0.45",
    "0.75",
    "1",
    "2",
    "3",
    "0",
    "1",
    "2",
    "3",
    "4",
    "5",
    "4.4",
    "3.1",
    "1.7",
    "0.42",
    "0.68",
    "1.1"
  ],
  "paper-ID": "1002.4006v1",
  "figure-ID": "1002.4006v1-Figure8-1.png",
  "figure-type": "Graph Plot",
  "0-originally-extracted": "Fig. 8. Memory Consumption with Various Image Resolutions",
  "1-lowercase-and-token-and-remove-figure-index": {
    "caption": "memory consumption with various image resolutions .",
    "sentence": [
      "memory consumption with various image resolutions ."
    ],
    "token": [
      "memory",
      "consumption",
      "with",
      "various",
      "image",
      "resolutions",
      "."
    ]
  },
  "2-normalized": {
    "2-1-basic-num": {
      "caption": "memory consumption with various image resolutions .",
      "sentence": [
        "memory consumption with various image resolutions ."
      ],
      "token": [
        "memory",
        "consumption",
        "with",
        "various",
        "image",
        "resolutions",
        "."
      ]
    },
    "2-2-advanced-euqation-bracket": {
      "caption": "memory consumption with various image resolutions .",
      "sentence": [
        "memory consumption with various image resolutions ."
      ],
      "tokens": [
        "memory",
        "consumption",
        "with",
        "various",
        "image",
        "resolutions",
        "."
      ]
    }
  }
}