{
  "contains-subfigure": false,
  "Img-text": [],
  "paper-ID": "1002.4833v1",
  "figure-ID": "1002.4833v1-Figure1-1.png",
  "figure-type": "Graph Plot",
  "0-originally-extracted": "Fig. 1. Throughput Ratio of One UP station and One DOWN Station.",
  "1-lowercase-and-token-and-remove-figure-index": {
    "caption": "throughput ratio of one up station and one down station .",
    "sentence": [
      "throughput ratio of one up station and one down station ."
    ],
    "token": [
      "throughput",
      "ratio",
      "of",
      "one",
      "up",
      "station",
      "and",
      "one",
      "down",
      "station",
      "."
    ]
  },
  "2-normalized": {
    "2-1-basic-num": {
      "caption": "throughput ratio of NUM-TK up station and NUM-TK down station .",
      "sentence": [
        "throughput ratio of NUM-TK up station and NUM-TK down station ."
      ],
      "token": [
        "throughput",
        "ratio",
        "of",
        "NUM-TK",
        "up",
        "station",
        "and",
        "NUM-TK",
        "down",
        "station",
        "."
      ]
    },
    "2-2-advanced-euqation-bracket": {
      "caption": "throughput ratio of NUM up station and NUM down station .",
      "sentence": [
        "throughput ratio of NUM up station and NUM down station ."
      ],
      "tokens": [
        "throughput",
        "ratio",
        "of",
        "NUM",
        "up",
        "station",
        "and",
        "NUM",
        "down",
        "station",
        "."
      ]
    }
  }
}