{
  "contains-subfigure": false,
  "Img-text": [
    "n",
    "=",
    "2,",
    "16\u2212QAM,",
    "\u03b1",
    "=",
    "1",
    "\u03b2",
    "=",
    "1",
    "\u03b2",
    "=",
    "1.5",
    "\u03b2",
    "=",
    "2",
    "\u03b2",
    "=",
    "4",
    "\u03b2",
    "=",
    "8",
    ")",
    "(b",
    "its",
    "io",
    "n",
    "m",
    "at",
    "nf",
    "or",
    "ua",
    "l",
    "I",
    "M",
    "ut",
    "P",
    "T",
    "(dB)",
    "9",
    "8",
    "7",
    "6",
    "5",
    "4",
    "3",
    "2",
    "1",
    "\u22125",
    "0",
    "5",
    "10",
    "15",
    "20",
    "25",
    "30",
    "0"
  ],
  "paper-ID": "1002.4263v1",
  "figure-ID": "1002.4263v1-Figure8-1.png",
  "figure-type": "Graph Plot",
  "0-originally-extracted": "Fig. 8. Mutual information with X-Codes versusPT for n = 2 parallel channels with varying\u03b2 = 1, 2, 4, 8, \u03b1 = 1 and 16-QAM input alphabet.",
  "1-lowercase-and-token-and-remove-figure-index": {
    "caption": "mutual information with x-codes versuspt for n = 2 parallel channels with varying\u03b2 = 1 , 2 , 4 , , \u03b1 = 1 and 16-qam input alphabet .",
    "sentence": [
      "mutual information with x-codes versuspt for n = 2 parallel channels with varying\u03b2 = 1 , 2 , 4 , , \u03b1 = 1 and 16-qam input alphabet ."
    ],
    "token": [
      "mutual",
      "information",
      "with",
      "x-codes",
      "versuspt",
      "for",
      "n",
      "=",
      "2",
      "parallel",
      "channels",
      "with",
      "varying\u03b2",
      "=",
      "1",
      ",",
      "2",
      ",",
      "4",
      ",",
      ",",
      "\u03b1",
      "=",
      "1",
      "and",
      "16-qam",
      "input",
      "alphabet",
      "."
    ]
  },
  "2-normalized": {
    "2-1-basic-num": {
      "caption": "mutual information with x-codes versuspt for n = NUM-TK parallel channels with varying\u03b2 = NUM-TK , NUM-TK , NUM-TK , , \u03b1 = NUM-TK and 16-qam input alphabet .",
      "sentence": [
        "mutual information with x-codes versuspt for n = NUM-TK parallel channels with varying\u03b2 = NUM-TK , NUM-TK , NUM-TK , , \u03b1 = NUM-TK and 16-qam input alphabet ."
      ],
      "token": [
        "mutual",
        "information",
        "with",
        "x-codes",
        "versuspt",
        "for",
        "n",
        "=",
        "NUM-TK",
        "parallel",
        "channels",
        "with",
        "varying\u03b2",
        "=",
        "NUM-TK",
        ",",
        "NUM-TK",
        ",",
        "NUM-TK",
        ",",
        ",",
        "\u03b1",
        "=",
        "NUM-TK",
        "and",
        "16-qam",
        "input",
        "alphabet",
        "."
      ]
    },
    "2-2-advanced-euqation-bracket": {
      "caption": "mutual information with x-codes versuspt for EQUAT-TK parallel channels with EQUAT-TK , NUM , NUM , , EQUAT-TK and 16-qam input alphabet .",
      "sentence": [
        "mutual information with x-codes versuspt for EQUAT-TK parallel channels with EQUAT-TK , NUM , NUM , , EQUAT-TK and 16-qam input alphabet ."
      ],
      "tokens": [
        "mutual",
        "information",
        "with",
        "x-codes",
        "versuspt",
        "for",
        "EQUAT-TK",
        "parallel",
        "channels",
        "with",
        "EQUAT-TK",
        ",",
        "NUM",
        ",",
        "NUM",
        ",",
        ",",
        "EQUAT-TK",
        "and",
        "16-qam",
        "input",
        "alphabet",
        "."
      ]
    }
  }
}