{
  "contains-subfigure": false,
  "Img-text": [],
  "paper-ID": "1002.0773v1",
  "figure-ID": "1002.0773v1-Figure7-1.png",
  "figure-type": "Graph Plot",
  "0-originally-extracted": "Figure 7: MMI criterion on the training data during 100 iterations of extended Baum-Welch with lattice regeneration. The x-axis gives the extended Baum-Welch iteration, with x=0 being the mle.",
  "1-lowercase-and-token-and-remove-figure-index": {
    "caption": "mmi criterion on the training data during 100 iterations of extended baum-welch with lattice regeneration . the x-axis gives the extended baum-welch iteration , with x=0 being the mle .",
    "sentence": [
      "mmi criterion on the training data during 100 iterations of extended baum-welch with lattice regeneration .",
      "the x-axis gives the extended baum-welch iteration , with x=0 being the mle ."
    ],
    "token": [
      "mmi",
      "criterion",
      "on",
      "the",
      "training",
      "data",
      "during",
      "100",
      "iterations",
      "of",
      "extended",
      "baum-welch",
      "with",
      "lattice",
      "regeneration",
      ".",
      "the",
      "x-axis",
      "gives",
      "the",
      "extended",
      "baum-welch",
      "iteration",
      ",",
      "with",
      "x=0",
      "being",
      "the",
      "mle",
      "."
    ]
  },
  "2-normalized": {
    "2-1-basic-num": {
      "caption": "mmi criterion on the training data during NUM-TK iterations of extended baum-welch with lattice regeneration . the x-axis gives the extended baum-welch iteration , with x=0 being the mle .",
      "sentence": [
        "mmi criterion on the training data during NUM-TK iterations of extended baum-welch with lattice regeneration .",
        "the x-axis gives the extended baum-welch iteration , with x=0 being the mle ."
      ],
      "token": [
        "mmi",
        "criterion",
        "on",
        "the",
        "training",
        "data",
        "during",
        "NUM-TK",
        "iterations",
        "of",
        "extended",
        "baum-welch",
        "with",
        "lattice",
        "regeneration",
        ".",
        "the",
        "x-axis",
        "gives",
        "the",
        "extended",
        "baum-welch",
        "iteration",
        ",",
        "with",
        "x=0",
        "being",
        "the",
        "mle",
        "."
      ]
    },
    "2-2-advanced-euqation-bracket": {
      "caption": "mmi criterion on the training data during NUM iterations of extended baum-welch with lattice regeneration . the x-axis gives the extended baum-welch iteration , with x=0 being the mle .",
      "sentence": [
        "mmi criterion on the training data during NUM iterations of extended baum-welch with lattice regeneration .",
        "the x-axis gives the extended baum-welch iteration , with x=0 being the mle ."
      ],
      "tokens": [
        "mmi",
        "criterion",
        "on",
        "the",
        "training",
        "data",
        "during",
        "NUM",
        "iterations",
        "of",
        "extended",
        "baum-welch",
        "with",
        "lattice",
        "regeneration",
        ".",
        "the",
        "x-axis",
        "gives",
        "the",
        "extended",
        "baum-welch",
        "iteration",
        ",",
        "with",
        "x=0",
        "being",
        "the",
        "mle",
        "."
      ]
    }
  }
}