{
  "contains-subfigure": false,
  "Img-text": [],
  "paper-ID": "1002.0773v1",
  "figure-ID": "1002.0773v1-Figure5-1.png",
  "figure-type": "Graph Plot",
  "0-originally-extracted": "Figure 5: Numerator and denominator log-likelihoods during 100 iterations of extended Baum-Welch.",
  "1-lowercase-and-token-and-remove-figure-index": {
    "caption": "numerator and denominator log-likelihoods during 100 iterations of extended baum-welch .",
    "sentence": [
      "numerator and denominator log-likelihoods during 100 iterations of extended baum-welch ."
    ],
    "token": [
      "numerator",
      "and",
      "denominator",
      "log-likelihoods",
      "during",
      "100",
      "iterations",
      "of",
      "extended",
      "baum-welch",
      "."
    ]
  },
  "2-normalized": {
    "2-1-basic-num": {
      "caption": "numerator and denominator log-likelihoods during NUM-TK iterations of extended baum-welch .",
      "sentence": [
        "numerator and denominator log-likelihoods during NUM-TK iterations of extended baum-welch ."
      ],
      "token": [
        "numerator",
        "and",
        "denominator",
        "log-likelihoods",
        "during",
        "NUM-TK",
        "iterations",
        "of",
        "extended",
        "baum-welch",
        "."
      ]
    },
    "2-2-advanced-euqation-bracket": {
      "caption": "numerator and denominator log-likelihoods during NUM iterations of extended baum-welch .",
      "sentence": [
        "numerator and denominator log-likelihoods during NUM iterations of extended baum-welch ."
      ],
      "tokens": [
        "numerator",
        "and",
        "denominator",
        "log-likelihoods",
        "during",
        "NUM",
        "iterations",
        "of",
        "extended",
        "baum-welch",
        "."
      ]
    }
  }
}