{
  "contains-subfigure": false,
  "Img-text": [
    "No",
    "switch",
    "Mean",
    "field",
    "Sim",
    "(9",
    "ONUs)",
    "Sim",
    "(30",
    "ONUs)",
    "Normalized",
    "load",
    "(class",
    "1)",
    ")",
    "s",
    "s",
    "2",
    "c",
    "la",
    "a",
    "li",
    "z",
    "e",
    "d",
    "l",
    "o",
    "a",
    "d",
    "(",
    "N",
    "o",
    "rm",
    "0",
    "0.1",
    "0.2",
    "0.3",
    "0.4",
    "0.5",
    "0.5",
    "0.4",
    "0.3",
    "0.2",
    "0.1",
    "0"
  ],
  "paper-ID": "1002.2385v2",
  "figure-ID": "1002.2385v2-Figure7-1.png",
  "figure-type": "Graph Plot",
  "0-originally-extracted": "Figure 7. Stability region for two classes of ONUs with unbalanced number of ONUs",
  "1-lowercase-and-token-and-remove-figure-index": {
    "caption": "stability region for two classes of onus with unbalanced number of onus .",
    "sentence": [
      "stability region for two classes of onus with unbalanced number of onus ."
    ],
    "token": [
      "stability",
      "region",
      "for",
      "two",
      "classes",
      "of",
      "onus",
      "with",
      "unbalanced",
      "number",
      "of",
      "onus",
      "."
    ]
  },
  "2-normalized": {
    "2-1-basic-num": {
      "caption": "stability region for NUM-TK classes of onus with unbalanced number of onus .",
      "sentence": [
        "stability region for NUM-TK classes of onus with unbalanced number of onus ."
      ],
      "token": [
        "stability",
        "region",
        "for",
        "NUM-TK",
        "classes",
        "of",
        "onus",
        "with",
        "unbalanced",
        "number",
        "of",
        "onus",
        "."
      ]
    },
    "2-2-advanced-euqation-bracket": {
      "caption": "stability region for NUM classes of onus with unbalanced number of onus .",
      "sentence": [
        "stability region for NUM classes of onus with unbalanced number of onus ."
      ],
      "tokens": [
        "stability",
        "region",
        "for",
        "NUM",
        "classes",
        "of",
        "onus",
        "with",
        "unbalanced",
        "number",
        "of",
        "onus",
        "."
      ]
    }
  }
}