{
  "contains-subfigure": false,
  "Img-text": [
    "experimental",
    "Giddings",
    "function",
    "fit",
    "h-index",
    "y",
    "ue",
    "nc",
    "fr",
    "eq",
    "75",
    "60",
    "45",
    "30",
    "15",
    "0",
    "10",
    "20",
    "30",
    "40",
    "50",
    "0"
  ],
  "paper-ID": "1002.1060v1",
  "figure-ID": "1002.1060v1-Figure3-1.png",
  "figure-type": "Graph Plot",
  "0-originally-extracted": "Figure 3 - Histogram of the h-index of members of all collected confer-",
  "1-lowercase-and-token-and-remove-figure-index": {
    "caption": "- histogram of the h-index of members of all collected confer- .",
    "sentence": [
      "- histogram of the h-index of members of all collected confer- ."
    ],
    "token": [
      "-",
      "histogram",
      "of",
      "the",
      "h-index",
      "of",
      "members",
      "of",
      "all",
      "collected",
      "confer-",
      "."
    ]
  },
  "2-normalized": {
    "2-1-basic-num": {
      "caption": "- histogram of the h-index of members of all collected confer- .",
      "sentence": [
        "- histogram of the h-index of members of all collected confer- ."
      ],
      "token": [
        "-",
        "histogram",
        "of",
        "the",
        "h-index",
        "of",
        "members",
        "of",
        "all",
        "collected",
        "confer-",
        "."
      ]
    },
    "2-2-advanced-euqation-bracket": {
      "caption": "- histogram of the h-index of members of all collected confer- .",
      "sentence": [
        "- histogram of the h-index of members of all collected confer- ."
      ],
      "tokens": [
        "-",
        "histogram",
        "of",
        "the",
        "h-index",
        "of",
        "members",
        "of",
        "all",
        "collected",
        "confer-",
        "."
      ]
    }
  }
}