{
  "contains-subfigure": false,
  "Img-text": [
    "DAS",
    "(sc.)",
    "DAS",
    "(spc.)",
    "DAS",
    "(sc./spc.)bc",
    "DIS",
    "(sc.)",
    "DIS",
    "(spc.)",
    "DIS",
    "(sc./spc.)rs",
    "SISO",
    "SNR",
    "10dB,Np",
    "=",
    "2",
    "]",
    "n",
    "[%",
    "g",
    "ai",
    "ra",
    "te",
    "su",
    "m",
    "bc",
    "bc",
    "bc",
    "bc",
    "bc",
    "bc",
    "bc",
    "rs",
    "rs",
    "rs",
    "rs",
    "rs",
    "rs",
    "rs",
    "rsrs",
    "rs",
    "rs",
    "rs",
    "rs",
    "rs",
    "rs",
    "0.2",
    "0.3",
    "0.4",
    "0.5",
    "0.6",
    "d1",
    "=",
    "d2",
    "14",
    "12",
    "10",
    "8",
    "6",
    "4",
    "2",
    "0"
  ],
  "paper-ID": "1002.3356v1",
  "figure-ID": "1002.3356v1-Figure9-1.png",
  "figure-type": "Graph Plot",
  "0-originally-extracted": "Figure 9. Gain through source coding (sc.) or superpositioncoding (spc.), maximized over all extents of backhaul.",
  "1-lowercase-and-token-and-remove-figure-index": {
    "caption": "gain through source coding ( sc . ) or superpositioncoding ( spc . ) , maximized over all extents of backhaul .",
    "sentence": [
      "gain through source coding ( sc . )",
      "or superpositioncoding ( spc . )",
      ", maximized over all extents of backhaul ."
    ],
    "token": [
      "gain",
      "through",
      "source",
      "coding",
      "(",
      "sc",
      ".",
      ")",
      "or",
      "superpositioncoding",
      "(",
      "spc",
      ".",
      ")",
      ",",
      "maximized",
      "over",
      "all",
      "extents",
      "of",
      "backhaul",
      "."
    ]
  },
  "2-normalized": {
    "2-1-basic-num": {
      "caption": "gain through source coding ( sc . ) or superpositioncoding ( spc . ) , maximized over all extents of backhaul .",
      "sentence": [
        "gain through source coding ( sc . )",
        "or superpositioncoding ( spc . )",
        ", maximized over all extents of backhaul ."
      ],
      "token": [
        "gain",
        "through",
        "source",
        "coding",
        "(",
        "sc",
        ".",
        ")",
        "or",
        "superpositioncoding",
        "(",
        "spc",
        ".",
        ")",
        ",",
        "maximized",
        "over",
        "all",
        "extents",
        "of",
        "backhaul",
        "."
      ]
    },
    "2-2-advanced-euqation-bracket": {
      "caption": "gain through source coding BRACKET-TK or superpositioncoding BRACKET-TK , maximized over all extents of backhaul .",
      "sentence": [
        "gain through source coding BRACKET-TK or superpositioncoding BRACKET-TK , maximized over all extents of backhaul ."
      ],
      "tokens": [
        "gain",
        "through",
        "source",
        "coding",
        "BRACKET-TK",
        "or",
        "superpositioncoding",
        "BRACKET-TK",
        ",",
        "maximized",
        "over",
        "all",
        "extents",
        "of",
        "backhaul",
        "."
      ]
    }
  }
}