{
  "contains-subfigure": false,
  "Img-text": [
    "Slope",
    "5",
    "Slope",
    "4",
    "Slope",
    "3",
    "Tanner",
    "(155,64)",
    "IES",
    "2\u2212lifting",
    "(310,126)",
    "IES",
    "3\u2212lifting",
    "(465,188)",
    "IES",
    "4\u2212lifting",
    "(620,250)",
    "IES",
    "5\u2212lifting",
    "(755,312)",
    "Random",
    "5\u2212lifting",
    "(755,312)",
    "Gallager",
    "B",
    "Decoder",
    "-",
    "Max",
    "Iteration",
    "=",
    "100",
    "R",
    "F",
    "E",
    "BSC",
    "Transition",
    "Probability",
    "10",
    "0",
    "10",
    "\u22121",
    "10",
    "\u22122",
    "10",
    "\u22123",
    "10",
    "\u22124",
    "10",
    "\u22125",
    "10",
    "\u22126",
    "10",
    "\u22127",
    "10",
    "\u22128",
    "10",
    "\u22121",
    "10",
    "\u22122",
    "10",
    "\u22123"
  ],
  "paper-ID": "1002.4311v1",
  "figure-ID": "1002.4311v1-Figure2-1.png",
  "figure-type": "Graph Plot",
  "0-originally-extracted": "Fig. 2. Comparison of the FER performance of the Tanner code an its liftings over the BSC (Example 3).",
  "1-lowercase-and-token-and-remove-figure-index": {
    "caption": "comparison of the fer performance of the tanner code an its liftings over the bsc ( example 3 ) .",
    "sentence": [
      "comparison of the fer performance of the tanner code an its liftings over the bsc ( example 3 ) ."
    ],
    "token": [
      "comparison",
      "of",
      "the",
      "fer",
      "performance",
      "of",
      "the",
      "tanner",
      "code",
      "an",
      "its",
      "liftings",
      "over",
      "the",
      "bsc",
      "(",
      "example",
      "3",
      ")",
      "."
    ]
  },
  "2-normalized": {
    "2-1-basic-num": {
      "caption": "comparison of the fer performance of the tanner code an its liftings over the bsc ( example NUM-TK ) .",
      "sentence": [
        "comparison of the fer performance of the tanner code an its liftings over the bsc ( example NUM-TK ) ."
      ],
      "token": [
        "comparison",
        "of",
        "the",
        "fer",
        "performance",
        "of",
        "the",
        "tanner",
        "code",
        "an",
        "its",
        "liftings",
        "over",
        "the",
        "bsc",
        "(",
        "example",
        "NUM-TK",
        ")",
        "."
      ]
    },
    "2-2-advanced-euqation-bracket": {
      "caption": "comparison of the fer performance of the tanner code an its liftings over the bsc BRACKET-TK .",
      "sentence": [
        "comparison of the fer performance of the tanner code an its liftings over the bsc BRACKET-TK ."
      ],
      "tokens": [
        "comparison",
        "of",
        "the",
        "fer",
        "performance",
        "of",
        "the",
        "tanner",
        "code",
        "an",
        "its",
        "liftings",
        "over",
        "the",
        "bsc",
        "BRACKET-TK",
        "."
      ]
    }
  }
}