{
  "contains-subfigure": false,
  "Img-text": [
    "16QAM",
    "4QAM",
    "quadratic",
    "y",
    "=",
    "-",
    "0.042*x2",
    "+",
    "1.3*x",
    "+",
    "7.8",
    "B",
    "in",
    "d",
    "N",
    "R",
    "ef",
    "f.S",
    "beta",
    "18",
    "unequal",
    "modulation",
    "eff.snr",
    "vs",
    "beta",
    "16",
    "14",
    "12",
    "10",
    "8",
    "6",
    "0",
    "5",
    "10",
    "15",
    "4"
  ],
  "paper-ID": "1002.1198v1",
  "figure-ID": "1002.1198v1-Figure2-1.png",
  "figure-type": "Graph Plot",
  "0-originally-extracted": "Fig. 2. Instantaneous SNReff vs. \u03b21 and SNReff vs. \u03b22 curve with the corresponding quadratic approximations.",
  "1-lowercase-and-token-and-remove-figure-index": {
    "caption": "instantaneous snreff vs. \u03b21 and snreff vs. \u03b2 curve with the corresponding quadratic approximations .",
    "sentence": [
      "instantaneous snreff vs. \u03b21 and snreff vs. \u03b2 curve with the corresponding quadratic approximations ."
    ],
    "token": [
      "instantaneous",
      "snreff",
      "vs.",
      "\u03b21",
      "and",
      "snreff",
      "vs.",
      "\u03b2",
      "curve",
      "with",
      "the",
      "corresponding",
      "quadratic",
      "approximations",
      "."
    ]
  },
  "2-normalized": {
    "2-1-basic-num": {
      "caption": "instantaneous snreff vs. \u03b21 and snreff vs. \u03b2 curve with the corresponding quadratic approximations .",
      "sentence": [
        "instantaneous snreff vs. \u03b21 and snreff vs. \u03b2 curve with the corresponding quadratic approximations ."
      ],
      "token": [
        "instantaneous",
        "snreff",
        "vs.",
        "\u03b21",
        "and",
        "snreff",
        "vs.",
        "\u03b2",
        "curve",
        "with",
        "the",
        "corresponding",
        "quadratic",
        "approximations",
        "."
      ]
    },
    "2-2-advanced-euqation-bracket": {
      "caption": "instantaneous snreff vs. \u03b21 and snreff vs. \u03b2 curve with the corresponding quadratic approximations .",
      "sentence": [
        "instantaneous snreff vs. \u03b21 and snreff vs. \u03b2 curve with the corresponding quadratic approximations ."
      ],
      "tokens": [
        "instantaneous",
        "snreff",
        "vs.",
        "\u03b21",
        "and",
        "snreff",
        "vs.",
        "\u03b2",
        "curve",
        "with",
        "the",
        "corresponding",
        "quadratic",
        "approximations",
        "."
      ]
    }
  }
}