{
  "contains-subfigure": false,
  "Img-text": [
    "n",
    "=",
    "2",
    "\u03b1",
    "=",
    "1,",
    "\u03b2",
    "=",
    "2",
    "X\u2212Codes",
    "\u2212\u2212",
    "4\u2212QAM",
    "Waterfilling",
    "\u2212",
    "Gaussian",
    "Signal",
    "X\u2212Codes",
    "(\u03b8",
    "=",
    "0o)",
    "X\u2212Codes",
    "(\u03b8",
    "=",
    "15o)",
    "X\u2212Codes",
    "(\u03b8",
    "=",
    "30o)",
    "X\u2212Codes",
    "(\u03b8",
    "=",
    "40o)",
    ")",
    "(b",
    "its",
    "io",
    "n",
    "m",
    "at",
    "nf",
    "or",
    "ua",
    "l",
    "I",
    "M",
    "ut",
    "P",
    "T",
    "(dB)",
    "4",
    "3.5",
    "3",
    "2.5",
    "2",
    "1.5",
    "1",
    "0",
    "2",
    "4",
    "6",
    "8",
    "10",
    "12",
    "14",
    "16",
    "18"
  ],
  "paper-ID": "1002.4263v1",
  "figure-ID": "1002.4263v1-Figure5-1.png",
  "figure-type": "Graph Plot",
  "0-originally-extracted": "Fig. 5. Mutual information versusPT for X-Codes for different\u03b8s, n = 2 parallel channels,\u03b1 = 1, \u03b2 = 2, and 4-QAM input alphabet.",
  "1-lowercase-and-token-and-remove-figure-index": {
    "caption": "mutual information versuspt for x-codes for different\u03b8s , n = 2 parallel channels , \u03b1 = 1 , \u03b2 = 2 , and 4-qam input alphabet .",
    "sentence": [
      "mutual information versuspt for x-codes for different\u03b8s , n = 2 parallel channels , \u03b1 = 1 , \u03b2 = 2 , and 4-qam input alphabet ."
    ],
    "token": [
      "mutual",
      "information",
      "versuspt",
      "for",
      "x-codes",
      "for",
      "different\u03b8s",
      ",",
      "n",
      "=",
      "2",
      "parallel",
      "channels",
      ",",
      "\u03b1",
      "=",
      "1",
      ",",
      "\u03b2",
      "=",
      "2",
      ",",
      "and",
      "4-qam",
      "input",
      "alphabet",
      "."
    ]
  },
  "2-normalized": {
    "2-1-basic-num": {
      "caption": "mutual information versuspt for x-codes for different\u03b8s , n = NUM-TK parallel channels , \u03b1 = NUM-TK , \u03b2 = NUM-TK , and 4-qam input alphabet .",
      "sentence": [
        "mutual information versuspt for x-codes for different\u03b8s , n = NUM-TK parallel channels , \u03b1 = NUM-TK , \u03b2 = NUM-TK , and 4-qam input alphabet ."
      ],
      "token": [
        "mutual",
        "information",
        "versuspt",
        "for",
        "x-codes",
        "for",
        "different\u03b8s",
        ",",
        "n",
        "=",
        "NUM-TK",
        "parallel",
        "channels",
        ",",
        "\u03b1",
        "=",
        "NUM-TK",
        ",",
        "\u03b2",
        "=",
        "NUM-TK",
        ",",
        "and",
        "4-qam",
        "input",
        "alphabet",
        "."
      ]
    },
    "2-2-advanced-euqation-bracket": {
      "caption": "mutual information versuspt for x-codes for different\u03b8s , EQUAT-TK parallel channels , EQUAT-TK , EQUAT-TK , and 4-qam input alphabet .",
      "sentence": [
        "mutual information versuspt for x-codes for different\u03b8s , EQUAT-TK parallel channels , EQUAT-TK , EQUAT-TK , and 4-qam input alphabet ."
      ],
      "tokens": [
        "mutual",
        "information",
        "versuspt",
        "for",
        "x-codes",
        "for",
        "different\u03b8s",
        ",",
        "EQUAT-TK",
        "parallel",
        "channels",
        ",",
        "EQUAT-TK",
        ",",
        "EQUAT-TK",
        ",",
        "and",
        "4-qam",
        "input",
        "alphabet",
        "."
      ]
    }
  }
}