{
  "contains-subfigure": false,
  "Img-text": [],
  "paper-ID": "1002.1985v1",
  "figure-ID": "1002.1985v1-Figure5-1.png",
  "figure-type": "Graph Plot",
  "0-originally-extracted": "Figure 5. The change of modularity and silhouette values as the network size increases.",
  "1-lowercase-and-token-and-remove-figure-index": {
    "caption": "the change of modularity and silhouette values as the network size increases .",
    "sentence": [
      "the change of modularity and silhouette values as the network size increases ."
    ],
    "token": [
      "the",
      "change",
      "of",
      "modularity",
      "and",
      "silhouette",
      "values",
      "as",
      "the",
      "network",
      "size",
      "increases",
      "."
    ]
  },
  "2-normalized": {
    "2-1-basic-num": {
      "caption": "the change of modularity and silhouette values as the network size increases .",
      "sentence": [
        "the change of modularity and silhouette values as the network size increases ."
      ],
      "token": [
        "the",
        "change",
        "of",
        "modularity",
        "and",
        "silhouette",
        "values",
        "as",
        "the",
        "network",
        "size",
        "increases",
        "."
      ]
    },
    "2-2-advanced-euqation-bracket": {
      "caption": "the change of modularity and silhouette values as the network size increases .",
      "sentence": [
        "the change of modularity and silhouette values as the network size increases ."
      ],
      "tokens": [
        "the",
        "change",
        "of",
        "modularity",
        "and",
        "silhouette",
        "values",
        "as",
        "the",
        "network",
        "size",
        "increases",
        "."
      ]
    }
  }
}