{
  "contains-subfigure": false,
  "Img-text": [
    "Linear",
    "Scan",
    "Circular",
    "Scan",
    "Largest\u2212First",
    "Scan",
    "io",
    "n",
    "un",
    "ct",
    "s",
    "F",
    "M",
    "as",
    "lit",
    "y",
    "ba",
    "bi",
    "P",
    "ro",
    "Number",
    "of",
    "Fragments",
    "per",
    "Channel",
    "0.18",
    "0.16",
    "0.14",
    "0.12",
    "0.1",
    "0.08",
    "0.06",
    "0.04",
    "0.02",
    "0",
    "5",
    "10",
    "15",
    "20",
    "25",
    "30",
    "35",
    "40",
    "45",
    "50",
    "55",
    "60",
    "0"
  ],
  "paper-ID": "1002.3084v2",
  "figure-ID": "1002.3084v2-Figure8-1.png",
  "figure-type": "Graph Plot",
  "0-originally-extracted": "Fig. 8. Distribution of the number of fragments per channel for \u03b1 = 0.1.",
  "1-lowercase-and-token-and-remove-figure-index": {
    "caption": "distribution of the number of fragments per channel for \u03b1 = 0.1 .",
    "sentence": [
      "distribution of the number of fragments per channel for \u03b1 = 0.1 ."
    ],
    "token": [
      "distribution",
      "of",
      "the",
      "number",
      "of",
      "fragments",
      "per",
      "channel",
      "for",
      "\u03b1",
      "=",
      "0.1",
      "."
    ]
  },
  "2-normalized": {
    "2-1-basic-num": {
      "caption": "distribution of the number of fragments per channel for \u03b1 = NUM-TK .",
      "sentence": [
        "distribution of the number of fragments per channel for \u03b1 = NUM-TK ."
      ],
      "token": [
        "distribution",
        "of",
        "the",
        "number",
        "of",
        "fragments",
        "per",
        "channel",
        "for",
        "\u03b1",
        "=",
        "NUM-TK",
        "."
      ]
    },
    "2-2-advanced-euqation-bracket": {
      "caption": "distribution of the number of fragments per channel for EQUAT-TK .",
      "sentence": [
        "distribution of the number of fragments per channel for EQUAT-TK ."
      ],
      "tokens": [
        "distribution",
        "of",
        "the",
        "number",
        "of",
        "fragments",
        "per",
        "channel",
        "for",
        "EQUAT-TK",
        "."
      ]
    }
  }
}