{
  "contains-subfigure": false,
  "Img-text": [
    "0x",
    ")()(",
    "21",
    "xfxf",
    "\u2212",
    ")(2",
    "xf",
    ")(1",
    "xf",
    "x"
  ],
  "paper-ID": "1002.1313v1",
  "figure-ID": "1002.1313v1-Figure2-1.png",
  "figure-type": "Graph Plot",
  "0-originally-extracted": "Fig. 2. Exponential distributions and their difference.",
  "1-lowercase-and-token-and-remove-figure-index": {
    "caption": "exponential distributions and their difference .",
    "sentence": [
      "exponential distributions and their difference ."
    ],
    "token": [
      "exponential",
      "distributions",
      "and",
      "their",
      "difference",
      "."
    ]
  },
  "2-normalized": {
    "2-1-basic-num": {
      "caption": "exponential distributions and their difference .",
      "sentence": [
        "exponential distributions and their difference ."
      ],
      "token": [
        "exponential",
        "distributions",
        "and",
        "their",
        "difference",
        "."
      ]
    },
    "2-2-advanced-euqation-bracket": {
      "caption": "exponential distributions and their difference .",
      "sentence": [
        "exponential distributions and their difference ."
      ],
      "tokens": [
        "exponential",
        "distributions",
        "and",
        "their",
        "difference",
        "."
      ]
    }
  }
}