{
  "contains-subfigure": false,
  "Img-text": [],
  "paper-ID": "1002.3340v1",
  "figure-ID": "1002.3340v1-Figure3-1.png",
  "figure-type": "Graph Plot",
  "0-originally-extracted": "Fig. 3. V - I Characteristic of a Solar (PV) Cell",
  "1-lowercase-and-token-and-remove-figure-index": {
    "caption": "v - i characteristic of a solar ( pv ) cell .",
    "sentence": [
      "v - i characteristic of a solar ( pv ) cell ."
    ],
    "token": [
      "v",
      "-",
      "i",
      "characteristic",
      "of",
      "a",
      "solar",
      "(",
      "pv",
      ")",
      "cell",
      "."
    ]
  },
  "2-normalized": {
    "2-1-basic-num": {
      "caption": "v - i characteristic of a solar ( pv ) cell .",
      "sentence": [
        "v - i characteristic of a solar ( pv ) cell ."
      ],
      "token": [
        "v",
        "-",
        "i",
        "characteristic",
        "of",
        "a",
        "solar",
        "(",
        "pv",
        ")",
        "cell",
        "."
      ]
    },
    "2-2-advanced-euqation-bracket": {
      "caption": "v - i characteristic of a solar BRACKET-TK cell .",
      "sentence": [
        "v - i characteristic of a solar BRACKET-TK cell ."
      ],
      "tokens": [
        "v",
        "-",
        "i",
        "characteristic",
        "of",
        "a",
        "solar",
        "BRACKET-TK",
        "cell",
        "."
      ]
    }
  }
}