{
  "contains-subfigure": false,
  "Img-text": [
    "ANCC",
    "Seq",
    "(Iter=30)",
    "GANCC1",
    "Seq(Iter=30*1)",
    "GANCC2",
    "Iter(Iter=30*5)",
    "GANCC3",
    "Iter(Iter=30*10)",
    "GANCC4",
    "Joint(Iter=30)",
    ")",
    "li",
    "ne",
    "ol",
    "id",
    "e",
    "(s",
    "r",
    "at",
    "rr",
    "or",
    "ke",
    "t",
    "e",
    "P",
    "ac",
    "ne",
    "),",
    "ed",
    "li",
    "da",
    "sh",
    "te",
    "(",
    "r",
    "ra",
    "er",
    "ro",
    "B",
    "it",
    "Es/N0",
    "(dB)",
    "10",
    "0",
    "10",
    "\u22121",
    "10",
    "\u22122",
    "10",
    "\u22123",
    "10",
    "\u22124",
    "10",
    "\u22125",
    "\u22126",
    "0",
    "2",
    "4",
    "6",
    "8",
    "10",
    "12",
    "10"
  ],
  "paper-ID": "1002.3629v1",
  "figure-ID": "1002.3629v1-Figure5-1.png",
  "figure-type": "Graph Plot",
  "0-originally-extracted": "Fig. 5. Comparison between GANCC and ANCC with different decoding methods.m = 5, N = 2000. Each source-packet is channel coded with a(3, 6)-regular LDPC code, and circulant interleavers are adoptedin GANCC. Solid lines: PER; dashed lines: BER.",
  "1-lowercase-and-token-and-remove-figure-index": {
    "caption": "comparison between gancc and ancc with different decoding methods.m = , n = 2000. each source-packet is channel coded with a ( 3 , 6 ) -regular ldpc code , and circulant interleavers are adoptedin gancc . solid lines : per ; dashed lines : ber .",
    "sentence": [
      "comparison between gancc and ancc with different decoding methods.m = , n = 2000. each source-packet is channel coded with a ( 3 , 6 ) -regular ldpc code , and circulant interleavers are adoptedin gancc .",
      "solid lines : per ; dashed lines : ber ."
    ],
    "token": [
      "comparison",
      "between",
      "gancc",
      "and",
      "ancc",
      "with",
      "different",
      "decoding",
      "methods.m",
      "=",
      ",",
      "n",
      "=",
      "2000.",
      "each",
      "source-packet",
      "is",
      "channel",
      "coded",
      "with",
      "a",
      "(",
      "3",
      ",",
      "6",
      ")",
      "-regular",
      "ldpc",
      "code",
      ",",
      "and",
      "circulant",
      "interleavers",
      "are",
      "adoptedin",
      "gancc",
      ".",
      "solid",
      "lines",
      ":",
      "per",
      ";",
      "dashed",
      "lines",
      ":",
      "ber",
      "."
    ]
  },
  "2-normalized": {
    "2-1-basic-num": {
      "caption": "comparison between gancc and ancc with different decoding methods.m = , n = NUM-TK each source-packet is channel coded with a ( NUM-TK , NUM-TK ) -regular ldpc code , and circulant interleavers are adoptedin gancc . solid lines : per ; dashed lines : ber .",
      "sentence": [
        "comparison between gancc and ancc with different decoding methods.m = , n = NUM-TK each source-packet is channel coded with a ( NUM-TK , NUM-TK ) -regular ldpc code , and circulant interleavers are adoptedin gancc .",
        "solid lines : per ; dashed lines : ber ."
      ],
      "token": [
        "comparison",
        "between",
        "gancc",
        "and",
        "ancc",
        "with",
        "different",
        "decoding",
        "methods.m",
        "=",
        ",",
        "n",
        "=",
        "NUM-TK",
        "each",
        "source-packet",
        "is",
        "channel",
        "coded",
        "with",
        "a",
        "(",
        "NUM-TK",
        ",",
        "NUM-TK",
        ")",
        "-regular",
        "ldpc",
        "code",
        ",",
        "and",
        "circulant",
        "interleavers",
        "are",
        "adoptedin",
        "gancc",
        ".",
        "solid",
        "lines",
        ":",
        "per",
        ";",
        "dashed",
        "lines",
        ":",
        "ber",
        "."
      ]
    },
    "2-2-advanced-euqation-bracket": {
      "caption": "comparison between gancc and ancc with different decoding methods.m = , EQUAT-TK each source-packet is channel coded with a BRACKET-TK -regular ldpc code , and circulant interleavers are adoptedin gancc . solid lines : per ; dashed lines : ber .",
      "sentence": [
        "comparison between gancc and ancc with different decoding methods.m = , EQUAT-TK each source-packet is channel coded with a BRACKET-TK -regular ldpc code , and circulant interleavers are adoptedin gancc .",
        "solid lines : per ; dashed lines : ber ."
      ],
      "tokens": [
        "comparison",
        "between",
        "gancc",
        "and",
        "ancc",
        "with",
        "different",
        "decoding",
        "methods.m",
        "=",
        ",",
        "EQUAT-TK",
        "each",
        "source-packet",
        "is",
        "channel",
        "coded",
        "with",
        "a",
        "BRACKET-TK",
        "-regular",
        "ldpc",
        "code",
        ",",
        "and",
        "circulant",
        "interleavers",
        "are",
        "adoptedin",
        "gancc",
        ".",
        "solid",
        "lines",
        ":",
        "per",
        ";",
        "dashed",
        "lines",
        ":",
        "ber",
        "."
      ]
    }
  }
}