{
  "contains-subfigure": false,
  "Img-text": [
    "RSS",
    "TOA",
    "(clear",
    "LOS)",
    "hybrid",
    "(clear",
    "LOS)",
    "new",
    "(clear",
    "LOS)",
    "TOA",
    "(heavily",
    "obstructed)",
    "hybrid",
    "(heavily",
    "obstructed)",
    "new",
    "(heavily",
    "obstructed)",
    "er",
    ")",
    "(m",
    "et",
    "ro",
    "r",
    "n",
    "er",
    "at",
    "io",
    "es",
    "tim",
    "io",
    "n",
    "oc",
    "at",
    "o",
    "f",
    "l",
    "R",
    "B",
    "n",
    "C",
    "M",
    "ea",
    "scenario",
    "size",
    "(meter)",
    "14",
    "12",
    "10",
    "8",
    "6",
    "4",
    "2",
    "0",
    "50",
    "100",
    "150",
    "200",
    "0"
  ],
  "paper-ID": "1002.3602v2",
  "figure-ID": "1002.3602v2-Figure3-1.png",
  "figure-type": "Graph Plot",
  "0-originally-extracted": "Fig. 3. The average CRB for different localization schemes vs increase of scenario size. Four reference nodes are deployed on the four corners of a increasing size\u2019s square. For the proposed COTAR scheme, four target nodes cooperate localizing for each other in a 1 by 1 meter\u2019s grid. Both clear line-of-sight and heavily obstruced situation are considered.",
  "1-lowercase-and-token-and-remove-figure-index": {
    "caption": "the average crb for different localization schemes vs increase of scenario size . four reference nodes are deployed on the four corners of a increasing size \u2019 s square . for the proposed cotar scheme , four target nodes cooperate localizing for each other in a 1 by 1 meter \u2019 s grid . both clear line-of-sight and heavily obstruced situation are considered .",
    "sentence": [
      "the average crb for different localization schemes vs increase of scenario size .",
      "four reference nodes are deployed on the four corners of a increasing size \u2019 s square .",
      "for the proposed cotar scheme , four target nodes cooperate localizing for each other in a 1 by 1 meter \u2019 s grid .",
      "both clear line-of-sight and heavily obstruced situation are considered ."
    ],
    "token": [
      "the",
      "average",
      "crb",
      "for",
      "different",
      "localization",
      "schemes",
      "vs",
      "increase",
      "of",
      "scenario",
      "size",
      ".",
      "four",
      "reference",
      "nodes",
      "are",
      "deployed",
      "on",
      "the",
      "four",
      "corners",
      "of",
      "a",
      "increasing",
      "size",
      "\u2019",
      "s",
      "square",
      ".",
      "for",
      "the",
      "proposed",
      "cotar",
      "scheme",
      ",",
      "four",
      "target",
      "nodes",
      "cooperate",
      "localizing",
      "for",
      "each",
      "other",
      "in",
      "a",
      "1",
      "by",
      "1",
      "meter",
      "\u2019",
      "s",
      "grid",
      ".",
      "both",
      "clear",
      "line-of-sight",
      "and",
      "heavily",
      "obstruced",
      "situation",
      "are",
      "considered",
      "."
    ]
  },
  "2-normalized": {
    "2-1-basic-num": {
      "caption": "the average crb for different localization schemes vs increase of scenario size . NUM-TK reference nodes are deployed on the NUM-TK corners of a increasing size \u2019 s square . for the proposed cotar scheme , NUM-TK target nodes cooperate localizing for each other in a NUM-TK by NUM-TK meter \u2019 s grid . both clear line-of-sight and heavily obstruced situation are considered .",
      "sentence": [
        "the average crb for different localization schemes vs increase of scenario size .",
        "NUM-TK reference nodes are deployed on the NUM-TK corners of a increasing size \u2019 s square .",
        "for the proposed cotar scheme , NUM-TK target nodes cooperate localizing for each other in a NUM-TK by NUM-TK meter \u2019 s grid .",
        "both clear line-of-sight and heavily obstruced situation are considered ."
      ],
      "token": [
        "the",
        "average",
        "crb",
        "for",
        "different",
        "localization",
        "schemes",
        "vs",
        "increase",
        "of",
        "scenario",
        "size",
        ".",
        "NUM-TK",
        "reference",
        "nodes",
        "are",
        "deployed",
        "on",
        "the",
        "NUM-TK",
        "corners",
        "of",
        "a",
        "increasing",
        "size",
        "\u2019",
        "s",
        "square",
        ".",
        "for",
        "the",
        "proposed",
        "cotar",
        "scheme",
        ",",
        "NUM-TK",
        "target",
        "nodes",
        "cooperate",
        "localizing",
        "for",
        "each",
        "other",
        "in",
        "a",
        "NUM-TK",
        "by",
        "NUM-TK",
        "meter",
        "\u2019",
        "s",
        "grid",
        ".",
        "both",
        "clear",
        "line-of-sight",
        "and",
        "heavily",
        "obstruced",
        "situation",
        "are",
        "considered",
        "."
      ]
    },
    "2-2-advanced-euqation-bracket": {
      "caption": "the average crb for different localization schemes vs increase of scenario size . NUM reference nodes are deployed on the NUM corners of a increasing size \u2019 s square . for the proposed cotar scheme , NUM target nodes cooperate localizing for each other in a NUM by NUM meter \u2019 s grid . both clear line-of-sight and heavily obstruced situation are considered .",
      "sentence": [
        "the average crb for different localization schemes vs increase of scenario size .",
        "NUM reference nodes are deployed on the NUM corners of a increasing size \u2019 s square .",
        "for the proposed cotar scheme , NUM target nodes cooperate localizing for each other in a NUM by NUM meter \u2019 s grid .",
        "both clear line-of-sight and heavily obstruced situation are considered ."
      ],
      "tokens": [
        "the",
        "average",
        "crb",
        "for",
        "different",
        "localization",
        "schemes",
        "vs",
        "increase",
        "of",
        "scenario",
        "size",
        ".",
        "NUM",
        "reference",
        "nodes",
        "are",
        "deployed",
        "on",
        "the",
        "NUM",
        "corners",
        "of",
        "a",
        "increasing",
        "size",
        "\u2019",
        "s",
        "square",
        ".",
        "for",
        "the",
        "proposed",
        "cotar",
        "scheme",
        ",",
        "NUM",
        "target",
        "nodes",
        "cooperate",
        "localizing",
        "for",
        "each",
        "other",
        "in",
        "a",
        "NUM",
        "by",
        "NUM",
        "meter",
        "\u2019",
        "s",
        "grid",
        ".",
        "both",
        "clear",
        "line-of-sight",
        "and",
        "heavily",
        "obstruced",
        "situation",
        "are",
        "considered",
        "."
      ]
    }
  }
}