{
  "contains-subfigure": false,
  "Img-text": [
    "dt",
    "t",
    "4",
    "3",
    "2",
    "1",
    "0"
  ],
  "paper-ID": "1002.3086v1",
  "figure-ID": "1002.3086v1-Figure2-1.png",
  "figure-type": "Graph Plot",
  "0-originally-extracted": "Figure 2. Realization of the divergence processes 1 to 4 associated to a controller with operation modes m1 to m4. The divergence processes 1 and 2 diverge, whereas 3 and 4 stay below the dotted bound. Hence, the posterior probabilities of m1 and m2 vanish.",
  "1-lowercase-and-token-and-remove-figure-index": {
    "caption": "realization of the divergence processes 1 to 4 associated to a controller with operation modes m1 to m4 . the divergence processes 1 and diverge , whereas 3 and 4 stay below the dotted bound . hence , the posterior probabilities of m1 and m vanish .",
    "sentence": [
      "realization of the divergence processes 1 to 4 associated to a controller with operation modes m1 to m4 .",
      "the divergence processes 1 and diverge , whereas 3 and 4 stay below the dotted bound .",
      "hence , the posterior probabilities of m1 and m vanish ."
    ],
    "token": [
      "realization",
      "of",
      "the",
      "divergence",
      "processes",
      "1",
      "to",
      "4",
      "associated",
      "to",
      "a",
      "controller",
      "with",
      "operation",
      "modes",
      "m1",
      "to",
      "m4",
      ".",
      "the",
      "divergence",
      "processes",
      "1",
      "and",
      "diverge",
      ",",
      "whereas",
      "3",
      "and",
      "4",
      "stay",
      "below",
      "the",
      "dotted",
      "bound",
      ".",
      "hence",
      ",",
      "the",
      "posterior",
      "probabilities",
      "of",
      "m1",
      "and",
      "m",
      "vanish",
      "."
    ]
  },
  "2-normalized": {
    "2-1-basic-num": {
      "caption": "realization of the divergence processes NUM-TK to NUM-TK associated to a controller with operation modes m1 to m4 . the divergence processes NUM-TK and diverge , whereas NUM-TK and NUM-TK stay below the dotted bound . hence , the posterior probabilities of m1 and m vanish .",
      "sentence": [
        "realization of the divergence processes NUM-TK to NUM-TK associated to a controller with operation modes m1 to m4 .",
        "the divergence processes NUM-TK and diverge , whereas NUM-TK and NUM-TK stay below the dotted bound .",
        "hence , the posterior probabilities of m1 and m vanish ."
      ],
      "token": [
        "realization",
        "of",
        "the",
        "divergence",
        "processes",
        "NUM-TK",
        "to",
        "NUM-TK",
        "associated",
        "to",
        "a",
        "controller",
        "with",
        "operation",
        "modes",
        "m1",
        "to",
        "m4",
        ".",
        "the",
        "divergence",
        "processes",
        "NUM-TK",
        "and",
        "diverge",
        ",",
        "whereas",
        "NUM-TK",
        "and",
        "NUM-TK",
        "stay",
        "below",
        "the",
        "dotted",
        "bound",
        ".",
        "hence",
        ",",
        "the",
        "posterior",
        "probabilities",
        "of",
        "m1",
        "and",
        "m",
        "vanish",
        "."
      ]
    },
    "2-2-advanced-euqation-bracket": {
      "caption": "realization of the divergence processes NUM to NUM associated to a controller with operation modes m1 to m4 . the divergence processes NUM and diverge , whereas NUM and NUM stay below the dotted bound . hence , the posterior probabilities of m1 and m vanish .",
      "sentence": [
        "realization of the divergence processes NUM to NUM associated to a controller with operation modes m1 to m4 .",
        "the divergence processes NUM and diverge , whereas NUM and NUM stay below the dotted bound .",
        "hence , the posterior probabilities of m1 and m vanish ."
      ],
      "tokens": [
        "realization",
        "of",
        "the",
        "divergence",
        "processes",
        "NUM",
        "to",
        "NUM",
        "associated",
        "to",
        "a",
        "controller",
        "with",
        "operation",
        "modes",
        "m1",
        "to",
        "m4",
        ".",
        "the",
        "divergence",
        "processes",
        "NUM",
        "and",
        "diverge",
        ",",
        "whereas",
        "NUM",
        "and",
        "NUM",
        "stay",
        "below",
        "the",
        "dotted",
        "bound",
        ".",
        "hence",
        ",",
        "the",
        "posterior",
        "probabilities",
        "of",
        "m1",
        "and",
        "m",
        "vanish",
        "."
      ]
    }
  }
}