{
  "contains-subfigure": false,
  "Img-text": [
    "k=4",
    "k=5",
    "k=6",
    "k=7",
    "k=8",
    "k=9",
    "k=10",
    "]",
    "Error",
    "Vs.",
    "Number",
    "of",
    "Signals",
    "e[",
    "%",
    "N",
    "90",
    "80",
    "70",
    "60",
    "50",
    "40",
    "30",
    "20",
    "10",
    "500",
    "1000",
    "1500",
    "2000",
    "2500",
    "0"
  ],
  "paper-ID": "1002.2586v2",
  "figure-ID": "1002.2586v2-Figure3-1.png",
  "figure-type": "Graph Plot",
  "0-originally-extracted": "Fig. 3. Reconstruction error as a function of the number of signals for different values ofk.",
  "1-lowercase-and-token-and-remove-figure-index": {
    "caption": "reconstruction error as a function of the number of signals for different values ofk .",
    "sentence": [
      "reconstruction error as a function of the number of signals for different values ofk ."
    ],
    "token": [
      "reconstruction",
      "error",
      "as",
      "a",
      "function",
      "of",
      "the",
      "number",
      "of",
      "signals",
      "for",
      "different",
      "values",
      "ofk",
      "."
    ]
  },
  "2-normalized": {
    "2-1-basic-num": {
      "caption": "reconstruction error as a function of the number of signals for different values ofk .",
      "sentence": [
        "reconstruction error as a function of the number of signals for different values ofk ."
      ],
      "token": [
        "reconstruction",
        "error",
        "as",
        "a",
        "function",
        "of",
        "the",
        "number",
        "of",
        "signals",
        "for",
        "different",
        "values",
        "ofk",
        "."
      ]
    },
    "2-2-advanced-euqation-bracket": {
      "caption": "reconstruction error as a function of the number of signals for different values ofk .",
      "sentence": [
        "reconstruction error as a function of the number of signals for different values ofk ."
      ],
      "tokens": [
        "reconstruction",
        "error",
        "as",
        "a",
        "function",
        "of",
        "the",
        "number",
        "of",
        "signals",
        "for",
        "different",
        "values",
        "ofk",
        "."
      ]
    }
  }
}