{
  "contains-subfigure": false,
  "Img-text": [],
  "paper-ID": "1002.4065v1",
  "figure-ID": "1002.4065v1-Figure5-1.png",
  "figure-type": "Graph Plot",
  "0-originally-extracted": "Figure 5: Hill function for different Hill coefficients (n = 2,3,4). When FHill(X) is 0.5, J equals to 599#.",
  "1-lowercase-and-token-and-remove-figure-index": {
    "caption": "hill function for different hill coefficients ( n = 2,3,4 ) . when fhill ( x ) is 0. , j equals to 99 # .",
    "sentence": [
      "hill function for different hill coefficients ( n = 2,3,4 ) .",
      "when fhill ( x ) is 0. , j equals to 99 # ."
    ],
    "token": [
      "hill",
      "function",
      "for",
      "different",
      "hill",
      "coefficients",
      "(",
      "n",
      "=",
      "2,3,4",
      ")",
      ".",
      "when",
      "fhill",
      "(",
      "x",
      ")",
      "is",
      "0.",
      ",",
      "j",
      "equals",
      "to",
      "99",
      "#",
      "."
    ]
  },
  "2-normalized": {
    "2-1-basic-num": {
      "caption": "hill function for different hill coefficients ( n = NUM-TK ) . when fhill ( x ) is NUM-TK , j equals to NUM-TK # .",
      "sentence": [
        "hill function for different hill coefficients ( n = NUM-TK ) .",
        "when fhill ( x ) is NUM-TK , j equals to NUM-TK # ."
      ],
      "token": [
        "hill",
        "function",
        "for",
        "different",
        "hill",
        "coefficients",
        "(",
        "n",
        "=",
        "NUM-TK",
        ")",
        ".",
        "when",
        "fhill",
        "(",
        "x",
        ")",
        "is",
        "NUM-TK",
        ",",
        "j",
        "equals",
        "to",
        "NUM-TK",
        "#",
        "."
      ]
    },
    "2-2-advanced-euqation-bracket": {
      "caption": "hill function for different hill coefficients BRACKET-TK . when fhill BRACKET-TK is NUM , j equals to NUM # .",
      "sentence": [
        "hill function for different hill coefficients BRACKET-TK .",
        "when fhill BRACKET-TK is NUM , j equals to NUM # ."
      ],
      "tokens": [
        "hill",
        "function",
        "for",
        "different",
        "hill",
        "coefficients",
        "BRACKET-TK",
        ".",
        "when",
        "fhill",
        "BRACKET-TK",
        "is",
        "NUM",
        ",",
        "j",
        "equals",
        "to",
        "NUM",
        "#",
        "."
      ]
    }
  }
}