{
  "contains-subfigure": false,
  "Img-text": [],
  "paper-ID": "1002.1152v1",
  "figure-ID": "1002.1152v1-Figure12-1.png",
  "figure-type": "Graph Plot",
  "0-originally-extracted": "Figure 12. PDR for Alternate Paths",
  "1-lowercase-and-token-and-remove-figure-index": {
    "caption": "pdr for alternate paths .",
    "sentence": [
      "pdr for alternate paths ."
    ],
    "token": [
      "pdr",
      "for",
      "alternate",
      "paths",
      "."
    ]
  },
  "2-normalized": {
    "2-1-basic-num": {
      "caption": "pdr for alternate paths .",
      "sentence": [
        "pdr for alternate paths ."
      ],
      "token": [
        "pdr",
        "for",
        "alternate",
        "paths",
        "."
      ]
    },
    "2-2-advanced-euqation-bracket": {
      "caption": "pdr for alternate paths .",
      "sentence": [
        "pdr for alternate paths ."
      ],
      "tokens": [
        "pdr",
        "for",
        "alternate",
        "paths",
        "."
      ]
    }
  }
}