{
  "contains-subfigure": false,
  "Img-text": [],
  "paper-ID": "1002.2723v1",
  "figure-ID": "1002.2723v1-Figure1-1.png",
  "figure-type": "Graph Plot",
  "0-originally-extracted": "Figure 1: Odd and even palindrome complexity function",
  "1-lowercase-and-token-and-remove-figure-index": {
    "caption": "odd and even palindrome complexity function .",
    "sentence": [
      "odd and even palindrome complexity function ."
    ],
    "token": [
      "odd",
      "and",
      "even",
      "palindrome",
      "complexity",
      "function",
      "."
    ]
  },
  "2-normalized": {
    "2-1-basic-num": {
      "caption": "odd and even palindrome complexity function .",
      "sentence": [
        "odd and even palindrome complexity function ."
      ],
      "token": [
        "odd",
        "and",
        "even",
        "palindrome",
        "complexity",
        "function",
        "."
      ]
    },
    "2-2-advanced-euqation-bracket": {
      "caption": "odd and even palindrome complexity function .",
      "sentence": [
        "odd and even palindrome complexity function ."
      ],
      "tokens": [
        "odd",
        "and",
        "even",
        "palindrome",
        "complexity",
        "function",
        "."
      ]
    }
  }
}