{
  "contains-subfigure": false,
  "Img-text": [
    "magma(2)",
    "zzp",
    "GF2",
    "isogeny",
    "degree",
    "n",
    "d",
    "s",
    "se",
    "co",
    "2",
    "4",
    "8",
    "16",
    "32",
    "64",
    "128",
    "256",
    "512",
    "16384",
    "65536",
    "256",
    "1024",
    "4096",
    "16",
    "64",
    "0.25",
    "1",
    "4",
    "0.015625",
    "0.0625"
  ],
  "paper-ID": "1002.2594v1",
  "figure-ID": "1002.2594v1-Figure4-1.png",
  "figure-type": "Graph Plot",
  "0-originally-extracted": "Fig. 4. Timings for the isogeny algorithm. Isogenies of degree increasing degree are computed between curves defined over F2101 .",
  "1-lowercase-and-token-and-remove-figure-index": {
    "caption": "timings for the isogeny algorithm . isogenies of degree increasing degree are computed between curves defined over f2101 .",
    "sentence": [
      "timings for the isogeny algorithm .",
      "isogenies of degree increasing degree are computed between curves defined over f2101 ."
    ],
    "token": [
      "timings",
      "for",
      "the",
      "isogeny",
      "algorithm",
      ".",
      "isogenies",
      "of",
      "degree",
      "increasing",
      "degree",
      "are",
      "computed",
      "between",
      "curves",
      "defined",
      "over",
      "f2101",
      "."
    ]
  },
  "2-normalized": {
    "2-1-basic-num": {
      "caption": "timings for the isogeny algorithm . isogenies of degree increasing degree are computed between curves defined over f2101 .",
      "sentence": [
        "timings for the isogeny algorithm .",
        "isogenies of degree increasing degree are computed between curves defined over f2101 ."
      ],
      "token": [
        "timings",
        "for",
        "the",
        "isogeny",
        "algorithm",
        ".",
        "isogenies",
        "of",
        "degree",
        "increasing",
        "degree",
        "are",
        "computed",
        "between",
        "curves",
        "defined",
        "over",
        "f2101",
        "."
      ]
    },
    "2-2-advanced-euqation-bracket": {
      "caption": "timings for the isogeny algorithm . isogenies of degree increasing degree are computed between curves defined over f2101 .",
      "sentence": [
        "timings for the isogeny algorithm .",
        "isogenies of degree increasing degree are computed between curves defined over f2101 ."
      ],
      "tokens": [
        "timings",
        "for",
        "the",
        "isogeny",
        "algorithm",
        ".",
        "isogenies",
        "of",
        "degree",
        "increasing",
        "degree",
        "are",
        "computed",
        "between",
        "curves",
        "defined",
        "over",
        "f2101",
        "."
      ]
    }
  }
}