{
  "contains-subfigure": false,
  "Img-text": [
    "simulated",
    "E[D]",
    "asymptotic",
    "expression",
    "]",
    "E",
    "[D",
    "M",
    "9",
    "10",
    "0",
    "10",
    "1",
    "10",
    "2",
    "10",
    "3",
    "10",
    "4",
    "0.67",
    "0.68",
    "0.69",
    "0.7",
    "0.71",
    "0.72",
    "0.73",
    "0.74"
  ],
  "paper-ID": "1002.4473v1",
  "figure-ID": "1002.4473v1-Figure2-1.png",
  "figure-type": "Graph Plot",
  "0-originally-extracted": "Fig. 2. Channel-aware ALOHA scheme. Comparison between simulated expected distortion and asymptotic expression.",
  "1-lowercase-and-token-and-remove-figure-index": {
    "caption": "channel-aware aloha scheme . comparison between simulated expected distortion and asymptotic expression .",
    "sentence": [
      "channel-aware aloha scheme .",
      "comparison between simulated expected distortion and asymptotic expression ."
    ],
    "token": [
      "channel-aware",
      "aloha",
      "scheme",
      ".",
      "comparison",
      "between",
      "simulated",
      "expected",
      "distortion",
      "and",
      "asymptotic",
      "expression",
      "."
    ]
  },
  "2-normalized": {
    "2-1-basic-num": {
      "caption": "channel-aware aloha scheme . comparison between simulated expected distortion and asymptotic expression .",
      "sentence": [
        "channel-aware aloha scheme .",
        "comparison between simulated expected distortion and asymptotic expression ."
      ],
      "token": [
        "channel-aware",
        "aloha",
        "scheme",
        ".",
        "comparison",
        "between",
        "simulated",
        "expected",
        "distortion",
        "and",
        "asymptotic",
        "expression",
        "."
      ]
    },
    "2-2-advanced-euqation-bracket": {
      "caption": "channel-aware aloha scheme . comparison between simulated expected distortion and asymptotic expression .",
      "sentence": [
        "channel-aware aloha scheme .",
        "comparison between simulated expected distortion and asymptotic expression ."
      ],
      "tokens": [
        "channel-aware",
        "aloha",
        "scheme",
        ".",
        "comparison",
        "between",
        "simulated",
        "expected",
        "distortion",
        "and",
        "asymptotic",
        "expression",
        "."
      ]
    }
  }
}