{
  "contains-subfigure": false,
  "Img-text": [],
  "paper-ID": "1002.1874v1",
  "figure-ID": "1002.1874v1-Figure4-1.png",
  "figure-type": "Graph Plot",
  "0-originally-extracted": "Figure 4. Execution time Vs. Grid_population",
  "1-lowercase-and-token-and-remove-figure-index": {
    "caption": "execution time vs. grid_population .",
    "sentence": [
      "execution time vs. grid_population ."
    ],
    "token": [
      "execution",
      "time",
      "vs.",
      "grid_population",
      "."
    ]
  },
  "2-normalized": {
    "2-1-basic-num": {
      "caption": "execution time vs. grid_population .",
      "sentence": [
        "execution time vs. grid_population ."
      ],
      "token": [
        "execution",
        "time",
        "vs.",
        "grid_population",
        "."
      ]
    },
    "2-2-advanced-euqation-bracket": {
      "caption": "execution time vs. grid_population .",
      "sentence": [
        "execution time vs. grid_population ."
      ],
      "tokens": [
        "execution",
        "time",
        "vs.",
        "grid_population",
        "."
      ]
    }
  }
}