{
  "contains-subfigure": false,
  "Img-text": [],
  "paper-ID": "1002.4317v1",
  "figure-ID": "1002.4317v1-Figure4-1.png",
  "figure-type": "Graph Plot",
  "0-originally-extracted": "Figure 4: Minimum tracing distance",
  "1-lowercase-and-token-and-remove-figure-index": {
    "caption": "minimum tracing distance .",
    "sentence": [
      "minimum tracing distance ."
    ],
    "token": [
      "minimum",
      "tracing",
      "distance",
      "."
    ]
  },
  "2-normalized": {
    "2-1-basic-num": {
      "caption": "minimum tracing distance .",
      "sentence": [
        "minimum tracing distance ."
      ],
      "token": [
        "minimum",
        "tracing",
        "distance",
        "."
      ]
    },
    "2-2-advanced-euqation-bracket": {
      "caption": "minimum tracing distance .",
      "sentence": [
        "minimum tracing distance ."
      ],
      "tokens": [
        "minimum",
        "tracing",
        "distance",
        "."
      ]
    }
  }
}