{
  "contains-subfigure": false,
  "Img-text": [],
  "paper-ID": "1002.4838v1",
  "figure-ID": "1002.4838v1-Figure12-1.png",
  "figure-type": "Graph Plot",
  "0-originally-extracted": "Fig. 12 Analytical PRR vs Distance: TinyNode for Pt = + 12 dBm, Pn = -116 dBm",
  "1-lowercase-and-token-and-remove-figure-index": {
    "caption": "analytical prr vs distance : tinynode for pt = + dbm , pn = -116 dbm .",
    "sentence": [
      "analytical prr vs distance : tinynode for pt = + dbm , pn = -116 dbm ."
    ],
    "token": [
      "analytical",
      "prr",
      "vs",
      "distance",
      ":",
      "tinynode",
      "for",
      "pt",
      "=",
      "+",
      "dbm",
      ",",
      "pn",
      "=",
      "-116",
      "dbm",
      "."
    ]
  },
  "2-normalized": {
    "2-1-basic-num": {
      "caption": "analytical prr vs distance : tinynode for pt = + dbm , pn = -116 dbm .",
      "sentence": [
        "analytical prr vs distance : tinynode for pt = + dbm , pn = -116 dbm ."
      ],
      "token": [
        "analytical",
        "prr",
        "vs",
        "distance",
        ":",
        "tinynode",
        "for",
        "pt",
        "=",
        "+",
        "dbm",
        ",",
        "pn",
        "=",
        "-116",
        "dbm",
        "."
      ]
    },
    "2-2-advanced-euqation-bracket": {
      "caption": "analytical prr vs distance : tinynode for pt = + dbm , pn = -116 dbm .",
      "sentence": [
        "analytical prr vs distance : tinynode for pt = + dbm , pn = -116 dbm ."
      ],
      "tokens": [
        "analytical",
        "prr",
        "vs",
        "distance",
        ":",
        "tinynode",
        "for",
        "pt",
        "=",
        "+",
        "dbm",
        ",",
        "pn",
        "=",
        "-116",
        "dbm",
        "."
      ]
    }
  }
}