{
  "contains-subfigure": false,
  "Img-text": [
    "Q",
    "1",
    "Q",
    "2",
    "Q",
    "3",
    "Q",
    "4",
    "s",
    "ng",
    "th",
    "ue",
    "le",
    "Q",
    "ue",
    "Time",
    "slots",
    "4",
    "5",
    "x",
    "10",
    "4",
    "3",
    "2",
    "1",
    "0",
    "500",
    "1000",
    "1500",
    "2000",
    "2500",
    "3000",
    "0",
    "25"
  ],
  "paper-ID": "1002.3229v2",
  "figure-ID": "1002.3229v2-Figure8-1.png",
  "figure-type": "Graph Plot",
  "0-originally-extracted": "Figure 8: Plot of queue sizes for the links in Fig. 7a",
  "1-lowercase-and-token-and-remove-figure-index": {
    "caption": "plot of queue sizes for the links in fig . 7a .",
    "sentence": [
      "plot of queue sizes for the links in fig .",
      "7a ."
    ],
    "token": [
      "plot",
      "of",
      "queue",
      "sizes",
      "for",
      "the",
      "links",
      "in",
      "fig",
      ".",
      "7a",
      "."
    ]
  },
  "2-normalized": {
    "2-1-basic-num": {
      "caption": "plot of queue sizes for the links in fig . NUM-TK .",
      "sentence": [
        "plot of queue sizes for the links in fig .",
        "NUM-TK ."
      ],
      "token": [
        "plot",
        "of",
        "queue",
        "sizes",
        "for",
        "the",
        "links",
        "in",
        "fig",
        ".",
        "NUM-TK",
        "."
      ]
    },
    "2-2-advanced-euqation-bracket": {
      "caption": "plot of queue sizes for the links in fig . NUM .",
      "sentence": [
        "plot of queue sizes for the links in fig .",
        "NUM ."
      ],
      "tokens": [
        "plot",
        "of",
        "queue",
        "sizes",
        "for",
        "the",
        "links",
        "in",
        "fig",
        ".",
        "NUM",
        "."
      ]
    }
  }
}