{
  "contains-subfigure": false,
  "Img-text": [
    "Ergodic",
    "Capacity",
    "of",
    "4",
    "X",
    "4",
    "Wireless",
    "MIMO",
    "Waterfilling",
    "\u2212\u2212",
    "16\u2212QAM",
    "Mercury/waterfilling",
    "\u2212\u2212",
    "16\u2212QAM",
    "X\u2212Codes",
    "\u2212\u2212",
    "16\u2212QAM",
    "Waterfilling",
    "\u2212\u2212",
    "Gaussian",
    ")",
    "(b",
    "its",
    "io",
    "n",
    "m",
    "at",
    "nf",
    "or",
    "ua",
    "l",
    "I",
    "M",
    "ut",
    "P",
    "T",
    "(dB)",
    "16",
    "14",
    "12",
    "10",
    "8",
    "6",
    "4",
    "0",
    "5",
    "10",
    "15",
    "20",
    "2"
  ],
  "paper-ID": "1002.4263v1",
  "figure-ID": "1002.4263v1-Figure11-1.png",
  "figure-type": "Graph Plot",
  "0-originally-extracted": "Fig. 11. 4 X 4 Wireless MIMO Ergodic capacity.",
  "1-lowercase-and-token-and-remove-figure-index": {
    "caption": "4 x 4 wireless mimo ergodic capacity .",
    "sentence": [
      "4 x 4 wireless mimo ergodic capacity ."
    ],
    "token": [
      "4",
      "x",
      "4",
      "wireless",
      "mimo",
      "ergodic",
      "capacity",
      "."
    ]
  },
  "2-normalized": {
    "2-1-basic-num": {
      "caption": "NUM-TK x NUM-TK wireless mimo ergodic capacity .",
      "sentence": [
        "NUM-TK x NUM-TK wireless mimo ergodic capacity ."
      ],
      "token": [
        "NUM-TK",
        "x",
        "NUM-TK",
        "wireless",
        "mimo",
        "ergodic",
        "capacity",
        "."
      ]
    },
    "2-2-advanced-euqation-bracket": {
      "caption": "NUM x NUM wireless mimo ergodic capacity .",
      "sentence": [
        "NUM x NUM wireless mimo ergodic capacity ."
      ],
      "tokens": [
        "NUM",
        "x",
        "NUM",
        "wireless",
        "mimo",
        "ergodic",
        "capacity",
        "."
      ]
    }
  }
}