{
  "contains-subfigure": false,
  "Img-text": [],
  "paper-ID": "1002.0217v1",
  "figure-ID": "1002.0217v1-Figure3-1.png",
  "figure-type": "Graph Plot",
  "0-originally-extracted": "Figure 3: The rescaled cumulative distribution of the number of solutions of satisfiable instances over a large range of \u03b1 = 4.0\u22124.5 and system sizes n = 30\u2212100. The \u00b5 and \u03c3 denote the two fitting parameters of the lognormal distribution used for the rescaling.",
  "1-lowercase-and-token-and-remove-figure-index": {
    "caption": "the rescaled cumulative distribution of the number of solutions of satisfiable instances over a large range of \u03b1 = 4.0\u22124.5 and system sizes n = 0\u2212100 . the \u00b5 and \u03c3 denote the two fitting parameters of the lognormal distribution used for the rescaling .",
    "sentence": [
      "the rescaled cumulative distribution of the number of solutions of satisfiable instances over a large range of \u03b1 = 4.0\u22124.5 and system sizes n = 0\u2212100 .",
      "the \u00b5 and \u03c3 denote the two fitting parameters of the lognormal distribution used for the rescaling ."
    ],
    "token": [
      "the",
      "rescaled",
      "cumulative",
      "distribution",
      "of",
      "the",
      "number",
      "of",
      "solutions",
      "of",
      "satisfiable",
      "instances",
      "over",
      "a",
      "large",
      "range",
      "of",
      "\u03b1",
      "=",
      "4.0\u22124.5",
      "and",
      "system",
      "sizes",
      "n",
      "=",
      "0\u2212100",
      ".",
      "the",
      "\u00b5",
      "and",
      "\u03c3",
      "denote",
      "the",
      "two",
      "fitting",
      "parameters",
      "of",
      "the",
      "lognormal",
      "distribution",
      "used",
      "for",
      "the",
      "rescaling",
      "."
    ]
  },
  "2-normalized": {
    "2-1-basic-num": {
      "caption": "the rescaled cumulative distribution of the number of solutions of satisfiable instances over a large range of \u03b1 = NUM-TK and system sizes n = NUM-TK . the \u00b5 and \u03c3 denote the NUM-TK fitting parameters of the lognormal distribution used for the rescaling .",
      "sentence": [
        "the rescaled cumulative distribution of the number of solutions of satisfiable instances over a large range of \u03b1 = NUM-TK and system sizes n = NUM-TK .",
        "the \u00b5 and \u03c3 denote the NUM-TK fitting parameters of the lognormal distribution used for the rescaling ."
      ],
      "token": [
        "the",
        "rescaled",
        "cumulative",
        "distribution",
        "of",
        "the",
        "number",
        "of",
        "solutions",
        "of",
        "satisfiable",
        "instances",
        "over",
        "a",
        "large",
        "range",
        "of",
        "\u03b1",
        "=",
        "NUM-TK",
        "and",
        "system",
        "sizes",
        "n",
        "=",
        "NUM-TK",
        ".",
        "the",
        "\u00b5",
        "and",
        "\u03c3",
        "denote",
        "the",
        "NUM-TK",
        "fitting",
        "parameters",
        "of",
        "the",
        "lognormal",
        "distribution",
        "used",
        "for",
        "the",
        "rescaling",
        "."
      ]
    },
    "2-2-advanced-euqation-bracket": {
      "caption": "the rescaled cumulative distribution of the number of solutions of satisfiable instances over a large range of EQUAT-TK and system sizes EQUAT-TK . the \u00b5 and \u03c3 denote the NUM fitting parameters of the lognormal distribution used for the rescaling .",
      "sentence": [
        "the rescaled cumulative distribution of the number of solutions of satisfiable instances over a large range of EQUAT-TK and system sizes EQUAT-TK .",
        "the \u00b5 and \u03c3 denote the NUM fitting parameters of the lognormal distribution used for the rescaling ."
      ],
      "tokens": [
        "the",
        "rescaled",
        "cumulative",
        "distribution",
        "of",
        "the",
        "number",
        "of",
        "solutions",
        "of",
        "satisfiable",
        "instances",
        "over",
        "a",
        "large",
        "range",
        "of",
        "EQUAT-TK",
        "and",
        "system",
        "sizes",
        "EQUAT-TK",
        ".",
        "the",
        "\u00b5",
        "and",
        "\u03c3",
        "denote",
        "the",
        "NUM",
        "fitting",
        "parameters",
        "of",
        "the",
        "lognormal",
        "distribution",
        "used",
        "for",
        "the",
        "rescaling",
        "."
      ]
    }
  }
}