{
  "contains-subfigure": false,
  "Img-text": [
    "MultipleRW",
    "(m",
    "=",
    "1000)",
    "SingleRW",
    "FS",
    "(m",
    "=",
    "1000)",
    "Random",
    "walk",
    "steps",
    "(n)",
    ")",
    "\u03b8\u0302",
    "1",
    "(n",
    "103",
    "5",
    "\u00d7",
    "103",
    "|V",
    "|/100",
    "1",
    "\u00d7",
    "105",
    "106",
    "0.65",
    "0.6",
    "0.55",
    "0.5",
    "0.45",
    "0.4",
    "0.35"
  ],
  "paper-ID": "1002.1751v2",
  "figure-ID": "1002.1751v2-Figure6-1.png",
  "figure-type": "Graph Plot",
  "0-originally-extracted": "Figure 6: (LCC of Flickr) Four sample paths of \u03b8\u03021 (\u03b81 = 0.53) as a function of the number of steps n (horizontal axis in log scale).",
  "1-lowercase-and-token-and-remove-figure-index": {
    "caption": "( lcc of flickr ) four sample paths of \u03b8\u03021 ( \u03b81 = 0.53 ) as a function of the number of steps n ( horizontal axis in log scale ) .",
    "sentence": [
      "( lcc of flickr ) four sample paths of \u03b8\u03021 ( \u03b81 = 0.53 ) as a function of the number of steps n ( horizontal axis in log scale ) ."
    ],
    "token": [
      "(",
      "lcc",
      "of",
      "flickr",
      ")",
      "four",
      "sample",
      "paths",
      "of",
      "\u03b8\u03021",
      "(",
      "\u03b81",
      "=",
      "0.53",
      ")",
      "as",
      "a",
      "function",
      "of",
      "the",
      "number",
      "of",
      "steps",
      "n",
      "(",
      "horizontal",
      "axis",
      "in",
      "log",
      "scale",
      ")",
      "."
    ]
  },
  "2-normalized": {
    "2-1-basic-num": {
      "caption": "( lcc of flickr ) NUM-TK sample paths of \u03b8\u03021 ( \u03b81 = NUM-TK ) as a function of the number of steps n ( horizontal axis in log scale ) .",
      "sentence": [
        "( lcc of flickr ) NUM-TK sample paths of \u03b8\u03021 ( \u03b81 = NUM-TK ) as a function of the number of steps n ( horizontal axis in log scale ) ."
      ],
      "token": [
        "(",
        "lcc",
        "of",
        "flickr",
        ")",
        "NUM-TK",
        "sample",
        "paths",
        "of",
        "\u03b8\u03021",
        "(",
        "\u03b81",
        "=",
        "NUM-TK",
        ")",
        "as",
        "a",
        "function",
        "of",
        "the",
        "number",
        "of",
        "steps",
        "n",
        "(",
        "horizontal",
        "axis",
        "in",
        "log",
        "scale",
        ")",
        "."
      ]
    },
    "2-2-advanced-euqation-bracket": {
      "caption": "BRACKET-TK NUM sample paths of \u03b8\u03021 BRACKET-TK as a function of the number of steps n BRACKET-TK .",
      "sentence": [
        "BRACKET-TK NUM sample paths of \u03b8\u03021 BRACKET-TK as a function of the number of steps n BRACKET-TK ."
      ],
      "tokens": [
        "BRACKET-TK",
        "NUM",
        "sample",
        "paths",
        "of",
        "\u03b8\u03021",
        "BRACKET-TK",
        "as",
        "a",
        "function",
        "of",
        "the",
        "number",
        "of",
        "steps",
        "n",
        "BRACKET-TK",
        "."
      ]
    }
  }
}