{
  "contains-subfigure": false,
  "Img-text": [],
  "paper-ID": "1003.0319v1",
  "figure-ID": "1003.0319v1-Figure3-1.png",
  "figure-type": "Graph Plot",
  "0-originally-extracted": "Fig. 3. The ROC graph of E1, E2 and E3 as data space is ten dimensional",
  "1-lowercase-and-token-and-remove-figure-index": {
    "caption": "the roc graph of e1 , e2 and e as data space is ten dimensional .",
    "sentence": [
      "the roc graph of e1 , e2 and e as data space is ten dimensional ."
    ],
    "token": [
      "the",
      "roc",
      "graph",
      "of",
      "e1",
      ",",
      "e2",
      "and",
      "e",
      "as",
      "data",
      "space",
      "is",
      "ten",
      "dimensional",
      "."
    ]
  },
  "2-normalized": {
    "2-1-basic-num": {
      "caption": "the roc graph of e1 , e2 and e as data space is ten dimensional .",
      "sentence": [
        "the roc graph of e1 , e2 and e as data space is ten dimensional ."
      ],
      "token": [
        "the",
        "roc",
        "graph",
        "of",
        "e1",
        ",",
        "e2",
        "and",
        "e",
        "as",
        "data",
        "space",
        "is",
        "ten",
        "dimensional",
        "."
      ]
    },
    "2-2-advanced-euqation-bracket": {
      "caption": "the roc graph of e1 , e2 and e as data space is ten dimensional .",
      "sentence": [
        "the roc graph of e1 , e2 and e as data space is ten dimensional ."
      ],
      "tokens": [
        "the",
        "roc",
        "graph",
        "of",
        "e1",
        ",",
        "e2",
        "and",
        "e",
        "as",
        "data",
        "space",
        "is",
        "ten",
        "dimensional",
        "."
      ]
    }
  }
}