{
  "contains-subfigure": false,
  "Img-text": [],
  "paper-ID": "1003.1479v1",
  "figure-ID": "1003.1479v1-Figure14-1.png",
  "figure-type": "Graph Plot",
  "0-originally-extracted": "Figure 14: The effect of MTMR on UL throughput",
  "1-lowercase-and-token-and-remove-figure-index": {
    "caption": "the effect of mtmr on ul throughput .",
    "sentence": [
      "the effect of mtmr on ul throughput ."
    ],
    "token": [
      "the",
      "effect",
      "of",
      "mtmr",
      "on",
      "ul",
      "throughput",
      "."
    ]
  },
  "2-normalized": {
    "2-1-basic-num": {
      "caption": "the effect of mtmr on ul throughput .",
      "sentence": [
        "the effect of mtmr on ul throughput ."
      ],
      "token": [
        "the",
        "effect",
        "of",
        "mtmr",
        "on",
        "ul",
        "throughput",
        "."
      ]
    },
    "2-2-advanced-euqation-bracket": {
      "caption": "the effect of mtmr on ul throughput .",
      "sentence": [
        "the effect of mtmr on ul throughput ."
      ],
      "tokens": [
        "the",
        "effect",
        "of",
        "mtmr",
        "on",
        "ul",
        "throughput",
        "."
      ]
    }
  }
}