{
  "contains-subfigure": false,
  "Img-text": [
    "Dual",
    "value",
    "\u2212",
    "total,",
    "extra",
    "Proposed",
    "\u2212",
    "total,",
    "extra",
    "SCP",
    "\u2212",
    "total,",
    "extra",
    "Fixed",
    "pairing",
    "\u2212",
    "total,",
    "extra",
    "Dual",
    "value",
    "\u2212",
    "individual,",
    "extra",
    "Proposed",
    "\u2212",
    "individual,",
    "extra",
    "SCP",
    "\u2212",
    "individual,",
    "extra",
    "Fixed",
    "pairing,",
    "individual,",
    "extra",
    "t)",
    "/s",
    "lo",
    "bi",
    "ts",
    "e",
    "(",
    "R",
    "at",
    "S",
    "um",
    "te",
    "d",
    "ei",
    "gh",
    "U",
    "nw",
    "Number",
    "of",
    "Subcarriers",
    "8",
    "|hSR|2=1,",
    "|hSD|2=1,",
    "|hRD|2=5",
    "7",
    "6",
    "5",
    "4",
    "3",
    "0",
    "10",
    "20",
    "30",
    "40",
    "50",
    "60",
    "70",
    "2"
  ],
  "paper-ID": "1003.0093v2",
  "figure-ID": "1003.0093v2-Figure11-1.png",
  "figure-type": "Graph Plot",
  "0-originally-extracted": "Fig. 11. Unweighted sum rates for the systems with extra direct-link transmission, andE[|hSR|2] = 1,E[|hSD|2] = 1,E[|hRD|2] = 5.",
  "1-lowercase-and-token-and-remove-figure-index": {
    "caption": "unweighted sum rates for the systems with extra direct-link transmission , ande [ |hsr|2 ] = 1 , e [ |hsd|2 ] = 1 , e [ |hrd|2 ] = 5 .",
    "sentence": [
      "unweighted sum rates for the systems with extra direct-link transmission , ande [ |hsr|2 ] = 1 , e [ |hsd|2 ] = 1 , e [ |hrd|2 ] = 5 ."
    ],
    "token": [
      "unweighted",
      "sum",
      "rates",
      "for",
      "the",
      "systems",
      "with",
      "extra",
      "direct-link",
      "transmission",
      ",",
      "ande",
      "[",
      "|hsr|2",
      "]",
      "=",
      "1",
      ",",
      "e",
      "[",
      "|hsd|2",
      "]",
      "=",
      "1",
      ",",
      "e",
      "[",
      "|hrd|2",
      "]",
      "=",
      "5",
      "."
    ]
  },
  "2-normalized": {
    "2-1-basic-num": {
      "caption": "unweighted sum rates for the systems with extra direct-link transmission , ande [ |hsr|2 ] = NUM-TK , e [ |hsd|2 ] = NUM-TK , e [ |hrd|2 ] = NUM-TK .",
      "sentence": [
        "unweighted sum rates for the systems with extra direct-link transmission , ande [ |hsr|2 ] = NUM-TK , e [ |hsd|2 ] = NUM-TK , e [ |hrd|2 ] = NUM-TK ."
      ],
      "token": [
        "unweighted",
        "sum",
        "rates",
        "for",
        "the",
        "systems",
        "with",
        "extra",
        "direct-link",
        "transmission",
        ",",
        "ande",
        "[",
        "|hsr|2",
        "]",
        "=",
        "NUM-TK",
        ",",
        "e",
        "[",
        "|hsd|2",
        "]",
        "=",
        "NUM-TK",
        ",",
        "e",
        "[",
        "|hrd|2",
        "]",
        "=",
        "NUM-TK",
        "."
      ]
    },
    "2-2-advanced-euqation-bracket": {
      "caption": "unweighted sum rates for the systems with extra direct-link transmission , ande BRACKET-TK = NUM , e BRACKET-TK = NUM , e BRACKET-TK = NUM .",
      "sentence": [
        "unweighted sum rates for the systems with extra direct-link transmission , ande BRACKET-TK = NUM , e BRACKET-TK = NUM , e BRACKET-TK = NUM ."
      ],
      "tokens": [
        "unweighted",
        "sum",
        "rates",
        "for",
        "the",
        "systems",
        "with",
        "extra",
        "direct-link",
        "transmission",
        ",",
        "ande",
        "BRACKET-TK",
        "=",
        "NUM",
        ",",
        "e",
        "BRACKET-TK",
        "=",
        "NUM",
        ",",
        "e",
        "BRACKET-TK",
        "=",
        "NUM",
        "."
      ]
    }
  }
}