{
  "contains-subfigure": false,
  "Img-text": [
    "n=10,",
    "perfect",
    "CSI",
    "n=10,",
    "no",
    "CSI",
    "n=50,",
    "perfect",
    "CSI",
    "n=50,",
    "no",
    "CSI",
    "capture",
    "ratio",
    "b=0.8,",
    "P",
    "T",
    "/N",
    "0",
    "=10",
    ")",
    "no",
    "de",
    "pe",
    "r",
    "ut",
    "(",
    "ug",
    "hp",
    "th",
    "ro",
    "p",
    "0.09",
    "0.08",
    "0.07",
    "0.06",
    "0.05",
    "0.04",
    "0.03",
    "0.02",
    "0.01",
    "0",
    "0.05",
    "0.1",
    "0.15",
    "0.2",
    "0.25",
    "0.3",
    "0"
  ],
  "paper-ID": "1003.0090v2",
  "figure-ID": "1003.0090v2-Figure3-1.png",
  "figure-type": "Graph Plot",
  "0-originally-extracted": "Fig. 3. n homogeneous nodes with perfect CSI and no CSI at the Nash equilibrium point under the SINR capture model with the capture ratiob = 0.8 andPT /N0 = 10.",
  "1-lowercase-and-token-and-remove-figure-index": {
    "caption": "n homogeneous nodes with perfect csi and no csi at the nash equilibrium point under the sinr capture model with the capture ratiob = 0.8 andpt /n0 = 10 .",
    "sentence": [
      "n homogeneous nodes with perfect csi and no csi at the nash equilibrium point under the sinr capture model with the capture ratiob = 0.8 andpt /n0 = 10 ."
    ],
    "token": [
      "n",
      "homogeneous",
      "nodes",
      "with",
      "perfect",
      "csi",
      "and",
      "no",
      "csi",
      "at",
      "the",
      "nash",
      "equilibrium",
      "point",
      "under",
      "the",
      "sinr",
      "capture",
      "model",
      "with",
      "the",
      "capture",
      "ratiob",
      "=",
      "0.8",
      "andpt",
      "/n0",
      "=",
      "10",
      "."
    ]
  },
  "2-normalized": {
    "2-1-basic-num": {
      "caption": "n homogeneous nodes with perfect csi and no csi at the nash equilibrium point under the sinr capture model with the capture ratiob = NUM-TK andpt /n0 = NUM-TK .",
      "sentence": [
        "n homogeneous nodes with perfect csi and no csi at the nash equilibrium point under the sinr capture model with the capture ratiob = NUM-TK andpt /n0 = NUM-TK ."
      ],
      "token": [
        "n",
        "homogeneous",
        "nodes",
        "with",
        "perfect",
        "csi",
        "and",
        "no",
        "csi",
        "at",
        "the",
        "nash",
        "equilibrium",
        "point",
        "under",
        "the",
        "sinr",
        "capture",
        "model",
        "with",
        "the",
        "capture",
        "ratiob",
        "=",
        "NUM-TK",
        "andpt",
        "/n0",
        "=",
        "NUM-TK",
        "."
      ]
    },
    "2-2-advanced-euqation-bracket": {
      "caption": "n homogeneous nodes with perfect csi and no csi at the nash equilibrium point under the sinr capture model with the capture EQUAT-TK andpt /n0 = NUM .",
      "sentence": [
        "n homogeneous nodes with perfect csi and no csi at the nash equilibrium point under the sinr capture model with the capture EQUAT-TK andpt /n0 = NUM ."
      ],
      "tokens": [
        "n",
        "homogeneous",
        "nodes",
        "with",
        "perfect",
        "csi",
        "and",
        "no",
        "csi",
        "at",
        "the",
        "nash",
        "equilibrium",
        "point",
        "under",
        "the",
        "sinr",
        "capture",
        "model",
        "with",
        "the",
        "capture",
        "EQUAT-TK",
        "andpt",
        "/n0",
        "=",
        "NUM",
        "."
      ]
    }
  }
}