{
  "contains-subfigure": false,
  "Img-text": [],
  "paper-ID": "1003.0445v1",
  "figure-ID": "1003.0445v1-Figure6-1.png",
  "figure-type": "Graph Plot",
  "0-originally-extracted": "Fig. 6. Comparison between IEF in schemes A and B in terms of \u03b5.",
  "1-lowercase-and-token-and-remove-figure-index": {
    "caption": "comparison between ief in schemes a and b in terms of \u03b5 .",
    "sentence": [
      "comparison between ief in schemes a and b in terms of \u03b5 ."
    ],
    "token": [
      "comparison",
      "between",
      "ief",
      "in",
      "schemes",
      "a",
      "and",
      "b",
      "in",
      "terms",
      "of",
      "\u03b5",
      "."
    ]
  },
  "2-normalized": {
    "2-1-basic-num": {
      "caption": "comparison between ief in schemes a and b in terms of \u03b5 .",
      "sentence": [
        "comparison between ief in schemes a and b in terms of \u03b5 ."
      ],
      "token": [
        "comparison",
        "between",
        "ief",
        "in",
        "schemes",
        "a",
        "and",
        "b",
        "in",
        "terms",
        "of",
        "\u03b5",
        "."
      ]
    },
    "2-2-advanced-euqation-bracket": {
      "caption": "comparison between ief in schemes a and b in terms of \u03b5 .",
      "sentence": [
        "comparison between ief in schemes a and b in terms of \u03b5 ."
      ],
      "tokens": [
        "comparison",
        "between",
        "ief",
        "in",
        "schemes",
        "a",
        "and",
        "b",
        "in",
        "terms",
        "of",
        "\u03b5",
        "."
      ]
    }
  }
}