{
  "contains-subfigure": false,
  "Img-text": [],
  "paper-ID": "1003.1450v1",
  "figure-ID": "1003.1450v1-Figure5-1.png",
  "figure-type": "Graph Plot",
  "0-originally-extracted": "Figure 5. Coherence of visit",
  "1-lowercase-and-token-and-remove-figure-index": {
    "caption": "coherence of visit .",
    "sentence": [
      "coherence of visit ."
    ],
    "token": [
      "coherence",
      "of",
      "visit",
      "."
    ]
  },
  "2-normalized": {
    "2-1-basic-num": {
      "caption": "coherence of visit .",
      "sentence": [
        "coherence of visit ."
      ],
      "token": [
        "coherence",
        "of",
        "visit",
        "."
      ]
    },
    "2-2-advanced-euqation-bracket": {
      "caption": "coherence of visit .",
      "sentence": [
        "coherence of visit ."
      ],
      "tokens": [
        "coherence",
        "of",
        "visit",
        "."
      ]
    }
  }
}