{
  "contains-subfigure": false,
  "Img-text": [
    "io",
    "R",
    "at",
    "Chapters",
    "Type/Token",
    "Ratio",
    "0,3",
    "0,25",
    "0,2",
    "0,15",
    "0,1",
    "0,05",
    "1",
    "2",
    "3",
    "4",
    "5",
    "6",
    "7",
    "8",
    "9",
    "10",
    "0"
  ],
  "paper-ID": "1003.0337v1",
  "figure-ID": "1003.0337v1-Figure1-1.png",
  "figure-type": "Graph Plot",
  "0-originally-extracted": "Figure 1: Development of TTR in the source text of \u00abSlaughter-House Five\u00bb",
  "1-lowercase-and-token-and-remove-figure-index": {
    "caption": "development of ttr in the source text of \u00ab slaughter-house five \u00bb .",
    "sentence": [
      "development of ttr in the source text of \u00ab slaughter-house five \u00bb ."
    ],
    "token": [
      "development",
      "of",
      "ttr",
      "in",
      "the",
      "source",
      "text",
      "of",
      "\u00ab",
      "slaughter-house",
      "five",
      "\u00bb",
      "."
    ]
  },
  "2-normalized": {
    "2-1-basic-num": {
      "caption": "development of ttr in the source text of \u00ab slaughter-house NUM-TK \u00bb .",
      "sentence": [
        "development of ttr in the source text of \u00ab slaughter-house NUM-TK \u00bb ."
      ],
      "token": [
        "development",
        "of",
        "ttr",
        "in",
        "the",
        "source",
        "text",
        "of",
        "\u00ab",
        "slaughter-house",
        "NUM-TK",
        "\u00bb",
        "."
      ]
    },
    "2-2-advanced-euqation-bracket": {
      "caption": "development of ttr in the source text of \u00ab slaughter-house NUM \u00bb .",
      "sentence": [
        "development of ttr in the source text of \u00ab slaughter-house NUM \u00bb ."
      ],
      "tokens": [
        "development",
        "of",
        "ttr",
        "in",
        "the",
        "source",
        "text",
        "of",
        "\u00ab",
        "slaughter-house",
        "NUM",
        "\u00bb",
        "."
      ]
    }
  }
}