{
  "contains-subfigure": false,
  "Img-text": [],
  "paper-ID": "1003.0319v1",
  "figure-ID": "1003.0319v1-Figure2-1.png",
  "figure-type": "Graph Plot",
  "0-originally-extracted": "Fig. 2. Results of the real-valued NSA with C-detector across different dimensionality",
  "1-lowercase-and-token-and-remove-figure-index": {
    "caption": "results of the real-valued nsa with c-detector across different dimensionality .",
    "sentence": [
      "results of the real-valued nsa with c-detector across different dimensionality ."
    ],
    "token": [
      "results",
      "of",
      "the",
      "real-valued",
      "nsa",
      "with",
      "c-detector",
      "across",
      "different",
      "dimensionality",
      "."
    ]
  },
  "2-normalized": {
    "2-1-basic-num": {
      "caption": "results of the real-valued nsa with c-detector across different dimensionality .",
      "sentence": [
        "results of the real-valued nsa with c-detector across different dimensionality ."
      ],
      "token": [
        "results",
        "of",
        "the",
        "real-valued",
        "nsa",
        "with",
        "c-detector",
        "across",
        "different",
        "dimensionality",
        "."
      ]
    },
    "2-2-advanced-euqation-bracket": {
      "caption": "results of the real-valued nsa with c-detector across different dimensionality .",
      "sentence": [
        "results of the real-valued nsa with c-detector across different dimensionality ."
      ],
      "tokens": [
        "results",
        "of",
        "the",
        "real-valued",
        "nsa",
        "with",
        "c-detector",
        "across",
        "different",
        "dimensionality",
        "."
      ]
    }
  }
}