{
  "contains-subfigure": false,
  "Img-text": [],
  "paper-ID": "1003.1491v1",
  "figure-ID": "1003.1491v1-Figure4-1.png",
  "figure-type": "Graph Plot",
  "0-originally-extracted": "Figure 4. Multifunction Filter Responce",
  "1-lowercase-and-token-and-remove-figure-index": {
    "caption": "multifunction filter responce .",
    "sentence": [
      "multifunction filter responce ."
    ],
    "token": [
      "multifunction",
      "filter",
      "responce",
      "."
    ]
  },
  "2-normalized": {
    "2-1-basic-num": {
      "caption": "multifunction filter responce .",
      "sentence": [
        "multifunction filter responce ."
      ],
      "token": [
        "multifunction",
        "filter",
        "responce",
        "."
      ]
    },
    "2-2-advanced-euqation-bracket": {
      "caption": "multifunction filter responce .",
      "sentence": [
        "multifunction filter responce ."
      ],
      "tokens": [
        "multifunction",
        "filter",
        "responce",
        "."
      ]
    }
  }
}