{
  "contains-subfigure": false,
  "Img-text": [
    "d",
    "=",
    "0.5",
    "d",
    "=",
    "0.75",
    "d",
    "=",
    "0.25",
    "in",
    "g",
    "sh",
    "ar",
    "tim",
    "e\u2212",
    "t",
    "b",
    "y",
    "em",
    "en",
    "pr",
    "ov",
    "te",
    "im",
    "e",
    "ra",
    "at",
    "iv",
    "R",
    "el",
    "SNR",
    "(dB)",
    "1",
    "0.9",
    "0.8",
    "0.7",
    "0.6",
    "0.5",
    "0.4",
    "0.3",
    "0.2",
    "0.1",
    "\u221260",
    "\u221250",
    "\u221240",
    "\u221230",
    "\u221220",
    "\u221210",
    "0",
    "0"
  ],
  "paper-ID": "1003.0735v1",
  "figure-ID": "1003.0735v1-Figure3-1.png",
  "figure-type": "Graph Plot",
  "0-originally-extracted": "Fig. 3. The relative rate improvement of time-sharing CF under half-duplex mode.",
  "1-lowercase-and-token-and-remove-figure-index": {
    "caption": "the relative rate improvement of time-sharing cf under half-duplex mode .",
    "sentence": [
      "the relative rate improvement of time-sharing cf under half-duplex mode ."
    ],
    "token": [
      "the",
      "relative",
      "rate",
      "improvement",
      "of",
      "time-sharing",
      "cf",
      "under",
      "half-duplex",
      "mode",
      "."
    ]
  },
  "2-normalized": {
    "2-1-basic-num": {
      "caption": "the relative rate improvement of time-sharing cf under half-duplex mode .",
      "sentence": [
        "the relative rate improvement of time-sharing cf under half-duplex mode ."
      ],
      "token": [
        "the",
        "relative",
        "rate",
        "improvement",
        "of",
        "time-sharing",
        "cf",
        "under",
        "half-duplex",
        "mode",
        "."
      ]
    },
    "2-2-advanced-euqation-bracket": {
      "caption": "the relative rate improvement of time-sharing cf under half-duplex mode .",
      "sentence": [
        "the relative rate improvement of time-sharing cf under half-duplex mode ."
      ],
      "tokens": [
        "the",
        "relative",
        "rate",
        "improvement",
        "of",
        "time-sharing",
        "cf",
        "under",
        "half-duplex",
        "mode",
        "."
      ]
    }
  }
}