{
  "contains-subfigure": false,
  "Img-text": [
    "LLL\u2212MMSE\u2212SIC",
    "Complex\u2212Klein\u2212MMSE,K=20",
    "Complex\u2212Klein\u2212MMSE,K=71",
    "Complex\u2212Klein\u2212MMSE,K=174",
    "ML",
    "at",
    "e",
    "or",
    "R",
    "E",
    "rr",
    "B",
    "it",
    "E",
    "b",
    "/N",
    "0",
    "(dB)",
    "10",
    "0",
    "10",
    "\u22121",
    "10",
    "\u22122",
    "10",
    "\u22123",
    "\u22124",
    "10",
    "15",
    "20",
    "25",
    "30",
    "10"
  ],
  "paper-ID": "1003.0064v2",
  "figure-ID": "1003.0064v2-Figure7-1.png",
  "figure-type": "Graph Plot",
  "0-originally-extracted": "Fig. 7. Bit error rate vs. average SNR per bit for the4 \u00d7 4 perfect code using 64-QAM.",
  "1-lowercase-and-token-and-remove-figure-index": {
    "caption": "bit error rate vs. average snr per bit for the4 \u00d7 4 perfect code using 64-qam .",
    "sentence": [
      "bit error rate vs. average snr per bit for the4 \u00d7 4 perfect code using 64-qam ."
    ],
    "token": [
      "bit",
      "error",
      "rate",
      "vs.",
      "average",
      "snr",
      "per",
      "bit",
      "for",
      "the4",
      "\u00d7",
      "4",
      "perfect",
      "code",
      "using",
      "64-qam",
      "."
    ]
  },
  "2-normalized": {
    "2-1-basic-num": {
      "caption": "bit error rate vs. average snr per bit for the4 \u00d7 NUM-TK perfect code using 64-qam .",
      "sentence": [
        "bit error rate vs. average snr per bit for the4 \u00d7 NUM-TK perfect code using 64-qam ."
      ],
      "token": [
        "bit",
        "error",
        "rate",
        "vs.",
        "average",
        "snr",
        "per",
        "bit",
        "for",
        "the4",
        "\u00d7",
        "NUM-TK",
        "perfect",
        "code",
        "using",
        "64-qam",
        "."
      ]
    },
    "2-2-advanced-euqation-bracket": {
      "caption": "bit error rate vs. average snr per bit for the4 \u00d7 NUM perfect code using 64-qam .",
      "sentence": [
        "bit error rate vs. average snr per bit for the4 \u00d7 NUM perfect code using 64-qam ."
      ],
      "tokens": [
        "bit",
        "error",
        "rate",
        "vs.",
        "average",
        "snr",
        "per",
        "bit",
        "for",
        "the4",
        "\u00d7",
        "NUM",
        "perfect",
        "code",
        "using",
        "64-qam",
        "."
      ]
    }
  }
}