{
  "contains-subfigure": false,
  "Img-text": [],
  "paper-ID": "1003.0206v1",
  "figure-ID": "1003.0206v1-Figure2-1.png",
  "figure-type": "Graph Plot",
  "0-originally-extracted": "Figure 2: Simulating a Bernoulli random variable with p = 0.4.",
  "1-lowercase-and-token-and-remove-figure-index": {
    "caption": "simulating a bernoulli random variable with p = 0.4 .",
    "sentence": [
      "simulating a bernoulli random variable with p = 0.4 ."
    ],
    "token": [
      "simulating",
      "a",
      "bernoulli",
      "random",
      "variable",
      "with",
      "p",
      "=",
      "0.4",
      "."
    ]
  },
  "2-normalized": {
    "2-1-basic-num": {
      "caption": "simulating a bernoulli random variable with p = NUM-TK .",
      "sentence": [
        "simulating a bernoulli random variable with p = NUM-TK ."
      ],
      "token": [
        "simulating",
        "a",
        "bernoulli",
        "random",
        "variable",
        "with",
        "p",
        "=",
        "NUM-TK",
        "."
      ]
    },
    "2-2-advanced-euqation-bracket": {
      "caption": "simulating a bernoulli random variable with EQUAT-TK .",
      "sentence": [
        "simulating a bernoulli random variable with EQUAT-TK ."
      ],
      "tokens": [
        "simulating",
        "a",
        "bernoulli",
        "random",
        "variable",
        "with",
        "EQUAT-TK",
        "."
      ]
    }
  }
}