{
  "contains-subfigure": false,
  "Img-text": [],
  "paper-ID": "1003.1450v1",
  "figure-ID": "1003.1450v1-Figure4-1.png",
  "figure-type": "Graph Plot",
  "0-originally-extracted": "Figure 4. Number of Clusters Found.",
  "1-lowercase-and-token-and-remove-figure-index": {
    "caption": "number of clusters found .",
    "sentence": [
      "number of clusters found ."
    ],
    "token": [
      "number",
      "of",
      "clusters",
      "found",
      "."
    ]
  },
  "2-normalized": {
    "2-1-basic-num": {
      "caption": "number of clusters found .",
      "sentence": [
        "number of clusters found ."
      ],
      "token": [
        "number",
        "of",
        "clusters",
        "found",
        "."
      ]
    },
    "2-2-advanced-euqation-bracket": {
      "caption": "number of clusters found .",
      "sentence": [
        "number of clusters found ."
      ],
      "tokens": [
        "number",
        "of",
        "clusters",
        "found",
        "."
      ]
    }
  }
}