{
  "contains-subfigure": false,
  "Img-text": [
    "A",
    "B",
    "C",
    "D",
    "E",
    "t",
    "l",
    "c",
    "os",
    "to",
    "ta",
    "delay",
    "350",
    "300",
    "250",
    "200",
    "150",
    "100",
    "50",
    "0",
    "2",
    "4",
    "6",
    "8",
    "10",
    "0"
  ],
  "paper-ID": "1003.2142v1",
  "figure-ID": "1003.2142v1-Figure5-1.png",
  "figure-type": "Graph Plot",
  "0-originally-extracted": "Fig. 5: The curves of cost versus delay.",
  "1-lowercase-and-token-and-remove-figure-index": {
    "caption": "the curves of cost versus delay .",
    "sentence": [
      "the curves of cost versus delay ."
    ],
    "token": [
      "the",
      "curves",
      "of",
      "cost",
      "versus",
      "delay",
      "."
    ]
  },
  "2-normalized": {
    "2-1-basic-num": {
      "caption": "the curves of cost versus delay .",
      "sentence": [
        "the curves of cost versus delay ."
      ],
      "token": [
        "the",
        "curves",
        "of",
        "cost",
        "versus",
        "delay",
        "."
      ]
    },
    "2-2-advanced-euqation-bracket": {
      "caption": "the curves of cost versus delay .",
      "sentence": [
        "the curves of cost versus delay ."
      ],
      "tokens": [
        "the",
        "curves",
        "of",
        "cost",
        "versus",
        "delay",
        "."
      ]
    }
  }
}