{
  "contains-subfigure": false,
  "Img-text": [
    "log",
    "log",
    "log",
    "li",
    "n",
    "k",
    ")",
    "p",
    "er",
    "et",
    "s",
    "a",
    "ck",
    "Q\u0304",
    "(p",
    "\u03c1",
    "18000",
    "16000",
    "14000",
    "12000",
    "10000",
    "8000",
    "6000",
    "4000",
    "2000",
    "0.8",
    "0.82",
    "0.84",
    "0.86",
    "0.88",
    "0.9",
    "0"
  ],
  "paper-ID": "1003.1364v1",
  "figure-ID": "1003.1364v1-Figure5-1.png",
  "figure-type": "Graph Plot",
  "0-originally-extracted": "Fig. 5. Time-average of queue-length per link for high values of \u03c1.",
  "1-lowercase-and-token-and-remove-figure-index": {
    "caption": "time-average of queue-length per link for high values of \u03c1 .",
    "sentence": [
      "time-average of queue-length per link for high values of \u03c1 ."
    ],
    "token": [
      "time-average",
      "of",
      "queue-length",
      "per",
      "link",
      "for",
      "high",
      "values",
      "of",
      "\u03c1",
      "."
    ]
  },
  "2-normalized": {
    "2-1-basic-num": {
      "caption": "time-average of queue-length per link for high values of \u03c1 .",
      "sentence": [
        "time-average of queue-length per link for high values of \u03c1 ."
      ],
      "token": [
        "time-average",
        "of",
        "queue-length",
        "per",
        "link",
        "for",
        "high",
        "values",
        "of",
        "\u03c1",
        "."
      ]
    },
    "2-2-advanced-euqation-bracket": {
      "caption": "time-average of queue-length per link for high values of \u03c1 .",
      "sentence": [
        "time-average of queue-length per link for high values of \u03c1 ."
      ],
      "tokens": [
        "time-average",
        "of",
        "queue-length",
        "per",
        "link",
        "for",
        "high",
        "values",
        "of",
        "\u03c1",
        "."
      ]
    }
  }
}