{
  "contains-subfigure": false,
  "Img-text": [
    "Channel",
    "Capacity",
    "(ACK/NAK)",
    "Exact",
    "DP",
    "Solution",
    "Lookup",
    "Table",
    "Size",
    "32",
    "MB",
    "Lookup",
    "Table",
    "Size",
    "1",
    "MB",
    "Blind",
    "Scheme",
    "NTC(d)",
    "n",
    "it",
    "d",
    "e",
    "U",
    "T",
    "im",
    "d",
    "p",
    "er",
    "it",
    "te",
    "n",
    "sm",
    "s",
    "T",
    "ra",
    "U",
    "n",
    "it",
    "D",
    "a",
    "ta",
    "0.2",
    "0.18",
    "0.16",
    "0.14",
    "0.12",
    "0.1",
    "0.08",
    "0.06",
    "0.04",
    "0.02",
    "0",
    "0.1",
    "0.2",
    "0.3",
    "0.4",
    "0.5",
    "0"
  ],
  "paper-ID": "1003.0054v1",
  "figure-ID": "1003.0054v1-Figure7-1.png",
  "figure-type": "Graph Plot",
  "0-originally-extracted": "Fig. 7. Comparison of the performance of ACK/NAK schedulerswith different table sizes. Here\u01eb1 = 0.23, \u01eb2 = 0.78, p21 = 0.09 andp12 = 0.18.",
  "1-lowercase-and-token-and-remove-figure-index": {
    "caption": "comparison of the performance of ack/nak schedulerswith different table sizes . here\u01eb1 = 0.23 , \u01eb2 = 0.8 , p21 = 0.09 andp12 = 0.18 .",
    "sentence": [
      "comparison of the performance of ack/nak schedulerswith different table sizes .",
      "here\u01eb1 = 0.23 , \u01eb2 = 0.8 , p21 = 0.09 andp12 = 0.18 ."
    ],
    "token": [
      "comparison",
      "of",
      "the",
      "performance",
      "of",
      "ack/nak",
      "schedulerswith",
      "different",
      "table",
      "sizes",
      ".",
      "here\u01eb1",
      "=",
      "0.23",
      ",",
      "\u01eb2",
      "=",
      "0.8",
      ",",
      "p21",
      "=",
      "0.09",
      "andp12",
      "=",
      "0.18",
      "."
    ]
  },
  "2-normalized": {
    "2-1-basic-num": {
      "caption": "comparison of the performance of ack/nak schedulerswith different table sizes . here\u01eb1 = NUM-TK , \u01eb2 = NUM-TK , p21 = NUM-TK andp12 = NUM-TK .",
      "sentence": [
        "comparison of the performance of ack/nak schedulerswith different table sizes .",
        "here\u01eb1 = NUM-TK , \u01eb2 = NUM-TK , p21 = NUM-TK andp12 = NUM-TK ."
      ],
      "token": [
        "comparison",
        "of",
        "the",
        "performance",
        "of",
        "ack/nak",
        "schedulerswith",
        "different",
        "table",
        "sizes",
        ".",
        "here\u01eb1",
        "=",
        "NUM-TK",
        ",",
        "\u01eb2",
        "=",
        "NUM-TK",
        ",",
        "p21",
        "=",
        "NUM-TK",
        "andp12",
        "=",
        "NUM-TK",
        "."
      ]
    },
    "2-2-advanced-euqation-bracket": {
      "caption": "comparison of the performance of ack/nak schedulerswith different table sizes . here\u01eb1 = NUM , \u01eb2 = NUM , p21 = NUM andp12 = NUM .",
      "sentence": [
        "comparison of the performance of ack/nak schedulerswith different table sizes .",
        "here\u01eb1 = NUM , \u01eb2 = NUM , p21 = NUM andp12 = NUM ."
      ],
      "tokens": [
        "comparison",
        "of",
        "the",
        "performance",
        "of",
        "ack/nak",
        "schedulerswith",
        "different",
        "table",
        "sizes",
        ".",
        "here\u01eb1",
        "=",
        "NUM",
        ",",
        "\u01eb2",
        "=",
        "NUM",
        ",",
        "p21",
        "=",
        "NUM",
        "andp12",
        "=",
        "NUM",
        "."
      ]
    }
  }
}