{
  "contains-subfigure": false,
  "Img-text": [
    "NEW",
    "Protocol",
    "SEP",
    "LEACH",
    "No.Node",
    "tim",
    "e",
    "Li",
    "fe",
    "or",
    "k",
    "Ne",
    "tw",
    "?",
    "10",
    "100",
    "200",
    "300",
    "400",
    "500",
    "1400",
    "1300",
    "1200",
    "1000",
    "1100",
    "900",
    "800"
  ],
  "paper-ID": "1003.1472v1",
  "figure-ID": "1003.1472v1-Figure5-1.png",
  "figure-type": "Graph Plot",
  "0-originally-extracted": "Figure 5: Comparing proposed algorithm with others",
  "1-lowercase-and-token-and-remove-figure-index": {
    "caption": "comparing proposed algorithm with others .",
    "sentence": [
      "comparing proposed algorithm with others ."
    ],
    "token": [
      "comparing",
      "proposed",
      "algorithm",
      "with",
      "others",
      "."
    ]
  },
  "2-normalized": {
    "2-1-basic-num": {
      "caption": "comparing proposed algorithm with others .",
      "sentence": [
        "comparing proposed algorithm with others ."
      ],
      "token": [
        "comparing",
        "proposed",
        "algorithm",
        "with",
        "others",
        "."
      ]
    },
    "2-2-advanced-euqation-bracket": {
      "caption": "comparing proposed algorithm with others .",
      "sentence": [
        "comparing proposed algorithm with others ."
      ],
      "tokens": [
        "comparing",
        "proposed",
        "algorithm",
        "with",
        "others",
        "."
      ]
    }
  }
}