{
  "contains-subfigure": false,
  "Img-text": [
    "log",
    "log",
    "log",
    "li",
    "n",
    "k",
    ")",
    "p",
    "er",
    "et",
    "s",
    "a",
    "ck",
    "Q\u0304",
    "(p",
    "\u03c1",
    "30",
    "25",
    "20",
    "15",
    "10",
    "5",
    "0.2",
    "0.3",
    "0.4",
    "0.5",
    "0.6",
    "0.7",
    "0.8",
    "0"
  ],
  "paper-ID": "1003.1364v1",
  "figure-ID": "1003.1364v1-Figure4-1.png",
  "figure-type": "Graph Plot",
  "0-originally-extracted": "Fig. 4. Time-average of queue-length per link for low and moderate values of\u03c1.",
  "1-lowercase-and-token-and-remove-figure-index": {
    "caption": "time-average of queue-length per link for low and moderate values of\u03c1 .",
    "sentence": [
      "time-average of queue-length per link for low and moderate values of\u03c1 ."
    ],
    "token": [
      "time-average",
      "of",
      "queue-length",
      "per",
      "link",
      "for",
      "low",
      "and",
      "moderate",
      "values",
      "of\u03c1",
      "."
    ]
  },
  "2-normalized": {
    "2-1-basic-num": {
      "caption": "time-average of queue-length per link for low and moderate values of\u03c1 .",
      "sentence": [
        "time-average of queue-length per link for low and moderate values of\u03c1 ."
      ],
      "token": [
        "time-average",
        "of",
        "queue-length",
        "per",
        "link",
        "for",
        "low",
        "and",
        "moderate",
        "values",
        "of\u03c1",
        "."
      ]
    },
    "2-2-advanced-euqation-bracket": {
      "caption": "time-average of queue-length per link for low and moderate values of\u03c1 .",
      "sentence": [
        "time-average of queue-length per link for low and moderate values of\u03c1 ."
      ],
      "tokens": [
        "time-average",
        "of",
        "queue-length",
        "per",
        "link",
        "for",
        "low",
        "and",
        "moderate",
        "values",
        "of\u03c1",
        "."
      ]
    }
  }
}