{
  "contains-subfigure": false,
  "Img-text": [],
  "paper-ID": "1003.1395v2",
  "figure-ID": "1003.1395v2-Figure4-1.png",
  "figure-type": "Graph Plot",
  "0-originally-extracted": "Figure 4: Start-up speed (in seconds) depending on the depth of the fork points.",
  "1-lowercase-and-token-and-remove-figure-index": {
    "caption": "start-up speed ( in seconds ) depending on the depth of the fork points .",
    "sentence": [
      "start-up speed ( in seconds ) depending on the depth of the fork points ."
    ],
    "token": [
      "start-up",
      "speed",
      "(",
      "in",
      "seconds",
      ")",
      "depending",
      "on",
      "the",
      "depth",
      "of",
      "the",
      "fork",
      "points",
      "."
    ]
  },
  "2-normalized": {
    "2-1-basic-num": {
      "caption": "start-up speed ( in seconds ) depending on the depth of the fork points .",
      "sentence": [
        "start-up speed ( in seconds ) depending on the depth of the fork points ."
      ],
      "token": [
        "start-up",
        "speed",
        "(",
        "in",
        "seconds",
        ")",
        "depending",
        "on",
        "the",
        "depth",
        "of",
        "the",
        "fork",
        "points",
        "."
      ]
    },
    "2-2-advanced-euqation-bracket": {
      "caption": "start-up speed BRACKET-TK depending on the depth of the fork points .",
      "sentence": [
        "start-up speed BRACKET-TK depending on the depth of the fork points ."
      ],
      "tokens": [
        "start-up",
        "speed",
        "BRACKET-TK",
        "depending",
        "on",
        "the",
        "depth",
        "of",
        "the",
        "fork",
        "points",
        "."
      ]
    }
  }
}