{
  "contains-subfigure": false,
  "Img-text": [
    "PAPR=infinity",
    "PAPR=5",
    "PAPR=2",
    "PAPR=1.1",
    ")",
    "h*",
    "(x",
    "P",
    "7",
    "6",
    "5",
    "4",
    "3",
    "2",
    "1",
    "0",
    "0",
    "10",
    "20",
    "30",
    "40",
    "50",
    "60",
    "70",
    "80",
    "90",
    "100",
    "\u22121"
  ],
  "paper-ID": "1003.0242v1",
  "figure-ID": "1003.0242v1-Figure5-1.png",
  "figure-type": "Graph Plot",
  "0-originally-extracted": "Fig. 5. The maximum valueh\u2217(x) for different \u03c1 (PAPR) values",
  "1-lowercase-and-token-and-remove-figure-index": {
    "caption": "the maximum valueh\u2217 ( x ) for different \u03c1 ( papr ) values .",
    "sentence": [
      "the maximum valueh\u2217 ( x ) for different \u03c1 ( papr ) values ."
    ],
    "token": [
      "the",
      "maximum",
      "valueh\u2217",
      "(",
      "x",
      ")",
      "for",
      "different",
      "\u03c1",
      "(",
      "papr",
      ")",
      "values",
      "."
    ]
  },
  "2-normalized": {
    "2-1-basic-num": {
      "caption": "the maximum valueh\u2217 ( x ) for different \u03c1 ( papr ) values .",
      "sentence": [
        "the maximum valueh\u2217 ( x ) for different \u03c1 ( papr ) values ."
      ],
      "token": [
        "the",
        "maximum",
        "valueh\u2217",
        "(",
        "x",
        ")",
        "for",
        "different",
        "\u03c1",
        "(",
        "papr",
        ")",
        "values",
        "."
      ]
    },
    "2-2-advanced-euqation-bracket": {
      "caption": "the maximum valueh\u2217 BRACKET-TK for different \u03c1 BRACKET-TK values .",
      "sentence": [
        "the maximum valueh\u2217 BRACKET-TK for different \u03c1 BRACKET-TK values ."
      ],
      "tokens": [
        "the",
        "maximum",
        "valueh\u2217",
        "BRACKET-TK",
        "for",
        "different",
        "\u03c1",
        "BRACKET-TK",
        "values",
        "."
      ]
    }
  }
}