{
  "contains-subfigure": false,
  "Img-text": [],
  "paper-ID": "1003.1515v1",
  "figure-ID": "1003.1515v1-Figure6-1.png",
  "figure-type": "Graph Plot",
  "0-originally-extracted": "Figure 6: Error Rate Based on Neurons in the Input Layer",
  "1-lowercase-and-token-and-remove-figure-index": {
    "caption": "error rate based on neurons in the input layer .",
    "sentence": [
      "error rate based on neurons in the input layer ."
    ],
    "token": [
      "error",
      "rate",
      "based",
      "on",
      "neurons",
      "in",
      "the",
      "input",
      "layer",
      "."
    ]
  },
  "2-normalized": {
    "2-1-basic-num": {
      "caption": "error rate based on neurons in the input layer .",
      "sentence": [
        "error rate based on neurons in the input layer ."
      ],
      "token": [
        "error",
        "rate",
        "based",
        "on",
        "neurons",
        "in",
        "the",
        "input",
        "layer",
        "."
      ]
    },
    "2-2-advanced-euqation-bracket": {
      "caption": "error rate based on neurons in the input layer .",
      "sentence": [
        "error rate based on neurons in the input layer ."
      ],
      "tokens": [
        "error",
        "rate",
        "based",
        "on",
        "neurons",
        "in",
        "the",
        "input",
        "layer",
        "."
      ]
    }
  }
}