{
  "contains-subfigure": false,
  "Img-text": [
    "group",
    "BD",
    "per",
    "stream",
    "BD",
    "group",
    "MSINR",
    "Khachan\u2019s",
    "per",
    "stream",
    "MSINR",
    "M",
    "=",
    "8,",
    "N",
    "=",
    "[2",
    "2",
    "2",
    "2],",
    "\u03b3",
    "=",
    "1dB",
    "D",
    "L",
    "ve",
    "l",
    "C",
    "d",
    "le",
    "an",
    "ce",
    "B",
    "al",
    "/",
    "\u03c32",
    "(dB)",
    "Total",
    "transmitted",
    "power",
    "to",
    "noise",
    "ratio",
    "P",
    "max",
    "18",
    "16",
    "14",
    "12",
    "10",
    "8",
    "6",
    "4",
    "2",
    "0",
    "2",
    "4",
    "6",
    "8",
    "10",
    "12",
    "14",
    "0"
  ],
  "paper-ID": "1003.0095v2",
  "figure-ID": "1003.0095v2-Figure2-1.png",
  "figure-type": "Graph Plot",
  "0-originally-extracted": "Fig. 2. Comparison with [5] and BD for Problem Pr.K = 4, M = 8, Nk = 2, \u2200k.",
  "1-lowercase-and-token-and-remove-figure-index": {
    "caption": "comparison with [ 5 ] and bd for problem pr.k = 4 , m = 8 , nk = , \u2200k .",
    "sentence": [
      "comparison with [ 5 ] and bd for problem pr.k = 4 , m = 8 , nk = , \u2200k ."
    ],
    "token": [
      "comparison",
      "with",
      "[",
      "5",
      "]",
      "and",
      "bd",
      "for",
      "problem",
      "pr.k",
      "=",
      "4",
      ",",
      "m",
      "=",
      "8",
      ",",
      "nk",
      "=",
      ",",
      "\u2200k",
      "."
    ]
  },
  "2-normalized": {
    "2-1-basic-num": {
      "caption": "comparison with [ NUM-TK ] and bd for problem pr.k = NUM-TK , m = NUM-TK , nk = , \u2200k .",
      "sentence": [
        "comparison with [ NUM-TK ] and bd for problem pr.k = NUM-TK , m = NUM-TK , nk = , \u2200k ."
      ],
      "token": [
        "comparison",
        "with",
        "[",
        "NUM-TK",
        "]",
        "and",
        "bd",
        "for",
        "problem",
        "pr.k",
        "=",
        "NUM-TK",
        ",",
        "m",
        "=",
        "NUM-TK",
        ",",
        "nk",
        "=",
        ",",
        "\u2200k",
        "."
      ]
    },
    "2-2-advanced-euqation-bracket": {
      "caption": "comparison with BRACKET-TK and bd for problem pr.k = NUM , EQUAT-TK , nk = , \u2200k .",
      "sentence": [
        "comparison with BRACKET-TK and bd for problem pr.k = NUM , EQUAT-TK , nk = , \u2200k ."
      ],
      "tokens": [
        "comparison",
        "with",
        "BRACKET-TK",
        "and",
        "bd",
        "for",
        "problem",
        "pr.k",
        "=",
        "NUM",
        ",",
        "EQUAT-TK",
        ",",
        "nk",
        "=",
        ",",
        "\u2200k",
        "."
      ]
    }
  }
}