{
  "contains-subfigure": false,
  "Img-text": [
    "\uffff",
    "=",
    "5",
    "\uffff",
    "=",
    "3",
    "\uffff",
    "=",
    "1",
    "100",
    "99",
    "98",
    "97",
    "96",
    "95",
    "94",
    "93",
    "5",
    "10",
    "15",
    "20",
    "25",
    "30",
    "35",
    "40",
    "4592",
    ")",
    "x",
    "(%",
    "in",
    "de",
    "tio",
    "n",
    "re",
    "la",
    "C",
    "or",
    "Orientation",
    "(\u03b8)"
  ],
  "paper-ID": "1003.2022v2",
  "figure-ID": "1003.2022v2-Figure8-1.png",
  "figure-type": "Graph Plot",
  "0-originally-extracted": "Figure 8: Normalized correlation between the optimal four-directional box spline and the target Gaussian at different elongations and orientations. For a fixed elongation, the correlation is minimum at the critical orientation \u03b8 = 22.5\u25e6, and improves symmetrically as \u03b8 approaches the principal orientations (cf. Fig. 6).",
  "1-lowercase-and-token-and-remove-figure-index": {
    "caption": "normalized correlation between the optimal four-directional box spline and the target gaussian at different elongations and orientations . for a fixed elongation , the correlation is minimum at the critical orientation \u03b8 = 22.5\u25e6 , and improves symmetrically as \u03b8 approaches the principal orientations ( cf . fig . 6 ) .",
    "sentence": [
      "normalized correlation between the optimal four-directional box spline and the target gaussian at different elongations and orientations .",
      "for a fixed elongation , the correlation is minimum at the critical orientation \u03b8 = 22.5\u25e6 , and improves symmetrically as \u03b8 approaches the principal orientations ( cf .",
      "fig .",
      "6 ) ."
    ],
    "token": [
      "normalized",
      "correlation",
      "between",
      "the",
      "optimal",
      "four-directional",
      "box",
      "spline",
      "and",
      "the",
      "target",
      "gaussian",
      "at",
      "different",
      "elongations",
      "and",
      "orientations",
      ".",
      "for",
      "a",
      "fixed",
      "elongation",
      ",",
      "the",
      "correlation",
      "is",
      "minimum",
      "at",
      "the",
      "critical",
      "orientation",
      "\u03b8",
      "=",
      "22.5\u25e6",
      ",",
      "and",
      "improves",
      "symmetrically",
      "as",
      "\u03b8",
      "approaches",
      "the",
      "principal",
      "orientations",
      "(",
      "cf",
      ".",
      "fig",
      ".",
      "6",
      ")",
      "."
    ]
  },
  "2-normalized": {
    "2-1-basic-num": {
      "caption": "normalized correlation between the optimal four-directional box spline and the target gaussian at different elongations and orientations . for a fixed elongation , the correlation is minimum at the critical orientation \u03b8 = NUM-TK , and improves symmetrically as \u03b8 approaches the principal orientations ( cf . fig . NUM-TK ) .",
      "sentence": [
        "normalized correlation between the optimal four-directional box spline and the target gaussian at different elongations and orientations .",
        "for a fixed elongation , the correlation is minimum at the critical orientation \u03b8 = NUM-TK , and improves symmetrically as \u03b8 approaches the principal orientations ( cf .",
        "fig .",
        "NUM-TK ) ."
      ],
      "token": [
        "normalized",
        "correlation",
        "between",
        "the",
        "optimal",
        "four-directional",
        "box",
        "spline",
        "and",
        "the",
        "target",
        "gaussian",
        "at",
        "different",
        "elongations",
        "and",
        "orientations",
        ".",
        "for",
        "a",
        "fixed",
        "elongation",
        ",",
        "the",
        "correlation",
        "is",
        "minimum",
        "at",
        "the",
        "critical",
        "orientation",
        "\u03b8",
        "=",
        "NUM-TK",
        ",",
        "and",
        "improves",
        "symmetrically",
        "as",
        "\u03b8",
        "approaches",
        "the",
        "principal",
        "orientations",
        "(",
        "cf",
        ".",
        "fig",
        ".",
        "NUM-TK",
        ")",
        "."
      ]
    },
    "2-2-advanced-euqation-bracket": {
      "caption": "normalized correlation between the optimal four-directional box spline and the target gaussian at different elongations and orientations . for a fixed elongation , the correlation is minimum at the critical orientation EQUAT-TK , and improves symmetrically as \u03b8 approaches the principal orientations BRACKET-TK .",
      "sentence": [
        "normalized correlation between the optimal four-directional box spline and the target gaussian at different elongations and orientations .",
        "for a fixed elongation , the correlation is minimum at the critical orientation EQUAT-TK , and improves symmetrically as \u03b8 approaches the principal orientations BRACKET-TK ."
      ],
      "tokens": [
        "normalized",
        "correlation",
        "between",
        "the",
        "optimal",
        "four-directional",
        "box",
        "spline",
        "and",
        "the",
        "target",
        "gaussian",
        "at",
        "different",
        "elongations",
        "and",
        "orientations",
        ".",
        "for",
        "a",
        "fixed",
        "elongation",
        ",",
        "the",
        "correlation",
        "is",
        "minimum",
        "at",
        "the",
        "critical",
        "orientation",
        "EQUAT-TK",
        ",",
        "and",
        "improves",
        "symmetrically",
        "as",
        "\u03b8",
        "approaches",
        "the",
        "principal",
        "orientations",
        "BRACKET-TK",
        "."
      ]
    }
  }
}