{
  "contains-subfigure": false,
  "Img-text": [
    "T",
    "1",
    "T",
    "2",
    "T",
    "3",
    "d",
    "sh",
    "ol",
    "th",
    "re",
    "time",
    "(in",
    "slots)",
    "5.5",
    "5",
    "4.5",
    "4",
    "3.5",
    "3",
    "2.5",
    "2",
    "x",
    "10",
    "5",
    "1",
    "2",
    "3",
    "4",
    "5",
    "6",
    "7",
    "8"
  ],
  "paper-ID": "1003.0090v2",
  "figure-ID": "1003.0090v2-Figure5-1.png",
  "figure-type": "Graph Plot",
  "0-originally-extracted": "Fig. 5. Dynamic of thresholds in a three-node network with perfect CSI under the SINR capture model. The capture ratio b = 5, PT N0 = 10, and the throughput demands are\u03c11 = 0.10, \u03c12 = 0.05, \u03c13 = 0.01.",
  "1-lowercase-and-token-and-remove-figure-index": {
    "caption": "dynamic of thresholds in a three-node network with perfect csi under the sinr capture model . the capture ratio b = , pt n0 = 10 , and the throughput demands are\u03c11 = 0.10 , \u03c12 = 0.0 , \u03c13 = 0.01 .",
    "sentence": [
      "dynamic of thresholds in a three-node network with perfect csi under the sinr capture model .",
      "the capture ratio b = , pt n0 = 10 , and the throughput demands are\u03c11 = 0.10 , \u03c12 = 0.0 , \u03c13 = 0.01 ."
    ],
    "token": [
      "dynamic",
      "of",
      "thresholds",
      "in",
      "a",
      "three-node",
      "network",
      "with",
      "perfect",
      "csi",
      "under",
      "the",
      "sinr",
      "capture",
      "model",
      ".",
      "the",
      "capture",
      "ratio",
      "b",
      "=",
      ",",
      "pt",
      "n0",
      "=",
      "10",
      ",",
      "and",
      "the",
      "throughput",
      "demands",
      "are\u03c11",
      "=",
      "0.10",
      ",",
      "\u03c12",
      "=",
      "0.0",
      ",",
      "\u03c13",
      "=",
      "0.01",
      "."
    ]
  },
  "2-normalized": {
    "2-1-basic-num": {
      "caption": "dynamic of thresholds in a three-node network with perfect csi under the sinr capture model . the capture ratio b = , pt n0 = NUM-TK , and the throughput demands are\u03c11 = NUM-TK , \u03c12 = NUM-TK , \u03c13 = NUM-TK .",
      "sentence": [
        "dynamic of thresholds in a three-node network with perfect csi under the sinr capture model .",
        "the capture ratio b = , pt n0 = NUM-TK , and the throughput demands are\u03c11 = NUM-TK , \u03c12 = NUM-TK , \u03c13 = NUM-TK ."
      ],
      "token": [
        "dynamic",
        "of",
        "thresholds",
        "in",
        "a",
        "three-node",
        "network",
        "with",
        "perfect",
        "csi",
        "under",
        "the",
        "sinr",
        "capture",
        "model",
        ".",
        "the",
        "capture",
        "ratio",
        "b",
        "=",
        ",",
        "pt",
        "n0",
        "=",
        "NUM-TK",
        ",",
        "and",
        "the",
        "throughput",
        "demands",
        "are\u03c11",
        "=",
        "NUM-TK",
        ",",
        "\u03c12",
        "=",
        "NUM-TK",
        ",",
        "\u03c13",
        "=",
        "NUM-TK",
        "."
      ]
    },
    "2-2-advanced-euqation-bracket": {
      "caption": "dynamic of thresholds in a three-node network with perfect csi under the sinr capture model . the capture ratio b = , pt n0 = NUM , and the throughput demands are\u03c11 = NUM , \u03c12 = NUM , \u03c13 = NUM .",
      "sentence": [
        "dynamic of thresholds in a three-node network with perfect csi under the sinr capture model .",
        "the capture ratio b = , pt n0 = NUM , and the throughput demands are\u03c11 = NUM , \u03c12 = NUM , \u03c13 = NUM ."
      ],
      "tokens": [
        "dynamic",
        "of",
        "thresholds",
        "in",
        "a",
        "three-node",
        "network",
        "with",
        "perfect",
        "csi",
        "under",
        "the",
        "sinr",
        "capture",
        "model",
        ".",
        "the",
        "capture",
        "ratio",
        "b",
        "=",
        ",",
        "pt",
        "n0",
        "=",
        "NUM",
        ",",
        "and",
        "the",
        "throughput",
        "demands",
        "are\u03c11",
        "=",
        "NUM",
        ",",
        "\u03c12",
        "=",
        "NUM",
        ",",
        "\u03c13",
        "=",
        "NUM",
        "."
      ]
    }
  }
}