{
  "contains-subfigure": false,
  "Img-text": [
    "Channel",
    "Capacity",
    "(Non-Causal",
    "Perfect",
    "CSI)",
    "Channel",
    "Capacity",
    "(Causal",
    "Perfect",
    "CSI)",
    "Channel",
    "Capacity",
    "(ACK/NAK)",
    "DP",
    "Scheduler",
    "(Non-Causal",
    "Perfect",
    "CSI)",
    "DP",
    "Scheduler",
    "(Causal",
    "Perfect",
    "CSI)",
    "DP",
    "Scheduler",
    "(ACK/NAK)",
    "Blind",
    "Scheme",
    "e",
    "d",
    "T",
    "im",
    "U",
    "n",
    "it",
    "d",
    "p",
    "er",
    "it",
    "te",
    "n",
    "sm",
    "s",
    "T",
    "ra",
    "n",
    "it",
    "a",
    "U",
    "D",
    "at",
    "NTC(d)/P",
    "0.4",
    "0.35",
    "0.3",
    "0.25",
    "0.2",
    "0.15",
    "0.1",
    "0.05",
    "0",
    "0.2",
    "0.4",
    "0.6",
    "0.8",
    "1",
    "0"
  ],
  "paper-ID": "1003.0054v1",
  "figure-ID": "1003.0054v1-Figure5-1.png",
  "figure-type": "Graph Plot",
  "0-originally-extracted": "Fig. 5. Comparison of the energy efficiency performance of various schemes with their theoretical bounds for 2-state Markov channel. Here\u01eb1 = 0.2, \u01eb2 = 0.8, p21 = 0.1 andp12 = 0.2.",
  "1-lowercase-and-token-and-remove-figure-index": {
    "caption": "comparison of the energy efficiency performance of various schemes with their theoretical bounds for 2-state markov channel . here\u01eb1 = 0.2 , \u01eb2 = 0.8 , p21 = 0.1 andp12 = 0.2 .",
    "sentence": [
      "comparison of the energy efficiency performance of various schemes with their theoretical bounds for 2-state markov channel .",
      "here\u01eb1 = 0.2 , \u01eb2 = 0.8 , p21 = 0.1 andp12 = 0.2 ."
    ],
    "token": [
      "comparison",
      "of",
      "the",
      "energy",
      "efficiency",
      "performance",
      "of",
      "various",
      "schemes",
      "with",
      "their",
      "theoretical",
      "bounds",
      "for",
      "2-state",
      "markov",
      "channel",
      ".",
      "here\u01eb1",
      "=",
      "0.2",
      ",",
      "\u01eb2",
      "=",
      "0.8",
      ",",
      "p21",
      "=",
      "0.1",
      "andp12",
      "=",
      "0.2",
      "."
    ]
  },
  "2-normalized": {
    "2-1-basic-num": {
      "caption": "comparison of the energy efficiency performance of various schemes with their theoretical bounds for 2-state markov channel . here\u01eb1 = NUM-TK , \u01eb2 = NUM-TK , p21 = NUM-TK andp12 = NUM-TK .",
      "sentence": [
        "comparison of the energy efficiency performance of various schemes with their theoretical bounds for 2-state markov channel .",
        "here\u01eb1 = NUM-TK , \u01eb2 = NUM-TK , p21 = NUM-TK andp12 = NUM-TK ."
      ],
      "token": [
        "comparison",
        "of",
        "the",
        "energy",
        "efficiency",
        "performance",
        "of",
        "various",
        "schemes",
        "with",
        "their",
        "theoretical",
        "bounds",
        "for",
        "2-state",
        "markov",
        "channel",
        ".",
        "here\u01eb1",
        "=",
        "NUM-TK",
        ",",
        "\u01eb2",
        "=",
        "NUM-TK",
        ",",
        "p21",
        "=",
        "NUM-TK",
        "andp12",
        "=",
        "NUM-TK",
        "."
      ]
    },
    "2-2-advanced-euqation-bracket": {
      "caption": "comparison of the energy efficiency performance of various schemes with their theoretical bounds for 2-state markov channel . here\u01eb1 = NUM , \u01eb2 = NUM , p21 = NUM andp12 = NUM .",
      "sentence": [
        "comparison of the energy efficiency performance of various schemes with their theoretical bounds for 2-state markov channel .",
        "here\u01eb1 = NUM , \u01eb2 = NUM , p21 = NUM andp12 = NUM ."
      ],
      "tokens": [
        "comparison",
        "of",
        "the",
        "energy",
        "efficiency",
        "performance",
        "of",
        "various",
        "schemes",
        "with",
        "their",
        "theoretical",
        "bounds",
        "for",
        "2-state",
        "markov",
        "channel",
        ".",
        "here\u01eb1",
        "=",
        "NUM",
        ",",
        "\u01eb2",
        "=",
        "NUM",
        ",",
        "p21",
        "=",
        "NUM",
        "andp12",
        "=",
        "NUM",
        "."
      ]
    }
  }
}