{
  "contains-subfigure": false,
  "Img-text": [
    "Numerical",
    "minimization",
    "Analytical",
    "minimization",
    "Asymptotic",
    "upper",
    "bound",
    "su",
    "re",
    "m",
    "ea",
    "io",
    "n",
    "to",
    "rt",
    "D",
    "is",
    "Total",
    "number",
    "of",
    "feedback",
    "bits",
    "10",
    "3",
    "10",
    "2",
    "10",
    "1",
    "10",
    "0",
    "10",
    "\u22121",
    "\u22122",
    "4",
    "6",
    "8",
    "10",
    "12",
    "14",
    "16",
    "18",
    "20",
    "22",
    "24",
    "10"
  ],
  "paper-ID": "1003.2257v2",
  "figure-ID": "1003.2257v2-Figure6-1.png",
  "figure-type": "Graph Plot",
  "0-originally-extracted": "Fig. 6. Distortion measure D(B) for M = 5 antennas and target outage probability q = 10\u22124.",
  "1-lowercase-and-token-and-remove-figure-index": {
    "caption": "distortion measure d ( b ) for m = 5 antennas and target outage probability q = 10\u22124 .",
    "sentence": [
      "distortion measure d ( b ) for m = 5 antennas and target outage probability q = 10\u22124 ."
    ],
    "token": [
      "distortion",
      "measure",
      "d",
      "(",
      "b",
      ")",
      "for",
      "m",
      "=",
      "5",
      "antennas",
      "and",
      "target",
      "outage",
      "probability",
      "q",
      "=",
      "10\u22124",
      "."
    ]
  },
  "2-normalized": {
    "2-1-basic-num": {
      "caption": "distortion measure d ( b ) for m = NUM-TK antennas and target outage probability q = NUM-TK .",
      "sentence": [
        "distortion measure d ( b ) for m = NUM-TK antennas and target outage probability q = NUM-TK ."
      ],
      "token": [
        "distortion",
        "measure",
        "d",
        "(",
        "b",
        ")",
        "for",
        "m",
        "=",
        "NUM-TK",
        "antennas",
        "and",
        "target",
        "outage",
        "probability",
        "q",
        "=",
        "NUM-TK",
        "."
      ]
    },
    "2-2-advanced-euqation-bracket": {
      "caption": "distortion measure d BRACKET-TK for EQUAT-TK antennas and target outage probability EQUAT-TK .",
      "sentence": [
        "distortion measure d BRACKET-TK for EQUAT-TK antennas and target outage probability EQUAT-TK ."
      ],
      "tokens": [
        "distortion",
        "measure",
        "d",
        "BRACKET-TK",
        "for",
        "EQUAT-TK",
        "antennas",
        "and",
        "target",
        "outage",
        "probability",
        "EQUAT-TK",
        "."
      ]
    }
  }
}