{
  "contains-subfigure": false,
  "Img-text": [],
  "paper-ID": "1003.1479v1",
  "figure-ID": "1003.1479v1-Figure15-1.png",
  "figure-type": "Graph Plot",
  "0-originally-extracted": "Figure 15: Mobile Station Delay",
  "1-lowercase-and-token-and-remove-figure-index": {
    "caption": "mobile station delay .",
    "sentence": [
      "mobile station delay ."
    ],
    "token": [
      "mobile",
      "station",
      "delay",
      "."
    ]
  },
  "2-normalized": {
    "2-1-basic-num": {
      "caption": "mobile station delay .",
      "sentence": [
        "mobile station delay ."
      ],
      "token": [
        "mobile",
        "station",
        "delay",
        "."
      ]
    },
    "2-2-advanced-euqation-bracket": {
      "caption": "mobile station delay .",
      "sentence": [
        "mobile station delay ."
      ],
      "tokens": [
        "mobile",
        "station",
        "delay",
        "."
      ]
    }
  }
}