{
  "contains-subfigure": false,
  "Img-text": [
    "Without",
    "Shaping",
    "64QAM,",
    "256QAM",
    "PLUS,",
    "64QAM",
    "HNF,",
    "64QAM",
    "PLUS,",
    "256QAM",
    "D",
    "F",
    "C",
    "C",
    "ra",
    "ge",
    "A",
    "ve",
    "PAPR(dB)",
    "10",
    "0",
    "10",
    "\u22121",
    "10",
    "\u22122",
    "10",
    "\u22123",
    "10",
    "\u22124",
    "10",
    "\u22125",
    "\u22126",
    "0",
    "1",
    "2",
    "3",
    "4",
    "5",
    "6",
    "7",
    "8",
    "9",
    "10",
    "10"
  ],
  "paper-ID": "1003.0242v1",
  "figure-ID": "1003.0242v1-Figure2-1.png",
  "figure-type": "Graph Plot",
  "0-originally-extracted": "Fig. 2. CCDF of PAPR for a 5\u00d75 space-time code [7] using HNF and PLUS approximate cubic shaping.",
  "1-lowercase-and-token-and-remove-figure-index": {
    "caption": "ccdf of papr for a 5\u00d75 space-time code [ 7 ] using hnf and plus approximate cubic shaping .",
    "sentence": [
      "ccdf of papr for a 5\u00d75 space-time code [ 7 ] using hnf and plus approximate cubic shaping ."
    ],
    "token": [
      "ccdf",
      "of",
      "papr",
      "for",
      "a",
      "5\u00d75",
      "space-time",
      "code",
      "[",
      "7",
      "]",
      "using",
      "hnf",
      "and",
      "plus",
      "approximate",
      "cubic",
      "shaping",
      "."
    ]
  },
  "2-normalized": {
    "2-1-basic-num": {
      "caption": "ccdf of papr for a NUM-TK space-time code [ NUM-TK ] using hnf and plus approximate cubic shaping .",
      "sentence": [
        "ccdf of papr for a NUM-TK space-time code [ NUM-TK ] using hnf and plus approximate cubic shaping ."
      ],
      "token": [
        "ccdf",
        "of",
        "papr",
        "for",
        "a",
        "NUM-TK",
        "space-time",
        "code",
        "[",
        "NUM-TK",
        "]",
        "using",
        "hnf",
        "and",
        "plus",
        "approximate",
        "cubic",
        "shaping",
        "."
      ]
    },
    "2-2-advanced-euqation-bracket": {
      "caption": "ccdf of papr for a NUM space-time code BRACKET-TK using hnf and plus approximate cubic shaping .",
      "sentence": [
        "ccdf of papr for a NUM space-time code BRACKET-TK using hnf and plus approximate cubic shaping ."
      ],
      "tokens": [
        "ccdf",
        "of",
        "papr",
        "for",
        "a",
        "NUM",
        "space-time",
        "code",
        "BRACKET-TK",
        "using",
        "hnf",
        "and",
        "plus",
        "approximate",
        "cubic",
        "shaping",
        "."
      ]
    }
  }
}