{
  "contains-subfigure": false,
  "Img-text": [],
  "paper-ID": "1003.0445v1",
  "figure-ID": "1003.0445v1-Figure7-1.png",
  "figure-type": "Graph Plot",
  "0-originally-extracted": "Fig. 7. Sketch of Pr{~si /\u2208csp(Si)} K in terms of p1 = \u03bd in a network of n = 10 users with K = 6.",
  "1-lowercase-and-token-and-remove-figure-index": {
    "caption": "sketch of pr { ~si /\u2208csp ( si ) } k in terms of p1 = \u03bd in a network of n = 10 users with k = 6 .",
    "sentence": [
      "sketch of pr { ~si /\u2208csp ( si ) } k in terms of p1 = \u03bd in a network of n = 10 users with k = 6 ."
    ],
    "token": [
      "sketch",
      "of",
      "pr",
      "{",
      "~si",
      "/\u2208csp",
      "(",
      "si",
      ")",
      "}",
      "k",
      "in",
      "terms",
      "of",
      "p1",
      "=",
      "\u03bd",
      "in",
      "a",
      "network",
      "of",
      "n",
      "=",
      "10",
      "users",
      "with",
      "k",
      "=",
      "6",
      "."
    ]
  },
  "2-normalized": {
    "2-1-basic-num": {
      "caption": "sketch of pr { ~si /\u2208csp ( si ) } k in terms of p1 = \u03bd in a network of n = NUM-TK users with k = NUM-TK .",
      "sentence": [
        "sketch of pr { ~si /\u2208csp ( si ) } k in terms of p1 = \u03bd in a network of n = NUM-TK users with k = NUM-TK ."
      ],
      "token": [
        "sketch",
        "of",
        "pr",
        "{",
        "~si",
        "/\u2208csp",
        "(",
        "si",
        ")",
        "}",
        "k",
        "in",
        "terms",
        "of",
        "p1",
        "=",
        "\u03bd",
        "in",
        "a",
        "network",
        "of",
        "n",
        "=",
        "NUM-TK",
        "users",
        "with",
        "k",
        "=",
        "NUM-TK",
        "."
      ]
    },
    "2-2-advanced-euqation-bracket": {
      "caption": "sketch of pr BRACKET-TKBRACKET-TK k in terms of p1 = \u03bd in a network of EQUAT-TK users with EQUAT-TK .",
      "sentence": [
        "sketch of pr BRACKET-TKBRACKET-TK k in terms of p1 = \u03bd in a network of EQUAT-TK users with EQUAT-TK ."
      ],
      "tokens": [
        "sketch",
        "of",
        "pr",
        "BRACKET-TKBRACKET-TK",
        "k",
        "in",
        "terms",
        "of",
        "p1",
        "=",
        "\u03bd",
        "in",
        "a",
        "network",
        "of",
        "EQUAT-TK",
        "users",
        "with",
        "EQUAT-TK",
        "."
      ]
    }
  }
}