{
  "contains-subfigure": false,
  "Img-text": [
    "\u03be",
    "\u03b3",
    "lnB",
    "1\u2212B\u2212\u03b3",
    "0",
    "1",
    "2",
    "3",
    "4",
    "5",
    "6",
    "7"
  ],
  "paper-ID": "1003.2165v2",
  "figure-ID": "1003.2165v2-Figure4.2-1.png",
  "figure-type": "Graph Plot",
  "0-originally-extracted": "Figure 4.2: \u03bb\u0303knorm \u3008\u03be\u3009 for \u03be \u2208 [ \u221212 , k + 12 ] and k = 1, 2, 3, 4, 5, 6, 7",
  "1-lowercase-and-token-and-remove-figure-index": {
    "caption": "\u03bb\u0303knorm \u3008\u03be\u3009 for \u03be \u2208 [ \u221212 , k + 12 ] and k = 1 , 2 , 3 , 4 , 5 , 6 , 7 .",
    "sentence": [
      "\u03bb\u0303knorm \u3008\u03be\u3009 for \u03be \u2208 [ \u221212 , k + 12 ] and k = 1 , 2 , 3 , 4 , 5 , 6 , 7 ."
    ],
    "token": [
      "\u03bb\u0303knorm",
      "\u3008\u03be\u3009",
      "for",
      "\u03be",
      "\u2208",
      "[",
      "\u221212",
      ",",
      "k",
      "+",
      "12",
      "]",
      "and",
      "k",
      "=",
      "1",
      ",",
      "2",
      ",",
      "3",
      ",",
      "4",
      ",",
      "5",
      ",",
      "6",
      ",",
      "7",
      "."
    ]
  },
  "2-normalized": {
    "2-1-basic-num": {
      "caption": "\u03bb\u0303knorm \u3008\u03be\u3009 for \u03be \u2208 [ \u221212 , k + NUM-TK ] and k = NUM-TK , NUM-TK , NUM-TK , NUM-TK , NUM-TK , NUM-TK , NUM-TK .",
      "sentence": [
        "\u03bb\u0303knorm \u3008\u03be\u3009 for \u03be \u2208 [ \u221212 , k + NUM-TK ] and k = NUM-TK , NUM-TK , NUM-TK , NUM-TK , NUM-TK , NUM-TK , NUM-TK ."
      ],
      "token": [
        "\u03bb\u0303knorm",
        "\u3008\u03be\u3009",
        "for",
        "\u03be",
        "\u2208",
        "[",
        "\u221212",
        ",",
        "k",
        "+",
        "NUM-TK",
        "]",
        "and",
        "k",
        "=",
        "NUM-TK",
        ",",
        "NUM-TK",
        ",",
        "NUM-TK",
        ",",
        "NUM-TK",
        ",",
        "NUM-TK",
        ",",
        "NUM-TK",
        ",",
        "NUM-TK",
        "."
      ]
    },
    "2-2-advanced-euqation-bracket": {
      "caption": "\u03bb\u0303knorm \u3008\u03be\u3009 for \u03be \u2208 BRACKET-TK and EQUAT-TK , NUM , NUM , NUM , NUM , NUM , NUM .",
      "sentence": [
        "\u03bb\u0303knorm \u3008\u03be\u3009 for \u03be \u2208 BRACKET-TK and EQUAT-TK , NUM , NUM , NUM , NUM , NUM , NUM ."
      ],
      "tokens": [
        "\u03bb\u0303knorm",
        "\u3008\u03be\u3009",
        "for",
        "\u03be",
        "\u2208",
        "BRACKET-TK",
        "and",
        "EQUAT-TK",
        ",",
        "NUM",
        ",",
        "NUM",
        ",",
        "NUM",
        ",",
        "NUM",
        ",",
        "NUM",
        ",",
        "NUM",
        "."
      ]
    }
  }
}