{
  "contains-subfigure": false,
  "Img-text": [
    "Simulation",
    "1\u22121.95\u03b72",
    "P",
    "\u03b7",
    "\u03b7",
    "1",
    "0.95",
    "0.9",
    "0",
    "0.05",
    "0.1",
    "0.15",
    "0.2",
    "0.25",
    "0.85"
  ],
  "paper-ID": "1003.0248v2",
  "figure-ID": "1003.0248v2-Figure4-1.png",
  "figure-type": "Graph Plot",
  "0-originally-extracted": "Fig. 4. Simulation of the success probability of a PPP of intensity \u03bb = 0.3 with CSMA, where the hard-core distanceh is adjusted to achieve intensity 0.3\u03b7, for a path loss law\u2113(x) = \u2016x\u2016\u22124 and \u03b8 = 2. For comparison, the curve1\u2212\u03b3\u03b72 is also shown.\u03b3 \u2248 1.95 is obtained from Cor. 3. It is observed that the decay for small\u03b7 is indeed quadratic, as predicted by\u03ba = \u03b1/2 = 2.",
  "1-lowercase-and-token-and-remove-figure-index": {
    "caption": "simulation of the success probability of a ppp of intensity \u03bb = 0.3 with csma , where the hard-core distanceh is adjusted to achieve intensity 0.3\u03b7 , for a path loss law\u2113 ( x ) = \u2016x\u2016\u2212 and \u03b8 = 2. for comparison , the curve1\u2212\u03b3\u03b72 is also shown.\u03b3 \u2248 1.95 is obtained from cor . 3. it is observed that the decay for small\u03b7 is indeed quadratic , as predicted by\u03ba = \u03b1/2 = 2 .",
    "sentence": [
      "simulation of the success probability of a ppp of intensity \u03bb = 0.3 with csma , where the hard-core distanceh is adjusted to achieve intensity 0.3\u03b7 , for a path loss law\u2113 ( x ) = \u2016x\u2016\u2212 and \u03b8 = 2. for comparison , the curve1\u2212\u03b3\u03b72 is also shown.\u03b3 \u2248 1.95 is obtained from cor .",
      "3. it is observed that the decay for small\u03b7 is indeed quadratic , as predicted by\u03ba = \u03b1/2 = 2 ."
    ],
    "token": [
      "simulation",
      "of",
      "the",
      "success",
      "probability",
      "of",
      "a",
      "ppp",
      "of",
      "intensity",
      "\u03bb",
      "=",
      "0.3",
      "with",
      "csma",
      ",",
      "where",
      "the",
      "hard-core",
      "distanceh",
      "is",
      "adjusted",
      "to",
      "achieve",
      "intensity",
      "0.3\u03b7",
      ",",
      "for",
      "a",
      "path",
      "loss",
      "law\u2113",
      "(",
      "x",
      ")",
      "=",
      "\u2016x\u2016\u2212",
      "and",
      "\u03b8",
      "=",
      "2.",
      "for",
      "comparison",
      ",",
      "the",
      "curve1\u2212\u03b3\u03b72",
      "is",
      "also",
      "shown.\u03b3",
      "\u2248",
      "1.95",
      "is",
      "obtained",
      "from",
      "cor",
      ".",
      "3.",
      "it",
      "is",
      "observed",
      "that",
      "the",
      "decay",
      "for",
      "small\u03b7",
      "is",
      "indeed",
      "quadratic",
      ",",
      "as",
      "predicted",
      "by\u03ba",
      "=",
      "\u03b1/2",
      "=",
      "2",
      "."
    ]
  },
  "2-normalized": {
    "2-1-basic-num": {
      "caption": "simulation of the success probability of a ppp of intensity \u03bb = NUM-TK with csma , where the hard-core distanceh is adjusted to achieve intensity NUM-TK , for a path loss law\u2113 ( x ) = \u2016x\u2016\u2212 and \u03b8 = NUM-TK for comparison , the curve1\u2212\u03b3\u03b72 is also shown.\u03b3 \u2248 NUM-TK is obtained from cor . NUM-TK it is observed that the decay for small\u03b7 is indeed quadratic , as predicted by\u03ba = \u03b1/2 = NUM-TK .",
      "sentence": [
        "simulation of the success probability of a ppp of intensity \u03bb = NUM-TK with csma , where the hard-core distanceh is adjusted to achieve intensity NUM-TK , for a path loss law\u2113 ( x ) = \u2016x\u2016\u2212 and \u03b8 = NUM-TK for comparison , the curve1\u2212\u03b3\u03b72 is also shown.\u03b3 \u2248 NUM-TK is obtained from cor .",
        "NUM-TK it is observed that the decay for small\u03b7 is indeed quadratic , as predicted by\u03ba = \u03b1/2 = NUM-TK ."
      ],
      "token": [
        "simulation",
        "of",
        "the",
        "success",
        "probability",
        "of",
        "a",
        "ppp",
        "of",
        "intensity",
        "\u03bb",
        "=",
        "NUM-TK",
        "with",
        "csma",
        ",",
        "where",
        "the",
        "hard-core",
        "distanceh",
        "is",
        "adjusted",
        "to",
        "achieve",
        "intensity",
        "NUM-TK",
        ",",
        "for",
        "a",
        "path",
        "loss",
        "law\u2113",
        "(",
        "x",
        ")",
        "=",
        "\u2016x\u2016\u2212",
        "and",
        "\u03b8",
        "=",
        "NUM-TK",
        "for",
        "comparison",
        ",",
        "the",
        "curve1\u2212\u03b3\u03b72",
        "is",
        "also",
        "shown.\u03b3",
        "\u2248",
        "NUM-TK",
        "is",
        "obtained",
        "from",
        "cor",
        ".",
        "NUM-TK",
        "it",
        "is",
        "observed",
        "that",
        "the",
        "decay",
        "for",
        "small\u03b7",
        "is",
        "indeed",
        "quadratic",
        ",",
        "as",
        "predicted",
        "by\u03ba",
        "=",
        "\u03b1/2",
        "=",
        "NUM-TK",
        "."
      ]
    },
    "2-2-advanced-euqation-bracket": {
      "caption": "simulation of the success probability of a ppp of intensity EQUAT-TK with csma , where the hard-core distanceh is adjusted to achieve intensity NUM , for a path loss law\u2113 BRACKET-TK = \u2016x\u2016\u2212 and EQUAT-TK for comparison , the curve1\u2212\u03b3\u03b72 is also shown.\u03b3 \u2248 NUM is obtained from cor . NUM it is observed that the decay for small\u03b7 is indeed quadratic , as predicted by\u03ba = \u03b1/2 = NUM .",
      "sentence": [
        "simulation of the success probability of a ppp of intensity EQUAT-TK with csma , where the hard-core distanceh is adjusted to achieve intensity NUM , for a path loss law\u2113 BRACKET-TK = \u2016x\u2016\u2212 and EQUAT-TK for comparison , the curve1\u2212\u03b3\u03b72 is also shown.\u03b3 \u2248 NUM is obtained from cor .",
        "NUM it is observed that the decay for small\u03b7 is indeed quadratic , as predicted by\u03ba = \u03b1/2 = NUM ."
      ],
      "tokens": [
        "simulation",
        "of",
        "the",
        "success",
        "probability",
        "of",
        "a",
        "ppp",
        "of",
        "intensity",
        "EQUAT-TK",
        "with",
        "csma",
        ",",
        "where",
        "the",
        "hard-core",
        "distanceh",
        "is",
        "adjusted",
        "to",
        "achieve",
        "intensity",
        "NUM",
        ",",
        "for",
        "a",
        "path",
        "loss",
        "law\u2113",
        "BRACKET-TK",
        "=",
        "\u2016x\u2016\u2212",
        "and",
        "EQUAT-TK",
        "for",
        "comparison",
        ",",
        "the",
        "curve1\u2212\u03b3\u03b72",
        "is",
        "also",
        "shown.\u03b3",
        "\u2248",
        "NUM",
        "is",
        "obtained",
        "from",
        "cor",
        ".",
        "NUM",
        "it",
        "is",
        "observed",
        "that",
        "the",
        "decay",
        "for",
        "small\u03b7",
        "is",
        "indeed",
        "quadratic",
        ",",
        "as",
        "predicted",
        "by\u03ba",
        "=",
        "\u03b1/2",
        "=",
        "NUM",
        "."
      ]
    }
  }
}