{
  "contains-subfigure": false,
  "Img-text": [
    "\u03b1",
    "9",
    "0.0",
    "0.1",
    "0.2",
    "0.3",
    "0.4",
    "0",
    "20",
    "40",
    "60",
    "80",
    "T",
    "\u03b1N"
  ],
  "paper-ID": "1003.1020v2",
  "figure-ID": "1003.1020v2-Figure4-1.png",
  "figure-type": "Graph Plot",
  "0-originally-extracted": "FIG. 4: (Color online) The learning time T\u03b1N as a function of \u03b1 for for three problem instances of N = 1001.",
  "1-lowercase-and-token-and-remove-figure-index": {
    "caption": "( color online ) the learning time t\u03b1n as a function of \u03b1 for for three problem instances of n = 1001 .",
    "sentence": [
      "( color online ) the learning time t\u03b1n as a function of \u03b1 for for three problem instances of n = 1001 ."
    ],
    "token": [
      "(",
      "color",
      "online",
      ")",
      "the",
      "learning",
      "time",
      "t\u03b1n",
      "as",
      "a",
      "function",
      "of",
      "\u03b1",
      "for",
      "for",
      "three",
      "problem",
      "instances",
      "of",
      "n",
      "=",
      "1001",
      "."
    ]
  },
  "2-normalized": {
    "2-1-basic-num": {
      "caption": "( color online ) the learning time t\u03b1n as a function of \u03b1 for for NUM-TK problem instances of n = NUM-TK .",
      "sentence": [
        "( color online ) the learning time t\u03b1n as a function of \u03b1 for for NUM-TK problem instances of n = NUM-TK ."
      ],
      "token": [
        "(",
        "color",
        "online",
        ")",
        "the",
        "learning",
        "time",
        "t\u03b1n",
        "as",
        "a",
        "function",
        "of",
        "\u03b1",
        "for",
        "for",
        "NUM-TK",
        "problem",
        "instances",
        "of",
        "n",
        "=",
        "NUM-TK",
        "."
      ]
    },
    "2-2-advanced-euqation-bracket": {
      "caption": "BRACKET-TK the learning time t\u03b1n as a function of \u03b1 for for NUM problem instances of EQUAT-TK .",
      "sentence": [
        "BRACKET-TK the learning time t\u03b1n as a function of \u03b1 for for NUM problem instances of EQUAT-TK ."
      ],
      "tokens": [
        "BRACKET-TK",
        "the",
        "learning",
        "time",
        "t\u03b1n",
        "as",
        "a",
        "function",
        "of",
        "\u03b1",
        "for",
        "for",
        "NUM",
        "problem",
        "instances",
        "of",
        "EQUAT-TK",
        "."
      ]
    }
  }
}