{
  "contains-subfigure": false,
  "Img-text": [
    "CEP",
    "for",
    "4x4",
    "channel(24bpcu)",
    "with",
    "shaping",
    "CEP",
    "for",
    "4x4",
    "channel(24bpcu)",
    "without",
    "shaping",
    "Outage",
    "prob.",
    "for",
    "4x4",
    "channel(24bpcu)",
    "CEP",
    "for",
    "5x5",
    "channel(30bpcu)",
    "with",
    "shaping",
    "CEP",
    "for",
    "5x5",
    "channel(30bpcu)",
    "without",
    "shaping",
    "Outage",
    "prob.",
    "for",
    "5x5",
    "channel(30bpcu)",
    "P",
    "C",
    "E",
    "SNR(dB)",
    "10",
    "0",
    "10",
    "\u22121",
    "10",
    "\u22122",
    "10",
    "\u22123",
    "10",
    "\u22124",
    "10",
    "\u22125",
    "12.5",
    "15",
    "17.5",
    "20",
    "22.5",
    "25",
    "27.5",
    "30",
    "32.5"
  ],
  "paper-ID": "1003.0242v1",
  "figure-ID": "1003.0242v1-Figure3-1.png",
  "figure-type": "Graph Plot",
  "0-originally-extracted": "Fig. 3. Codeword error probability for Rayleigh fading channel with or without shaping.",
  "1-lowercase-and-token-and-remove-figure-index": {
    "caption": "codeword error probability for rayleigh fading channel with or without shaping .",
    "sentence": [
      "codeword error probability for rayleigh fading channel with or without shaping ."
    ],
    "token": [
      "codeword",
      "error",
      "probability",
      "for",
      "rayleigh",
      "fading",
      "channel",
      "with",
      "or",
      "without",
      "shaping",
      "."
    ]
  },
  "2-normalized": {
    "2-1-basic-num": {
      "caption": "codeword error probability for rayleigh fading channel with or without shaping .",
      "sentence": [
        "codeword error probability for rayleigh fading channel with or without shaping ."
      ],
      "token": [
        "codeword",
        "error",
        "probability",
        "for",
        "rayleigh",
        "fading",
        "channel",
        "with",
        "or",
        "without",
        "shaping",
        "."
      ]
    },
    "2-2-advanced-euqation-bracket": {
      "caption": "codeword error probability for rayleigh fading channel with or without shaping .",
      "sentence": [
        "codeword error probability for rayleigh fading channel with or without shaping ."
      ],
      "tokens": [
        "codeword",
        "error",
        "probability",
        "for",
        "rayleigh",
        "fading",
        "channel",
        "with",
        "or",
        "without",
        "shaping",
        "."
      ]
    }
  }
}