{
  "contains-subfigure": false,
  "Img-text": [
    "R",
    "e",
    "s",
    "o",
    "u",
    "r",
    "c",
    "e",
    "c",
    "o",
    "n",
    "s",
    "u",
    "m",
    "p",
    "t",
    "i",
    "o",
    "n",
    "i",
    "n",
    "t",
    "e",
    "r",
    "m",
    "s",
    "o",
    "f",
    "V",
    "M",
    "s",
    "Hour",
    "1",
    "16",
    "31",
    "46",
    "61",
    "76",
    "91",
    "106",
    "121",
    "136",
    "151",
    "166",
    "181",
    "196",
    "211",
    "226",
    "241",
    "256",
    "271",
    "286",
    "301",
    "316",
    "331",
    "70",
    "60",
    "50",
    "40",
    "30",
    "20",
    "10",
    "0"
  ],
  "paper-ID": "1003.0958v4",
  "figure-ID": "1003.0958v4-Figure9-1.png",
  "figure-type": "Graph Plot",
  "0-originally-extracted": "Fig. 9. The World Cup resource trace in two weeks.",
  "1-lowercase-and-token-and-remove-figure-index": {
    "caption": "the world cup resource trace in two weeks .",
    "sentence": [
      "the world cup resource trace in two weeks ."
    ],
    "token": [
      "the",
      "world",
      "cup",
      "resource",
      "trace",
      "in",
      "two",
      "weeks",
      "."
    ]
  },
  "2-normalized": {
    "2-1-basic-num": {
      "caption": "the world cup resource trace in NUM-TK weeks .",
      "sentence": [
        "the world cup resource trace in NUM-TK weeks ."
      ],
      "token": [
        "the",
        "world",
        "cup",
        "resource",
        "trace",
        "in",
        "NUM-TK",
        "weeks",
        "."
      ]
    },
    "2-2-advanced-euqation-bracket": {
      "caption": "the world cup resource trace in NUM weeks .",
      "sentence": [
        "the world cup resource trace in NUM weeks ."
      ],
      "tokens": [
        "the",
        "world",
        "cup",
        "resource",
        "trace",
        "in",
        "NUM",
        "weeks",
        "."
      ]
    }
  }
}