{
  "contains-subfigure": false,
  "Img-text": [
    "log",
    "log",
    "log",
    "nk",
    ")",
    "er",
    "li",
    "ts",
    "p",
    "ac",
    "ke",
    "Q",
    "(p",
    "Time",
    "steps",
    "4500",
    "4000",
    "3500",
    "3000",
    "2500",
    "2000",
    "1500",
    "1000",
    "500",
    "0",
    "x",
    "10",
    "5",
    "0",
    "0.5",
    "1",
    "1.5",
    "2",
    "2.5",
    "3"
  ],
  "paper-ID": "1003.1364v1",
  "figure-ID": "1003.1364v1-Figure3-1.png",
  "figure-type": "Graph Plot",
  "0-originally-extracted": "Fig. 3. The evolution of average queue-lengths for\u03c1 = 0.85.",
  "1-lowercase-and-token-and-remove-figure-index": {
    "caption": "the evolution of average queue-lengths for\u03c1 = 0.85 .",
    "sentence": [
      "the evolution of average queue-lengths for\u03c1 = 0.85 ."
    ],
    "token": [
      "the",
      "evolution",
      "of",
      "average",
      "queue-lengths",
      "for\u03c1",
      "=",
      "0.85",
      "."
    ]
  },
  "2-normalized": {
    "2-1-basic-num": {
      "caption": "the evolution of average queue-lengths for\u03c1 = NUM-TK .",
      "sentence": [
        "the evolution of average queue-lengths for\u03c1 = NUM-TK ."
      ],
      "token": [
        "the",
        "evolution",
        "of",
        "average",
        "queue-lengths",
        "for\u03c1",
        "=",
        "NUM-TK",
        "."
      ]
    },
    "2-2-advanced-euqation-bracket": {
      "caption": "the evolution of average queue-lengths EQUAT-TK .",
      "sentence": [
        "the evolution of average queue-lengths EQUAT-TK ."
      ],
      "tokens": [
        "the",
        "evolution",
        "of",
        "average",
        "queue-lengths",
        "EQUAT-TK",
        "."
      ]
    }
  }
}