{
  "contains-subfigure": false,
  "Img-text": [
    "group",
    "BD",
    "per",
    "stream",
    "BD",
    "group",
    "MSINR",
    "Khachan\u2019s",
    "per",
    "stream",
    "MSINR",
    "M=8,",
    "N=[2",
    "2",
    "2",
    "2],",
    "\u03b3",
    "=",
    "1",
    "dB",
    "us",
    "e)",
    "el",
    "\u2212",
    "ha",
    "nn",
    "its",
    "/c",
    "e",
    "(b",
    "r",
    "at",
    "S",
    "um",
    "/",
    "\u03c32(dB)",
    "Total",
    "transmitted",
    "power",
    "to",
    "noise",
    "ratio",
    "P",
    "max",
    "18",
    "16",
    "14",
    "12",
    "10",
    "8",
    "6",
    "4",
    "2",
    "0",
    "2",
    "4",
    "6",
    "8",
    "10",
    "12",
    "14",
    "0"
  ],
  "paper-ID": "1003.0095v2",
  "figure-ID": "1003.0095v2-Figure4-1.png",
  "figure-type": "Graph Plot",
  "0-originally-extracted": "Fig. 4. Sum rate comparison with [5] and BD for Problem Pr.K = 4, M = 8, Nk = 2, \u2200k.",
  "1-lowercase-and-token-and-remove-figure-index": {
    "caption": "sum rate comparison with [ 5 ] and bd for problem pr.k = , m = 8 , nk = 2 , \u2200k .",
    "sentence": [
      "sum rate comparison with [ 5 ] and bd for problem pr.k = , m = 8 , nk = 2 , \u2200k ."
    ],
    "token": [
      "sum",
      "rate",
      "comparison",
      "with",
      "[",
      "5",
      "]",
      "and",
      "bd",
      "for",
      "problem",
      "pr.k",
      "=",
      ",",
      "m",
      "=",
      "8",
      ",",
      "nk",
      "=",
      "2",
      ",",
      "\u2200k",
      "."
    ]
  },
  "2-normalized": {
    "2-1-basic-num": {
      "caption": "sum rate comparison with [ NUM-TK ] and bd for problem pr.k = , m = NUM-TK , nk = NUM-TK , \u2200k .",
      "sentence": [
        "sum rate comparison with [ NUM-TK ] and bd for problem pr.k = , m = NUM-TK , nk = NUM-TK , \u2200k ."
      ],
      "token": [
        "sum",
        "rate",
        "comparison",
        "with",
        "[",
        "NUM-TK",
        "]",
        "and",
        "bd",
        "for",
        "problem",
        "pr.k",
        "=",
        ",",
        "m",
        "=",
        "NUM-TK",
        ",",
        "nk",
        "=",
        "NUM-TK",
        ",",
        "\u2200k",
        "."
      ]
    },
    "2-2-advanced-euqation-bracket": {
      "caption": "sum rate comparison with BRACKET-TK and bd for problem pr.k = , EQUAT-TK , EQUAT-TK , \u2200k .",
      "sentence": [
        "sum rate comparison with BRACKET-TK and bd for problem pr.k = , EQUAT-TK , EQUAT-TK , \u2200k ."
      ],
      "tokens": [
        "sum",
        "rate",
        "comparison",
        "with",
        "BRACKET-TK",
        "and",
        "bd",
        "for",
        "problem",
        "pr.k",
        "=",
        ",",
        "EQUAT-TK",
        ",",
        "EQUAT-TK",
        ",",
        "\u2200k",
        "."
      ]
    }
  }
}