{
  "contains-subfigure": false,
  "Img-text": [
    "group",
    "BD",
    "per",
    "stream",
    "BD",
    "group",
    "MSINR",
    "Khachan\u2019s",
    "per",
    "stream",
    "MSINR",
    "k=2,",
    "M=8,",
    "N=[4",
    "4]",
    ")",
    "dB",
    "m",
    "er",
    "(",
    "l",
    "p",
    "ow",
    "to",
    "ta",
    "im",
    "um",
    "M",
    "in",
    "SINR",
    "constraint",
    "\u03b3",
    "(dB)",
    "45",
    "40",
    "35",
    "30",
    "25",
    "\u22126",
    "\u22124",
    "\u22122",
    "0",
    "2",
    "4",
    "6",
    "20"
  ],
  "paper-ID": "1003.0095v2",
  "figure-ID": "1003.0095v2-Figure3-1.png",
  "figure-type": "Graph Plot",
  "0-originally-extracted": "Fig. 3. Comparison with [5] and BD for Problem Pp.K = 2, M = 8, Nk = 4, \u2200k.",
  "1-lowercase-and-token-and-remove-figure-index": {
    "caption": "comparison with [ 5 ] and bd for problem pp.k = 2 , m = 8 , nk = 4 , \u2200k .",
    "sentence": [
      "comparison with [ 5 ] and bd for problem pp.k = 2 , m = 8 , nk = 4 , \u2200k ."
    ],
    "token": [
      "comparison",
      "with",
      "[",
      "5",
      "]",
      "and",
      "bd",
      "for",
      "problem",
      "pp.k",
      "=",
      "2",
      ",",
      "m",
      "=",
      "8",
      ",",
      "nk",
      "=",
      "4",
      ",",
      "\u2200k",
      "."
    ]
  },
  "2-normalized": {
    "2-1-basic-num": {
      "caption": "comparison with [ NUM-TK ] and bd for problem pp.k = NUM-TK , m = NUM-TK , nk = NUM-TK , \u2200k .",
      "sentence": [
        "comparison with [ NUM-TK ] and bd for problem pp.k = NUM-TK , m = NUM-TK , nk = NUM-TK , \u2200k ."
      ],
      "token": [
        "comparison",
        "with",
        "[",
        "NUM-TK",
        "]",
        "and",
        "bd",
        "for",
        "problem",
        "pp.k",
        "=",
        "NUM-TK",
        ",",
        "m",
        "=",
        "NUM-TK",
        ",",
        "nk",
        "=",
        "NUM-TK",
        ",",
        "\u2200k",
        "."
      ]
    },
    "2-2-advanced-euqation-bracket": {
      "caption": "comparison with BRACKET-TK and bd for problem pp.k = NUM , EQUAT-TK , EQUAT-TK , \u2200k .",
      "sentence": [
        "comparison with BRACKET-TK and bd for problem pp.k = NUM , EQUAT-TK , EQUAT-TK , \u2200k ."
      ],
      "tokens": [
        "comparison",
        "with",
        "BRACKET-TK",
        "and",
        "bd",
        "for",
        "problem",
        "pp.k",
        "=",
        "NUM",
        ",",
        "EQUAT-TK",
        ",",
        "EQUAT-TK",
        ",",
        "\u2200k",
        "."
      ]
    }
  }
}