{
  "contains-subfigure": false,
  "Img-text": [
    "R",
    "A",
    "P",
    "1/",
    "P",
    "b*T",
    "1",
    "0.9",
    "0.8",
    "0.7",
    "0.6",
    "0.5",
    "0.4",
    "0.3",
    "0.2",
    "0.1",
    "\u221210",
    "\u22128",
    "\u22126",
    "\u22124",
    "\u22122",
    "0",
    "2",
    "4",
    "6",
    "8",
    "10",
    "0"
  ],
  "paper-ID": "1003.0242v1",
  "figure-ID": "1003.0242v1-Figure4-1.png",
  "figure-type": "Graph Plot",
  "0-originally-extracted": "Fig. 4. The relation betweenbT (bT = b\u03c1P/2= c/2, as defined in Appendix A, before (60)) and 1/\u03c1 subject to (69) and (70).",
  "1-lowercase-and-token-and-remove-figure-index": {
    "caption": "the relation betweenbt ( bt = b\u03c1p/2= c/2 , as defined in appendix a , before ( 60 ) ) and 1/\u03c1 subject to ( 69 ) and ( 70 ) .",
    "sentence": [
      "the relation betweenbt ( bt = b\u03c1p/2= c/2 , as defined in appendix a , before ( 60 ) ) and 1/\u03c1 subject to ( 69 ) and ( 70 ) ."
    ],
    "token": [
      "the",
      "relation",
      "betweenbt",
      "(",
      "bt",
      "=",
      "b\u03c1p/2=",
      "c/2",
      ",",
      "as",
      "defined",
      "in",
      "appendix",
      "a",
      ",",
      "before",
      "(",
      "60",
      ")",
      ")",
      "and",
      "1/\u03c1",
      "subject",
      "to",
      "(",
      "69",
      ")",
      "and",
      "(",
      "70",
      ")",
      "."
    ]
  },
  "2-normalized": {
    "2-1-basic-num": {
      "caption": "the relation betweenbt ( bt = b\u03c1p/2= c/2 , as defined in appendix a , before ( NUM-TK ) ) and NUM-TK subject to ( NUM-TK ) and ( NUM-TK ) .",
      "sentence": [
        "the relation betweenbt ( bt = b\u03c1p/2= c/2 , as defined in appendix a , before ( NUM-TK ) ) and NUM-TK subject to ( NUM-TK ) and ( NUM-TK ) ."
      ],
      "token": [
        "the",
        "relation",
        "betweenbt",
        "(",
        "bt",
        "=",
        "b\u03c1p/2=",
        "c/2",
        ",",
        "as",
        "defined",
        "in",
        "appendix",
        "a",
        ",",
        "before",
        "(",
        "NUM-TK",
        ")",
        ")",
        "and",
        "NUM-TK",
        "subject",
        "to",
        "(",
        "NUM-TK",
        ")",
        "and",
        "(",
        "NUM-TK",
        ")",
        "."
      ]
    },
    "2-2-advanced-euqation-bracket": {
      "caption": "the relation betweenbt BRACKET-TKBRACKET-TK and NUM subject to ( NUMBRACKET-TK and ( NUMBRACKET-TK .",
      "sentence": [
        "the relation betweenbt BRACKET-TKBRACKET-TK and NUM subject to ( NUMBRACKET-TK and ( NUMBRACKET-TK ."
      ],
      "tokens": [
        "the",
        "relation",
        "betweenbt",
        "BRACKET-TKBRACKET-TK",
        "and",
        "NUM",
        "subject",
        "to",
        "(",
        "NUMBRACKET-TK",
        "and",
        "(",
        "NUMBRACKET-TK",
        "."
      ]
    }
  }
}