{
  "contains-subfigure": false,
  "Img-text": [
    "0",
    "0.5",
    "1.0",
    "1.5",
    "2.0",
    "2.5",
    "3.0",
    "3.5",
    "4.0",
    "\u03be",
    "0.2",
    "\u00b7",
    "1040",
    "0.1",
    "\u00b7",
    "1040",
    "0",
    "\u00b7",
    "1040"
  ],
  "paper-ID": "1003.2165v2",
  "figure-ID": "1003.2165v2-Figure10.1-1.png",
  "figure-type": "Graph Plot",
  "0-originally-extracted": "Figure 10.1: Absolute behavior of the estimates for \u03bakB,C \u3008\u03be\u3009 . The light gray area shows the \u03bb estimate, the dark gray area the \u03b7 estimate, and the black area (well, yes) shows the \u03ba estimate. The parameters are B = 1100 \u00b7 106, C = 237 \u2212 1, \u03b1 = ln(C)/ ln(B)\u2212 1 = 0.232 , k = 4.",
  "1-lowercase-and-token-and-remove-figure-index": {
    "caption": "absolute behavior of the estimates for \u03bakb , c \u3008\u03be\u3009 . the light gray area shows the \u03bb estimate , the dark gray area the \u03b7 estimate , and the black area ( well , yes ) shows the \u03ba estimate . the parameters are b = 1100 \u00b7 106 , c = 237 \u2212 1 , \u03b1 = ln ( c ) / ln ( b ) \u2212 1 = 0.232 , k = 4 .",
    "sentence": [
      "absolute behavior of the estimates for \u03bakb , c \u3008\u03be\u3009 .",
      "the light gray area shows the \u03bb estimate , the dark gray area the \u03b7 estimate , and the black area ( well , yes ) shows the \u03ba estimate .",
      "the parameters are b = 1100 \u00b7 106 , c = 237 \u2212 1 , \u03b1 = ln ( c ) / ln ( b ) \u2212 1 = 0.232 , k = 4 ."
    ],
    "token": [
      "absolute",
      "behavior",
      "of",
      "the",
      "estimates",
      "for",
      "\u03bakb",
      ",",
      "c",
      "\u3008\u03be\u3009",
      ".",
      "the",
      "light",
      "gray",
      "area",
      "shows",
      "the",
      "\u03bb",
      "estimate",
      ",",
      "the",
      "dark",
      "gray",
      "area",
      "the",
      "\u03b7",
      "estimate",
      ",",
      "and",
      "the",
      "black",
      "area",
      "(",
      "well",
      ",",
      "yes",
      ")",
      "shows",
      "the",
      "\u03ba",
      "estimate",
      ".",
      "the",
      "parameters",
      "are",
      "b",
      "=",
      "1100",
      "\u00b7",
      "106",
      ",",
      "c",
      "=",
      "237",
      "\u2212",
      "1",
      ",",
      "\u03b1",
      "=",
      "ln",
      "(",
      "c",
      ")",
      "/",
      "ln",
      "(",
      "b",
      ")",
      "\u2212",
      "1",
      "=",
      "0.232",
      ",",
      "k",
      "=",
      "4",
      "."
    ]
  },
  "2-normalized": {
    "2-1-basic-num": {
      "caption": "absolute behavior of the estimates for \u03bakb , c \u3008\u03be\u3009 . the light gray area shows the \u03bb estimate , the dark gray area the \u03b7 estimate , and the black area ( well , yes ) shows the \u03ba estimate . the parameters are b = NUM-TK \u00b7 NUM-TK , c = NUM-TK \u2212 NUM-TK , \u03b1 = ln ( c ) / ln ( b ) \u2212 NUM-TK = NUM-TK , k = NUM-TK .",
      "sentence": [
        "absolute behavior of the estimates for \u03bakb , c \u3008\u03be\u3009 .",
        "the light gray area shows the \u03bb estimate , the dark gray area the \u03b7 estimate , and the black area ( well , yes ) shows the \u03ba estimate .",
        "the parameters are b = NUM-TK \u00b7 NUM-TK , c = NUM-TK \u2212 NUM-TK , \u03b1 = ln ( c ) / ln ( b ) \u2212 NUM-TK = NUM-TK , k = NUM-TK ."
      ],
      "token": [
        "absolute",
        "behavior",
        "of",
        "the",
        "estimates",
        "for",
        "\u03bakb",
        ",",
        "c",
        "\u3008\u03be\u3009",
        ".",
        "the",
        "light",
        "gray",
        "area",
        "shows",
        "the",
        "\u03bb",
        "estimate",
        ",",
        "the",
        "dark",
        "gray",
        "area",
        "the",
        "\u03b7",
        "estimate",
        ",",
        "and",
        "the",
        "black",
        "area",
        "(",
        "well",
        ",",
        "yes",
        ")",
        "shows",
        "the",
        "\u03ba",
        "estimate",
        ".",
        "the",
        "parameters",
        "are",
        "b",
        "=",
        "NUM-TK",
        "\u00b7",
        "NUM-TK",
        ",",
        "c",
        "=",
        "NUM-TK",
        "\u2212",
        "NUM-TK",
        ",",
        "\u03b1",
        "=",
        "ln",
        "(",
        "c",
        ")",
        "/",
        "ln",
        "(",
        "b",
        ")",
        "\u2212",
        "NUM-TK",
        "=",
        "NUM-TK",
        ",",
        "k",
        "=",
        "NUM-TK",
        "."
      ]
    },
    "2-2-advanced-euqation-bracket": {
      "caption": "absolute behavior of the estimates for \u03bakb , c \u3008\u03be\u3009 . the light gray area shows the \u03bb estimate , the dark gray area the \u03b7 estimate , and the black area BRACKET-TK shows the \u03ba estimate . the parameters are EQUAT-TK \u00b7 NUM , EQUAT-TK \u2212 NUM , \u03b1 = ln BRACKET-TK / ln BRACKET-TK \u2212 NUM = NUM , EQUAT-TK .",
      "sentence": [
        "absolute behavior of the estimates for \u03bakb , c \u3008\u03be\u3009 .",
        "the light gray area shows the \u03bb estimate , the dark gray area the \u03b7 estimate , and the black area BRACKET-TK shows the \u03ba estimate .",
        "the parameters are EQUAT-TK \u00b7 NUM , EQUAT-TK \u2212 NUM , \u03b1 = ln BRACKET-TK / ln BRACKET-TK \u2212 NUM = NUM , EQUAT-TK ."
      ],
      "tokens": [
        "absolute",
        "behavior",
        "of",
        "the",
        "estimates",
        "for",
        "\u03bakb",
        ",",
        "c",
        "\u3008\u03be\u3009",
        ".",
        "the",
        "light",
        "gray",
        "area",
        "shows",
        "the",
        "\u03bb",
        "estimate",
        ",",
        "the",
        "dark",
        "gray",
        "area",
        "the",
        "\u03b7",
        "estimate",
        ",",
        "and",
        "the",
        "black",
        "area",
        "BRACKET-TK",
        "shows",
        "the",
        "\u03ba",
        "estimate",
        ".",
        "the",
        "parameters",
        "are",
        "EQUAT-TK",
        "\u00b7",
        "NUM",
        ",",
        "EQUAT-TK",
        "\u2212",
        "NUM",
        ",",
        "\u03b1",
        "=",
        "ln",
        "BRACKET-TK",
        "/",
        "ln",
        "BRACKET-TK",
        "\u2212",
        "NUM",
        "=",
        "NUM",
        ",",
        "EQUAT-TK",
        "."
      ]
    }
  }
}