{
  "contains-subfigure": false,
  "Img-text": [
    "0",
    "1",
    "2",
    "3",
    "4",
    "1",
    "0",
    "0",
    "0.5",
    "1.0",
    "1.5",
    "2.0",
    "2.5",
    "3.0",
    "3.5",
    "4.0",
    "\u03be",
    "0",
    "0.01",
    "0.02",
    "0.03",
    "0.04",
    "0.05",
    "0.06",
    "0.07",
    "0.08",
    "0.09",
    "0.10"
  ],
  "paper-ID": "1003.2165v2",
  "figure-ID": "1003.2165v2-Figure10.3-1.png",
  "figure-type": "Graph Plot",
  "0-originally-extracted": "Figure 10.3: Errors of the various estimates relative to \u03ba\u0303kB,C . Parameters are as in Figure 10.1.",
  "1-lowercase-and-token-and-remove-figure-index": {
    "caption": "errors of the various estimates relative to \u03ba\u0303kb , c . parameters are as in figure 10.1 .",
    "sentence": [
      "errors of the various estimates relative to \u03ba\u0303kb , c .",
      "parameters are as in figure 10.1 ."
    ],
    "token": [
      "errors",
      "of",
      "the",
      "various",
      "estimates",
      "relative",
      "to",
      "\u03ba\u0303kb",
      ",",
      "c",
      ".",
      "parameters",
      "are",
      "as",
      "in",
      "figure",
      "10.1",
      "."
    ]
  },
  "2-normalized": {
    "2-1-basic-num": {
      "caption": "errors of the various estimates relative to \u03ba\u0303kb , c . parameters are as in figure NUM-TK .",
      "sentence": [
        "errors of the various estimates relative to \u03ba\u0303kb , c .",
        "parameters are as in figure NUM-TK ."
      ],
      "token": [
        "errors",
        "of",
        "the",
        "various",
        "estimates",
        "relative",
        "to",
        "\u03ba\u0303kb",
        ",",
        "c",
        ".",
        "parameters",
        "are",
        "as",
        "in",
        "figure",
        "NUM-TK",
        "."
      ]
    },
    "2-2-advanced-euqation-bracket": {
      "caption": "errors of the various estimates relative to \u03ba\u0303kb , c . parameters are as in figure NUM .",
      "sentence": [
        "errors of the various estimates relative to \u03ba\u0303kb , c .",
        "parameters are as in figure NUM ."
      ],
      "tokens": [
        "errors",
        "of",
        "the",
        "various",
        "estimates",
        "relative",
        "to",
        "\u03ba\u0303kb",
        ",",
        "c",
        ".",
        "parameters",
        "are",
        "as",
        "in",
        "figure",
        "NUM",
        "."
      ]
    }
  }
}