{
  "contains-subfigure": false,
  "Img-text": [],
  "paper-ID": "1003.1515v1",
  "figure-ID": "1003.1515v1-Figure8-1.png",
  "figure-type": "Graph Plot",
  "0-originally-extracted": "Figure 8: Malicious Node Detection Rate",
  "1-lowercase-and-token-and-remove-figure-index": {
    "caption": "malicious node detection rate .",
    "sentence": [
      "malicious node detection rate ."
    ],
    "token": [
      "malicious",
      "node",
      "detection",
      "rate",
      "."
    ]
  },
  "2-normalized": {
    "2-1-basic-num": {
      "caption": "malicious node detection rate .",
      "sentence": [
        "malicious node detection rate ."
      ],
      "token": [
        "malicious",
        "node",
        "detection",
        "rate",
        "."
      ]
    },
    "2-2-advanced-euqation-bracket": {
      "caption": "malicious node detection rate .",
      "sentence": [
        "malicious node detection rate ."
      ],
      "tokens": [
        "malicious",
        "node",
        "detection",
        "rate",
        "."
      ]
    }
  }
}