{
  "contains-subfigure": false,
  "Img-text": [
    "z",
    "y",
    "xK",
    "x2",
    "x1",
    "b",
    "b",
    "b",
    "HK,e",
    "H",
    "2,e",
    "H",
    "1",
    ",e",
    "H",
    "K",
    "H2",
    "|",
    "2",
    "H1"
  ],
  "paper-ID": "1003.0729v1",
  "figure-ID": "1003.0729v1-Figure1-1.png",
  "figure-type": "Graph Plot",
  "0-originally-extracted": "Fig. 1. SecureK-user Gaussian MIMO Multiple-Access-Channel",
  "1-lowercase-and-token-and-remove-figure-index": {
    "caption": "securek-user gaussian mimo multiple-access-channel .",
    "sentence": [
      "securek-user gaussian mimo multiple-access-channel ."
    ],
    "token": [
      "securek-user",
      "gaussian",
      "mimo",
      "multiple-access-channel",
      "."
    ]
  },
  "2-normalized": {
    "2-1-basic-num": {
      "caption": "securek-user gaussian mimo multiple-access-channel .",
      "sentence": [
        "securek-user gaussian mimo multiple-access-channel ."
      ],
      "token": [
        "securek-user",
        "gaussian",
        "mimo",
        "multiple-access-channel",
        "."
      ]
    },
    "2-2-advanced-euqation-bracket": {
      "caption": "securek-user gaussian mimo multiple-access-channel .",
      "sentence": [
        "securek-user gaussian mimo multiple-access-channel ."
      ],
      "tokens": [
        "securek-user",
        "gaussian",
        "mimo",
        "multiple-access-channel",
        "."
      ]
    }
  }
}