{
  "contains-subfigure": false,
  "Img-text": [
    "ulab=1000",
    "ulab=100",
    "ulab=25",
    "ulab=0",
    "y",
    "ur",
    "ac",
    "A",
    "cc",
    "Lambda",
    "80",
    "78",
    "76",
    "74",
    "72",
    "70",
    "68",
    "66",
    "64",
    "62",
    "0.1",
    "0.2",
    "0.3",
    "0.4",
    "0.5",
    "0.6",
    "0.7",
    "0.8",
    "0.9",
    "60"
  ],
  "paper-ID": "1003.0696v1",
  "figure-ID": "1003.0696v1-Figure2-1.png",
  "figure-type": "Graph Plot",
  "0-originally-extracted": "Figure 2: Results for sraa dataset for different number of unlabeled examples. Number of labeled examples=10.",
  "1-lowercase-and-token-and-remove-figure-index": {
    "caption": "results for sraa dataset for different number of unlabeled examples . number of labeled examples=10 .",
    "sentence": [
      "results for sraa dataset for different number of unlabeled examples .",
      "number of labeled examples=10 ."
    ],
    "token": [
      "results",
      "for",
      "sraa",
      "dataset",
      "for",
      "different",
      "number",
      "of",
      "unlabeled",
      "examples",
      ".",
      "number",
      "of",
      "labeled",
      "examples=10",
      "."
    ]
  },
  "2-normalized": {
    "2-1-basic-num": {
      "caption": "results for sraa dataset for different number of unlabeled examples . number of labeled examples=10 .",
      "sentence": [
        "results for sraa dataset for different number of unlabeled examples .",
        "number of labeled examples=10 ."
      ],
      "token": [
        "results",
        "for",
        "sraa",
        "dataset",
        "for",
        "different",
        "number",
        "of",
        "unlabeled",
        "examples",
        ".",
        "number",
        "of",
        "labeled",
        "examples=10",
        "."
      ]
    },
    "2-2-advanced-euqation-bracket": {
      "caption": "results for sraa dataset for different number of unlabeled examples . number of labeled examples=10 .",
      "sentence": [
        "results for sraa dataset for different number of unlabeled examples .",
        "number of labeled examples=10 ."
      ],
      "tokens": [
        "results",
        "for",
        "sraa",
        "dataset",
        "for",
        "different",
        "number",
        "of",
        "unlabeled",
        "examples",
        ".",
        "number",
        "of",
        "labeled",
        "examples=10",
        "."
      ]
    }
  }
}