{
  "contains-subfigure": false,
  "Img-text": [],
  "paper-ID": "1003.0931v1",
  "figure-ID": "1003.0931v1-Figure1-1.png",
  "figure-type": "Graph Plot",
  "0-originally-extracted": "FIG. 1: Example graphical determination of the h-index for a collection of articles with h = 6. The rank nearest to the intersection of the line c = p with c(p) indicates h.",
  "1-lowercase-and-token-and-remove-figure-index": {
    "caption": "example graphical determination of the h-index for a collection of articles with h = 6. the rank nearest to the intersection of the line c = p with c ( p ) indicates h .",
    "sentence": [
      "example graphical determination of the h-index for a collection of articles with h = 6. the rank nearest to the intersection of the line c = p with c ( p ) indicates h ."
    ],
    "token": [
      "example",
      "graphical",
      "determination",
      "of",
      "the",
      "h-index",
      "for",
      "a",
      "collection",
      "of",
      "articles",
      "with",
      "h",
      "=",
      "6.",
      "the",
      "rank",
      "nearest",
      "to",
      "the",
      "intersection",
      "of",
      "the",
      "line",
      "c",
      "=",
      "p",
      "with",
      "c",
      "(",
      "p",
      ")",
      "indicates",
      "h",
      "."
    ]
  },
  "2-normalized": {
    "2-1-basic-num": {
      "caption": "example graphical determination of the h-index for a collection of articles with h = NUM-TK the rank nearest to the intersection of the line c = p with c ( p ) indicates h .",
      "sentence": [
        "example graphical determination of the h-index for a collection of articles with h = NUM-TK the rank nearest to the intersection of the line c = p with c ( p ) indicates h ."
      ],
      "token": [
        "example",
        "graphical",
        "determination",
        "of",
        "the",
        "h-index",
        "for",
        "a",
        "collection",
        "of",
        "articles",
        "with",
        "h",
        "=",
        "NUM-TK",
        "the",
        "rank",
        "nearest",
        "to",
        "the",
        "intersection",
        "of",
        "the",
        "line",
        "c",
        "=",
        "p",
        "with",
        "c",
        "(",
        "p",
        ")",
        "indicates",
        "h",
        "."
      ]
    },
    "2-2-advanced-euqation-bracket": {
      "caption": "example graphical determination of the h-index for a collection of articles with EQUAT-TK the rank nearest to the intersection of the line c = p with c BRACKET-TK indicates h .",
      "sentence": [
        "example graphical determination of the h-index for a collection of articles with EQUAT-TK the rank nearest to the intersection of the line c = p with c BRACKET-TK indicates h ."
      ],
      "tokens": [
        "example",
        "graphical",
        "determination",
        "of",
        "the",
        "h-index",
        "for",
        "a",
        "collection",
        "of",
        "articles",
        "with",
        "EQUAT-TK",
        "the",
        "rank",
        "nearest",
        "to",
        "the",
        "intersection",
        "of",
        "the",
        "line",
        "c",
        "=",
        "p",
        "with",
        "c",
        "BRACKET-TK",
        "indicates",
        "h",
        "."
      ]
    }
  }
}