{
  "contains-subfigure": false,
  "Img-text": [
    "Fragments",
    "Type/Token",
    "Ratio",
    "0,25",
    "0,2",
    "0,15",
    "0,1",
    "0,05",
    "0",
    "2",
    "4",
    "6",
    "8",
    "10",
    "12",
    "0"
  ],
  "paper-ID": "1003.0337v1",
  "figure-ID": "1003.0337v1-Figure2-1.png",
  "figure-type": "Graph Plot",
  "0-originally-extracted": "Figure 2: Development of TTR in the source text of \u00abCat's Cradle\u00bb",
  "1-lowercase-and-token-and-remove-figure-index": {
    "caption": "development of ttr in the source text of \u00ab cat 's cradle \u00bb .",
    "sentence": [
      "development of ttr in the source text of \u00ab cat 's cradle \u00bb ."
    ],
    "token": [
      "development",
      "of",
      "ttr",
      "in",
      "the",
      "source",
      "text",
      "of",
      "\u00ab",
      "cat",
      "'s",
      "cradle",
      "\u00bb",
      "."
    ]
  },
  "2-normalized": {
    "2-1-basic-num": {
      "caption": "development of ttr in the source text of \u00ab cat 's cradle \u00bb .",
      "sentence": [
        "development of ttr in the source text of \u00ab cat 's cradle \u00bb ."
      ],
      "token": [
        "development",
        "of",
        "ttr",
        "in",
        "the",
        "source",
        "text",
        "of",
        "\u00ab",
        "cat",
        "'s",
        "cradle",
        "\u00bb",
        "."
      ]
    },
    "2-2-advanced-euqation-bracket": {
      "caption": "development of ttr in the source text of \u00ab cat 's cradle \u00bb .",
      "sentence": [
        "development of ttr in the source text of \u00ab cat 's cradle \u00bb ."
      ],
      "tokens": [
        "development",
        "of",
        "ttr",
        "in",
        "the",
        "source",
        "text",
        "of",
        "\u00ab",
        "cat",
        "'s",
        "cradle",
        "\u00bb",
        "."
      ]
    }
  }
}