{
  "contains-subfigure": false,
  "Img-text": [
    "Terminal",
    "Cost",
    "C=10",
    "Terminal",
    "Cost",
    "C=50",
    "Terminal",
    "Cost",
    "C=200",
    "NTC(d)",
    "n",
    "it",
    "d",
    "e",
    "U",
    "T",
    "im",
    "d",
    "p",
    "er",
    "it",
    "te",
    "n",
    "sm",
    "s",
    "T",
    "ra",
    "n",
    "it",
    "a",
    "U",
    "D",
    "at",
    "0.4",
    "0.35",
    "0.3",
    "0.25",
    "0.2",
    "0.15",
    "0.1",
    "0.05",
    "0",
    "0.2",
    "0.4",
    "0.6",
    "0.8",
    "1",
    "0"
  ],
  "paper-ID": "1003.0054v1",
  "figure-ID": "1003.0054v1-Figure9-1.png",
  "figure-type": "Graph Plot",
  "0-originally-extracted": "Fig. 9. Comparison of the performance of ACK/NAK schedulersformulated with different terminal costsC. Here \u01eb1 = 0.2, \u01eb2 = 0.8, p21 = 0.1 andp12 = 0.2.",
  "1-lowercase-and-token-and-remove-figure-index": {
    "caption": "comparison of the performance of ack/nak schedulersformulated with different terminal costsc . here \u01eb1 = 0.2 , \u01eb2 = 0.8 , p21 = 0.1 andp12 = 0.2 .",
    "sentence": [
      "comparison of the performance of ack/nak schedulersformulated with different terminal costsc .",
      "here \u01eb1 = 0.2 , \u01eb2 = 0.8 , p21 = 0.1 andp12 = 0.2 ."
    ],
    "token": [
      "comparison",
      "of",
      "the",
      "performance",
      "of",
      "ack/nak",
      "schedulersformulated",
      "with",
      "different",
      "terminal",
      "costsc",
      ".",
      "here",
      "\u01eb1",
      "=",
      "0.2",
      ",",
      "\u01eb2",
      "=",
      "0.8",
      ",",
      "p21",
      "=",
      "0.1",
      "andp12",
      "=",
      "0.2",
      "."
    ]
  },
  "2-normalized": {
    "2-1-basic-num": {
      "caption": "comparison of the performance of ack/nak schedulersformulated with different terminal costsc . here \u01eb1 = NUM-TK , \u01eb2 = NUM-TK , p21 = NUM-TK andp12 = NUM-TK .",
      "sentence": [
        "comparison of the performance of ack/nak schedulersformulated with different terminal costsc .",
        "here \u01eb1 = NUM-TK , \u01eb2 = NUM-TK , p21 = NUM-TK andp12 = NUM-TK ."
      ],
      "token": [
        "comparison",
        "of",
        "the",
        "performance",
        "of",
        "ack/nak",
        "schedulersformulated",
        "with",
        "different",
        "terminal",
        "costsc",
        ".",
        "here",
        "\u01eb1",
        "=",
        "NUM-TK",
        ",",
        "\u01eb2",
        "=",
        "NUM-TK",
        ",",
        "p21",
        "=",
        "NUM-TK",
        "andp12",
        "=",
        "NUM-TK",
        "."
      ]
    },
    "2-2-advanced-euqation-bracket": {
      "caption": "comparison of the performance of ack/nak schedulersformulated with different terminal costsc . here \u01eb1 = NUM , \u01eb2 = NUM , p21 = NUM andp12 = NUM .",
      "sentence": [
        "comparison of the performance of ack/nak schedulersformulated with different terminal costsc .",
        "here \u01eb1 = NUM , \u01eb2 = NUM , p21 = NUM andp12 = NUM ."
      ],
      "tokens": [
        "comparison",
        "of",
        "the",
        "performance",
        "of",
        "ack/nak",
        "schedulersformulated",
        "with",
        "different",
        "terminal",
        "costsc",
        ".",
        "here",
        "\u01eb1",
        "=",
        "NUM",
        ",",
        "\u01eb2",
        "=",
        "NUM",
        ",",
        "p21",
        "=",
        "NUM",
        "andp12",
        "=",
        "NUM",
        "."
      ]
    }
  }
}