{
  "contains-subfigure": false,
  "Img-text": [
    "Channel",
    "Capacity",
    "(Non-Causal",
    "Perfect",
    "CSI)",
    "Channel",
    "Capacity",
    "(Causal",
    "Perfect",
    "CSI)",
    "Channel",
    "Capacity",
    "(ACK/NAK)",
    "DP",
    "Scheduler",
    "(Non-Causal",
    "Perfect",
    "CSI)",
    "DP",
    "Scheduler",
    "(Causal",
    "Perfect",
    "CSI)",
    "DP",
    "Scheduler",
    "(ACK/NAK)",
    "Blind",
    "Scheme",
    "e",
    "d",
    "T",
    "im",
    "U",
    "n",
    "it",
    "d",
    "p",
    "er",
    "it",
    "te",
    "n",
    "sm",
    "s",
    "T",
    "ra",
    "n",
    "it",
    "a",
    "U",
    "D",
    "at",
    "NTC(d)/P",
    "0.4",
    "0.35",
    "0.3",
    "0.25",
    "0.2",
    "0.15",
    "0.1",
    "0.05",
    "0",
    "0.2",
    "0.4",
    "0.6",
    "0.8",
    "1",
    "0"
  ],
  "paper-ID": "1003.0054v1",
  "figure-ID": "1003.0054v1-Figure6-1.png",
  "figure-type": "Graph Plot",
  "0-originally-extracted": "Fig. 6. Comparison of the energy efficiency performance of various schemes with their theoretical bounds for 3-state Markov channel. Herep12 = 0.025, p13 = 0.075, p21 = 0.075, p23 = 0.05, p31 = 0.05 and p32 = 0.05. The loss probabilities are \u01eb1 = 0.2, \u01eb2 = 0.85 and \u01eb3 = 0.95.",
  "1-lowercase-and-token-and-remove-figure-index": {
    "caption": "comparison of the energy efficiency performance of various schemes with their theoretical bounds for 3-state markov channel . herep12 = 0.025 , p13 = 0.075 , p21 = 0.075 , p23 = 0.05 , p31 = 0.05 and p32 = 0.05. the loss probabilities are \u01eb1 = 0.2 , \u01eb2 = 0.85 and \u01eb3 = 0.95 .",
    "sentence": [
      "comparison of the energy efficiency performance of various schemes with their theoretical bounds for 3-state markov channel .",
      "herep12 = 0.025 , p13 = 0.075 , p21 = 0.075 , p23 = 0.05 , p31 = 0.05 and p32 = 0.05. the loss probabilities are \u01eb1 = 0.2 , \u01eb2 = 0.85 and \u01eb3 = 0.95 ."
    ],
    "token": [
      "comparison",
      "of",
      "the",
      "energy",
      "efficiency",
      "performance",
      "of",
      "various",
      "schemes",
      "with",
      "their",
      "theoretical",
      "bounds",
      "for",
      "3-state",
      "markov",
      "channel",
      ".",
      "herep12",
      "=",
      "0.025",
      ",",
      "p13",
      "=",
      "0.075",
      ",",
      "p21",
      "=",
      "0.075",
      ",",
      "p23",
      "=",
      "0.05",
      ",",
      "p31",
      "=",
      "0.05",
      "and",
      "p32",
      "=",
      "0.05.",
      "the",
      "loss",
      "probabilities",
      "are",
      "\u01eb1",
      "=",
      "0.2",
      ",",
      "\u01eb2",
      "=",
      "0.85",
      "and",
      "\u01eb3",
      "=",
      "0.95",
      "."
    ]
  },
  "2-normalized": {
    "2-1-basic-num": {
      "caption": "comparison of the energy efficiency performance of various schemes with their theoretical bounds for 3-state markov channel . herep12 = NUM-TK , p13 = NUM-TK , p21 = NUM-TK , p23 = NUM-TK , p31 = NUM-TK and p32 = NUM-TK the loss probabilities are \u01eb1 = NUM-TK , \u01eb2 = NUM-TK and \u01eb3 = NUM-TK .",
      "sentence": [
        "comparison of the energy efficiency performance of various schemes with their theoretical bounds for 3-state markov channel .",
        "herep12 = NUM-TK , p13 = NUM-TK , p21 = NUM-TK , p23 = NUM-TK , p31 = NUM-TK and p32 = NUM-TK the loss probabilities are \u01eb1 = NUM-TK , \u01eb2 = NUM-TK and \u01eb3 = NUM-TK ."
      ],
      "token": [
        "comparison",
        "of",
        "the",
        "energy",
        "efficiency",
        "performance",
        "of",
        "various",
        "schemes",
        "with",
        "their",
        "theoretical",
        "bounds",
        "for",
        "3-state",
        "markov",
        "channel",
        ".",
        "herep12",
        "=",
        "NUM-TK",
        ",",
        "p13",
        "=",
        "NUM-TK",
        ",",
        "p21",
        "=",
        "NUM-TK",
        ",",
        "p23",
        "=",
        "NUM-TK",
        ",",
        "p31",
        "=",
        "NUM-TK",
        "and",
        "p32",
        "=",
        "NUM-TK",
        "the",
        "loss",
        "probabilities",
        "are",
        "\u01eb1",
        "=",
        "NUM-TK",
        ",",
        "\u01eb2",
        "=",
        "NUM-TK",
        "and",
        "\u01eb3",
        "=",
        "NUM-TK",
        "."
      ]
    },
    "2-2-advanced-euqation-bracket": {
      "caption": "comparison of the energy efficiency performance of various schemes with their theoretical bounds for 3-state markov channel . herep12 = NUM , p13 = NUM , p21 = NUM , p23 = NUM , p31 = NUM and p32 = NUM the loss probabilities are \u01eb1 = NUM , \u01eb2 = NUM and \u01eb3 = NUM .",
      "sentence": [
        "comparison of the energy efficiency performance of various schemes with their theoretical bounds for 3-state markov channel .",
        "herep12 = NUM , p13 = NUM , p21 = NUM , p23 = NUM , p31 = NUM and p32 = NUM the loss probabilities are \u01eb1 = NUM , \u01eb2 = NUM and \u01eb3 = NUM ."
      ],
      "tokens": [
        "comparison",
        "of",
        "the",
        "energy",
        "efficiency",
        "performance",
        "of",
        "various",
        "schemes",
        "with",
        "their",
        "theoretical",
        "bounds",
        "for",
        "3-state",
        "markov",
        "channel",
        ".",
        "herep12",
        "=",
        "NUM",
        ",",
        "p13",
        "=",
        "NUM",
        ",",
        "p21",
        "=",
        "NUM",
        ",",
        "p23",
        "=",
        "NUM",
        ",",
        "p31",
        "=",
        "NUM",
        "and",
        "p32",
        "=",
        "NUM",
        "the",
        "loss",
        "probabilities",
        "are",
        "\u01eb1",
        "=",
        "NUM",
        ",",
        "\u01eb2",
        "=",
        "NUM",
        "and",
        "\u01eb3",
        "=",
        "NUM",
        "."
      ]
    }
  }
}