{
  "contains-subfigure": false,
  "Img-text": [
    "Ontology",
    "based",
    "IR",
    "Keyword",
    "based",
    "IR",
    "P",
    "re",
    "ci",
    "si",
    "o",
    "n",
    "0",
    "0.1",
    "0.2",
    "0.3",
    "0.4",
    "0.5",
    "0.6",
    "0.7",
    "0.8",
    "0.9",
    "1",
    "Recall",
    "1",
    "0.8",
    "0.6",
    "0.4",
    "0",
    "0.2"
  ],
  "paper-ID": "1003.1460v1",
  "figure-ID": "1003.1460v1-Figure14-1.png",
  "figure-type": "Graph Plot",
  "0-originally-extracted": "Figure 14. Precision \u2013Recall graph for Ontology based IR and Keyword based IR",
  "1-lowercase-and-token-and-remove-figure-index": {
    "caption": "precision \u2013recall graph for ontology based ir and keyword based ir .",
    "sentence": [
      "precision \u2013recall graph for ontology based ir and keyword based ir ."
    ],
    "token": [
      "precision",
      "\u2013recall",
      "graph",
      "for",
      "ontology",
      "based",
      "ir",
      "and",
      "keyword",
      "based",
      "ir",
      "."
    ]
  },
  "2-normalized": {
    "2-1-basic-num": {
      "caption": "precision \u2013recall graph for ontology based ir and keyword based ir .",
      "sentence": [
        "precision \u2013recall graph for ontology based ir and keyword based ir ."
      ],
      "token": [
        "precision",
        "\u2013recall",
        "graph",
        "for",
        "ontology",
        "based",
        "ir",
        "and",
        "keyword",
        "based",
        "ir",
        "."
      ]
    },
    "2-2-advanced-euqation-bracket": {
      "caption": "precision \u2013recall graph for ontology based ir and keyword based ir .",
      "sentence": [
        "precision \u2013recall graph for ontology based ir and keyword based ir ."
      ],
      "tokens": [
        "precision",
        "\u2013recall",
        "graph",
        "for",
        "ontology",
        "based",
        "ir",
        "and",
        "keyword",
        "based",
        "ir",
        "."
      ]
    }
  }
}