{
  "contains-subfigure": false,
  "Img-text": [
    "CVX/SDPT3",
    "CVX/SeDuMi",
    "Our",
    "method",
    "ds",
    ")",
    "ec",
    "on",
    "e",
    "(s",
    "l",
    "t",
    "im",
    "tio",
    "na",
    "pu",
    "ta",
    "C",
    "om",
    "Dimension",
    "10",
    "3",
    "10",
    "2",
    "10",
    "1",
    "10",
    "0",
    "\u22121",
    "20",
    "30",
    "40",
    "50",
    "60",
    "70",
    "80",
    "90",
    "100",
    "10"
  ],
  "paper-ID": "1003.0487v1",
  "figure-ID": "1003.0487v1-Figure2-1.png",
  "figure-type": "Graph Plot",
  "0-originally-extracted": "Fig. 2. Computational time versus the dimensionality of feature vectors.",
  "1-lowercase-and-token-and-remove-figure-index": {
    "caption": "computational time versus the dimensionality of feature vectors .",
    "sentence": [
      "computational time versus the dimensionality of feature vectors ."
    ],
    "token": [
      "computational",
      "time",
      "versus",
      "the",
      "dimensionality",
      "of",
      "feature",
      "vectors",
      "."
    ]
  },
  "2-normalized": {
    "2-1-basic-num": {
      "caption": "computational time versus the dimensionality of feature vectors .",
      "sentence": [
        "computational time versus the dimensionality of feature vectors ."
      ],
      "token": [
        "computational",
        "time",
        "versus",
        "the",
        "dimensionality",
        "of",
        "feature",
        "vectors",
        "."
      ]
    },
    "2-2-advanced-euqation-bracket": {
      "caption": "computational time versus the dimensionality of feature vectors .",
      "sentence": [
        "computational time versus the dimensionality of feature vectors ."
      ],
      "tokens": [
        "computational",
        "time",
        "versus",
        "the",
        "dimensionality",
        "of",
        "feature",
        "vectors",
        "."
      ]
    }
  }
}