{
  "contains-subfigure": false,
  "Img-text": [
    "L2",
    "CSR",
    "L2",
    "CSRC",
    "TLB",
    "CSR",
    "TLB",
    "CSRC",
    "%",
    ")",
    "is",
    "s",
    "(",
    "B",
    "m",
    "T",
    "L",
    "%",
    ")",
    "is",
    "s",
    "(",
    "ta",
    "m",
    "d",
    "a",
    "L",
    "2",
    "0.5",
    "0.4",
    "0.3",
    "0.2",
    "0.1",
    "0",
    "c",
    "e",
    "r",
    "a",
    "u",
    "d",
    "ik",
    "w",
    "_",
    "1",
    "c",
    "u",
    "b",
    "e",
    "2",
    "m",
    "c",
    "a",
    "g",
    "e",
    "1",
    "5",
    "tr",
    "a",
    "F",
    "1",
    "a",
    "l",
    "_",
    "d",
    "K",
    "G",
    "a",
    "3",
    "A",
    "s",
    "3",
    "H",
    "1",
    "2",
    "x",
    "e",
    "n",
    "o",
    "n",
    "2",
    "tm",
    "t_",
    "s",
    "y",
    "m",
    "C",
    "O",
    "tm",
    "t_",
    "u",
    "n",
    "s",
    "y",
    "m",
    "c",
    "ra",
    "n",
    "k",
    "s",
    "e",
    "g",
    "_",
    "1",
    "S",
    "iO",
    "2",
    "b",
    "m",
    "w",
    "3",
    "_",
    "2",
    "a",
    "f_",
    "0",
    "_",
    "k",
    "1",
    "0",
    "1",
    "a",
    "n",
    "g",
    "ic",
    "c",
    "h",
    "m",
    "e",
    "rm",
    "o",
    "th",
    "e",
    "rm",
    "a",
    "l",
    "e",
    "x",
    "3",
    "7",
    "fl",
    "o",
    "w",
    "m",
    "e",
    "te",
    "r5",
    "p",
    "is",
    "to",
    "n",
    "S",
    "iN",
    "a",
    "b",
    "e",
    "n",
    "z",
    "e",
    "n",
    "e",
    "c",
    "a",
    "g",
    "e",
    "1",
    "0",
    "s",
    "p",
    "m",
    "s",
    "rt",
    "ls",
    "to",
    "rs",
    "io",
    "n",
    "1",
    "m",
    "in",
    "s",
    "u",
    "rf",
    "o",
    "w",
    "a",
    "n",
    "g",
    "4",
    "c",
    "h",
    "e",
    "m",
    "_",
    "m",
    "a",
    "s",
    "te",
    "r1",
    "d",
    "ix",
    "m",
    "a",
    "a",
    "n",
    "l",
    "c",
    "h",
    "ip",
    "c",
    "o",
    "o",
    "l1",
    "t3",
    "d",
    "l",
    "p",
    "o",
    "is",
    "s",
    "o",
    "n",
    "3",
    "D",
    "a",
    "k",
    "3",
    "p",
    "la",
    "te",
    "s",
    "g",
    "ri",
    "d",
    "g",
    "e",
    "n",
    "a",
    "c",
    "b",
    "u",
    "c",
    "k",
    "le",
    "b",
    "c",
    "ir",
    "c",
    "u",
    "it",
    "a",
    "n",
    "g",
    "ic",
    "a",
    "l_",
    "n",
    "3",
    "2",
    "a",
    "n",
    "g",
    "ic",
    "a",
    "l_",
    "o",
    "3",
    "2",
    "tr",
    "a",
    "c",
    "e",
    "r_",
    "n",
    "3",
    "2",
    "tr",
    "a",
    "c",
    "e",
    "r_",
    "o",
    "3",
    "2",
    "c",
    "ry",
    "s",
    "tk",
    "0",
    "2",
    "o",
    "la",
    "fu",
    "g",
    "y",
    "ro",
    "d",
    "a",
    "w",
    "s",
    "o",
    "n",
    "5",
    "A",
    "S",
    "IC",
    "_",
    "1",
    "0",
    "0",
    "k",
    "s",
    "b",
    "c",
    "s",
    "s",
    "tk",
    "3",
    "5",
    "d",
    "e",
    "n",
    "s",
    "e",
    "_",
    "1",
    "0",
    "0",
    "0",
    "s",
    "p",
    "a",
    "rs",
    "in",
    "e",
    "c",
    "ry",
    "s",
    "tk",
    "0",
    "3",
    "e",
    "x",
    "1",
    "1",
    "2",
    "c",
    "u",
    "b",
    "e",
    "s",
    "_",
    "s",
    "p",
    "h",
    "e",
    "re",
    "x",
    "e",
    "n",
    "o",
    "n",
    "1",
    "ra",
    "e",
    "fs",
    "k",
    "y",
    "3",
    "c",
    "u",
    "b",
    "e",
    "2",
    "m",
    "_",
    "o",
    "3",
    "2",
    "n",
    "a",
    "s",
    "a",
    "s",
    "rb",
    "c",
    "u",
    "b",
    "e",
    "2",
    "m",
    "_",
    "n",
    "3",
    "2",
    "v",
    "e",
    "n",
    "k",
    "a",
    "t0",
    "1",
    "fi",
    "lt",
    "e",
    "r3",
    "D",
    "a",
    "p",
    "p",
    "u",
    "p",
    "o",
    "is",
    "s",
    "o",
    "n",
    "3",
    "D",
    "b",
    "th",
    "e",
    "50",
    "45",
    "40",
    "35",
    "30",
    "25",
    "20",
    "15",
    "10",
    "5",
    "0"
  ],
  "paper-ID": "1003.0952v3",
  "figure-ID": "1003.0952v3-Figure4-1.png",
  "figure-type": "Graph Plot",
  "0-originally-extracted": "Figure 4: Percentages of L2 and TLB cache misses using CSRC and CSR on the Wolfdale processor.",
  "1-lowercase-and-token-and-remove-figure-index": {
    "caption": "percentages of l2 and tlb cache misses using csrc and csr on the wolfdale processor .",
    "sentence": [
      "percentages of l2 and tlb cache misses using csrc and csr on the wolfdale processor ."
    ],
    "token": [
      "percentages",
      "of",
      "l2",
      "and",
      "tlb",
      "cache",
      "misses",
      "using",
      "csrc",
      "and",
      "csr",
      "on",
      "the",
      "wolfdale",
      "processor",
      "."
    ]
  },
  "2-normalized": {
    "2-1-basic-num": {
      "caption": "percentages of l2 and tlb cache misses using csrc and csr on the wolfdale processor .",
      "sentence": [
        "percentages of l2 and tlb cache misses using csrc and csr on the wolfdale processor ."
      ],
      "token": [
        "percentages",
        "of",
        "l2",
        "and",
        "tlb",
        "cache",
        "misses",
        "using",
        "csrc",
        "and",
        "csr",
        "on",
        "the",
        "wolfdale",
        "processor",
        "."
      ]
    },
    "2-2-advanced-euqation-bracket": {
      "caption": "percentages of l2 and tlb cache misses using csrc and csr on the wolfdale processor .",
      "sentence": [
        "percentages of l2 and tlb cache misses using csrc and csr on the wolfdale processor ."
      ],
      "tokens": [
        "percentages",
        "of",
        "l2",
        "and",
        "tlb",
        "cache",
        "misses",
        "using",
        "csrc",
        "and",
        "csr",
        "on",
        "the",
        "wolfdale",
        "processor",
        "."
      ]
    }
  }
}