{
  "contains-subfigure": false,
  "Img-text": [
    "Sphere",
    "Decoding",
    "Klein,",
    "G=6",
    "dB",
    "Klein,",
    "G=3",
    "dB",
    "Babai",
    "ps",
    "F",
    "lo",
    "Dimension",
    "10",
    "9",
    "10",
    "8",
    "10",
    "7",
    "10",
    "6",
    "10",
    "5",
    "10",
    "4",
    "3",
    "4",
    "5",
    "6",
    "7",
    "8",
    "9",
    "10",
    "11",
    "12",
    "10"
  ],
  "paper-ID": "1003.0064v2",
  "figure-ID": "1003.0064v2-Figure8-1.png",
  "figure-type": "Graph Plot",
  "0-originally-extracted": "Fig. 8. Average number of floating-point operations for uncoded MIMO at average SNR per bit = 17 dB. Dimensionn = 2nT = 2nR.",
  "1-lowercase-and-token-and-remove-figure-index": {
    "caption": "average number of floating-point operations for uncoded mimo at average snr per bit = 17 db . dimensionn = 2nt = 2nr .",
    "sentence": [
      "average number of floating-point operations for uncoded mimo at average snr per bit = 17 db .",
      "dimensionn = 2nt = 2nr ."
    ],
    "token": [
      "average",
      "number",
      "of",
      "floating-point",
      "operations",
      "for",
      "uncoded",
      "mimo",
      "at",
      "average",
      "snr",
      "per",
      "bit",
      "=",
      "17",
      "db",
      ".",
      "dimensionn",
      "=",
      "2nt",
      "=",
      "2nr",
      "."
    ]
  },
  "2-normalized": {
    "2-1-basic-num": {
      "caption": "average number of floating-point operations for uncoded mimo at average snr per bit = NUM-TK db . dimensionn = NUM-TK = NUM-TK .",
      "sentence": [
        "average number of floating-point operations for uncoded mimo at average snr per bit = NUM-TK db .",
        "dimensionn = NUM-TK = NUM-TK ."
      ],
      "token": [
        "average",
        "number",
        "of",
        "floating-point",
        "operations",
        "for",
        "uncoded",
        "mimo",
        "at",
        "average",
        "snr",
        "per",
        "bit",
        "=",
        "NUM-TK",
        "db",
        ".",
        "dimensionn",
        "=",
        "NUM-TK",
        "=",
        "NUM-TK",
        "."
      ]
    },
    "2-2-advanced-euqation-bracket": {
      "caption": "average number of floating-point operations for uncoded mimo at average snr per EQUAT-TK db . EQUAT-TK = NUM .",
      "sentence": [
        "average number of floating-point operations for uncoded mimo at average snr per EQUAT-TK db .",
        "EQUAT-TK = NUM ."
      ],
      "tokens": [
        "average",
        "number",
        "of",
        "floating-point",
        "operations",
        "for",
        "uncoded",
        "mimo",
        "at",
        "average",
        "snr",
        "per",
        "EQUAT-TK",
        "db",
        ".",
        "EQUAT-TK",
        "=",
        "NUM",
        "."
      ]
    }
  }
}