{
  "contains-subfigure": false,
  "Img-text": [
    "Direct",
    "link",
    "Half\u2212duplex",
    "CF",
    "with",
    "time",
    "sharing",
    "Half\u2212duplex",
    "lower",
    "bound",
    "bi",
    "t",
    "pe",
    "r",
    "rg",
    "y",
    "e",
    "ne",
    "im",
    "um",
    "M",
    "in",
    "d",
    "1.5",
    "1",
    "0.5",
    "0.1",
    "0.2",
    "0.3",
    "0.4",
    "0.5",
    "0.6",
    "0.7",
    "0.8",
    "0.9",
    "1",
    "0"
  ],
  "paper-ID": "1003.0735v1",
  "figure-ID": "1003.0735v1-Figure5-1.png",
  "figure-type": "Graph Plot",
  "0-originally-extracted": "Fig. 5. The bounds on the minimum energy per bit under half-duplex mode",
  "1-lowercase-and-token-and-remove-figure-index": {
    "caption": "the bounds on the minimum energy per bit under half-duplex mode .",
    "sentence": [
      "the bounds on the minimum energy per bit under half-duplex mode ."
    ],
    "token": [
      "the",
      "bounds",
      "on",
      "the",
      "minimum",
      "energy",
      "per",
      "bit",
      "under",
      "half-duplex",
      "mode",
      "."
    ]
  },
  "2-normalized": {
    "2-1-basic-num": {
      "caption": "the bounds on the minimum energy per bit under half-duplex mode .",
      "sentence": [
        "the bounds on the minimum energy per bit under half-duplex mode ."
      ],
      "token": [
        "the",
        "bounds",
        "on",
        "the",
        "minimum",
        "energy",
        "per",
        "bit",
        "under",
        "half-duplex",
        "mode",
        "."
      ]
    },
    "2-2-advanced-euqation-bracket": {
      "caption": "the bounds on the minimum energy per bit under half-duplex mode .",
      "sentence": [
        "the bounds on the minimum energy per bit under half-duplex mode ."
      ],
      "tokens": [
        "the",
        "bounds",
        "on",
        "the",
        "minimum",
        "energy",
        "per",
        "bit",
        "under",
        "half-duplex",
        "mode",
        "."
      ]
    }
  }
}