{
  "contains-subfigure": false,
  "Img-text": [
    "Text",
    "growing",
    "in",
    "chapters",
    "Source",
    "TTR",
    "Translation",
    "TTR",
    "0,45",
    "0,5",
    "0,35",
    "0,4",
    "0,25",
    "0,3",
    "0,15",
    "0,2",
    "0,05",
    "0,1",
    "0",
    "2",
    "4",
    "6",
    "8",
    "10",
    "12",
    "0"
  ],
  "paper-ID": "1003.0337v1",
  "figure-ID": "1003.0337v1-Figure3-1.png",
  "figure-type": "Graph Plot",
  "0-originally-extracted": "Figure 3: Types/tokens ratio for source and translation of\u00abSlaughter-House Five\u00bb",
  "1-lowercase-and-token-and-remove-figure-index": {
    "caption": "types/tokens ratio for source and translation of \u00ab slaughter-house five \u00bb .",
    "sentence": [
      "types/tokens ratio for source and translation of \u00ab slaughter-house five \u00bb ."
    ],
    "token": [
      "types/tokens",
      "ratio",
      "for",
      "source",
      "and",
      "translation",
      "of",
      "\u00ab",
      "slaughter-house",
      "five",
      "\u00bb",
      "."
    ]
  },
  "2-normalized": {
    "2-1-basic-num": {
      "caption": "types/tokens ratio for source and translation of \u00ab slaughter-house NUM-TK \u00bb .",
      "sentence": [
        "types/tokens ratio for source and translation of \u00ab slaughter-house NUM-TK \u00bb ."
      ],
      "token": [
        "types/tokens",
        "ratio",
        "for",
        "source",
        "and",
        "translation",
        "of",
        "\u00ab",
        "slaughter-house",
        "NUM-TK",
        "\u00bb",
        "."
      ]
    },
    "2-2-advanced-euqation-bracket": {
      "caption": "types/tokens ratio for source and translation of \u00ab slaughter-house NUM \u00bb .",
      "sentence": [
        "types/tokens ratio for source and translation of \u00ab slaughter-house NUM \u00bb ."
      ],
      "tokens": [
        "types/tokens",
        "ratio",
        "for",
        "source",
        "and",
        "translation",
        "of",
        "\u00ab",
        "slaughter-house",
        "NUM",
        "\u00bb",
        "."
      ]
    }
  }
}