{
  "contains-subfigure": false,
  "Img-text": [],
  "paper-ID": "1003.1450v1",
  "figure-ID": "1003.1450v1-Figure3-1.png",
  "figure-type": "Graph Plot",
  "0-originally-extracted": "Figure 3. Minimum number of pages in session.",
  "1-lowercase-and-token-and-remove-figure-index": {
    "caption": "minimum number of pages in session .",
    "sentence": [
      "minimum number of pages in session ."
    ],
    "token": [
      "minimum",
      "number",
      "of",
      "pages",
      "in",
      "session",
      "."
    ]
  },
  "2-normalized": {
    "2-1-basic-num": {
      "caption": "minimum number of pages in session .",
      "sentence": [
        "minimum number of pages in session ."
      ],
      "token": [
        "minimum",
        "number",
        "of",
        "pages",
        "in",
        "session",
        "."
      ]
    },
    "2-2-advanced-euqation-bracket": {
      "caption": "minimum number of pages in session .",
      "sentence": [
        "minimum number of pages in session ."
      ],
      "tokens": [
        "minimum",
        "number",
        "of",
        "pages",
        "in",
        "session",
        "."
      ]
    }
  }
}