{
  "contains-subfigure": false,
  "Img-text": [
    "s[n]",
    "=",
    "\uffff",
    "f(x)\u03b2a(n)(n\u2212",
    "x)dx",
    "n\u2212",
    "a(n)/2",
    "n",
    "+",
    "a(n)/2",
    "f(x)",
    "2.5",
    "2",
    "1.5",
    "1",
    "0.5",
    "0",
    "0.5",
    "0",
    "20",
    "40",
    "60",
    "80",
    "100",
    "120",
    "140",
    "160",
    "1"
  ],
  "paper-ID": "1003.2022v2",
  "figure-ID": "1003.2022v2-Figure1-1.png",
  "figure-type": "Graph Plot",
  "0-originally-extracted": "Figure 1: Computation of the space-variant average f\u0304 [n]: The signal f(x) is first localized (hatched zone) using the shifted box function \u03b2a(n)(n\u2212x), and then the area is computed. The central idea of our algorithm is to determine this area by taking the finite-difference of the primitive of f(x).",
  "1-lowercase-and-token-and-remove-figure-index": {
    "caption": "computation of the space-variant average f\u0304 [ n ] : the signal f ( x ) is first localized ( hatched zone ) using the shifted box function \u03b2a ( n ) ( n\u2212x ) , and then the area is computed . the central idea of our algorithm is to determine this area by taking the finite-difference of the primitive of f ( x ) .",
    "sentence": [
      "computation of the space-variant average f\u0304 [ n ] : the signal f ( x ) is first localized ( hatched zone ) using the shifted box function \u03b2a ( n ) ( n\u2212x ) , and then the area is computed .",
      "the central idea of our algorithm is to determine this area by taking the finite-difference of the primitive of f ( x ) ."
    ],
    "token": [
      "computation",
      "of",
      "the",
      "space-variant",
      "average",
      "f\u0304",
      "[",
      "n",
      "]",
      ":",
      "the",
      "signal",
      "f",
      "(",
      "x",
      ")",
      "is",
      "first",
      "localized",
      "(",
      "hatched",
      "zone",
      ")",
      "using",
      "the",
      "shifted",
      "box",
      "function",
      "\u03b2a",
      "(",
      "n",
      ")",
      "(",
      "n\u2212x",
      ")",
      ",",
      "and",
      "then",
      "the",
      "area",
      "is",
      "computed",
      ".",
      "the",
      "central",
      "idea",
      "of",
      "our",
      "algorithm",
      "is",
      "to",
      "determine",
      "this",
      "area",
      "by",
      "taking",
      "the",
      "finite-difference",
      "of",
      "the",
      "primitive",
      "of",
      "f",
      "(",
      "x",
      ")",
      "."
    ]
  },
  "2-normalized": {
    "2-1-basic-num": {
      "caption": "computation of the space-variant average f\u0304 [ n ] : the signal f ( x ) is first localized ( hatched zone ) using the shifted box function \u03b2a ( n ) ( n\u2212x ) , and then the area is computed . the central idea of our algorithm is to determine this area by taking the finite-difference of the primitive of f ( x ) .",
      "sentence": [
        "computation of the space-variant average f\u0304 [ n ] : the signal f ( x ) is first localized ( hatched zone ) using the shifted box function \u03b2a ( n ) ( n\u2212x ) , and then the area is computed .",
        "the central idea of our algorithm is to determine this area by taking the finite-difference of the primitive of f ( x ) ."
      ],
      "token": [
        "computation",
        "of",
        "the",
        "space-variant",
        "average",
        "f\u0304",
        "[",
        "n",
        "]",
        ":",
        "the",
        "signal",
        "f",
        "(",
        "x",
        ")",
        "is",
        "first",
        "localized",
        "(",
        "hatched",
        "zone",
        ")",
        "using",
        "the",
        "shifted",
        "box",
        "function",
        "\u03b2a",
        "(",
        "n",
        ")",
        "(",
        "n\u2212x",
        ")",
        ",",
        "and",
        "then",
        "the",
        "area",
        "is",
        "computed",
        ".",
        "the",
        "central",
        "idea",
        "of",
        "our",
        "algorithm",
        "is",
        "to",
        "determine",
        "this",
        "area",
        "by",
        "taking",
        "the",
        "finite-difference",
        "of",
        "the",
        "primitive",
        "of",
        "f",
        "(",
        "x",
        ")",
        "."
      ]
    },
    "2-2-advanced-euqation-bracket": {
      "caption": "computation of the space-variant average f\u0304 BRACKET-TK : the signal f BRACKET-TK is first localized BRACKET-TK using the shifted box function \u03b2a BRACKET-TK BRACKET-TK , and then the area is computed . the central idea of our algorithm is to determine this area by taking the finite-difference of the primitive of f BRACKET-TK .",
      "sentence": [
        "computation of the space-variant average f\u0304 BRACKET-TK : the signal f BRACKET-TK is first localized BRACKET-TK using the shifted box function \u03b2a BRACKET-TK BRACKET-TK , and then the area is computed .",
        "the central idea of our algorithm is to determine this area by taking the finite-difference of the primitive of f BRACKET-TK ."
      ],
      "tokens": [
        "computation",
        "of",
        "the",
        "space-variant",
        "average",
        "f\u0304",
        "BRACKET-TK",
        ":",
        "the",
        "signal",
        "f",
        "BRACKET-TK",
        "is",
        "first",
        "localized",
        "BRACKET-TK",
        "using",
        "the",
        "shifted",
        "box",
        "function",
        "\u03b2a",
        "BRACKET-TK",
        "BRACKET-TK",
        ",",
        "and",
        "then",
        "the",
        "area",
        "is",
        "computed",
        ".",
        "the",
        "central",
        "idea",
        "of",
        "our",
        "algorithm",
        "is",
        "to",
        "determine",
        "this",
        "area",
        "by",
        "taking",
        "the",
        "finite-difference",
        "of",
        "the",
        "primitive",
        "of",
        "f",
        "BRACKET-TK",
        "."
      ]
    }
  }
}