{
  "contains-subfigure": false,
  "Img-text": [],
  "paper-ID": "1003.0205v1",
  "figure-ID": "1003.0205v1-Figure2-1.png",
  "figure-type": "Graph Plot",
  "0-originally-extracted": "Figure 2: Performance comparison of global fusion, FDR, and the max statistic in transform and canonical domains, for weak patterns generated according to a hidden multi-scale Ising model.",
  "1-lowercase-and-token-and-remove-figure-index": {
    "caption": "performance comparison of global fusion , fdr , and the max statistic in transform and canonical domains , for weak patterns generated according to a hidden multi-scale ising model .",
    "sentence": [
      "performance comparison of global fusion , fdr , and the max statistic in transform and canonical domains , for weak patterns generated according to a hidden multi-scale ising model ."
    ],
    "token": [
      "performance",
      "comparison",
      "of",
      "global",
      "fusion",
      ",",
      "fdr",
      ",",
      "and",
      "the",
      "max",
      "statistic",
      "in",
      "transform",
      "and",
      "canonical",
      "domains",
      ",",
      "for",
      "weak",
      "patterns",
      "generated",
      "according",
      "to",
      "a",
      "hidden",
      "multi-scale",
      "ising",
      "model",
      "."
    ]
  },
  "2-normalized": {
    "2-1-basic-num": {
      "caption": "performance comparison of global fusion , fdr , and the max statistic in transform and canonical domains , for weak patterns generated according to a hidden multi-scale ising model .",
      "sentence": [
        "performance comparison of global fusion , fdr , and the max statistic in transform and canonical domains , for weak patterns generated according to a hidden multi-scale ising model ."
      ],
      "token": [
        "performance",
        "comparison",
        "of",
        "global",
        "fusion",
        ",",
        "fdr",
        ",",
        "and",
        "the",
        "max",
        "statistic",
        "in",
        "transform",
        "and",
        "canonical",
        "domains",
        ",",
        "for",
        "weak",
        "patterns",
        "generated",
        "according",
        "to",
        "a",
        "hidden",
        "multi-scale",
        "ising",
        "model",
        "."
      ]
    },
    "2-2-advanced-euqation-bracket": {
      "caption": "performance comparison of global fusion , fdr , and the max statistic in transform and canonical domains , for weak patterns generated according to a hidden multi-scale ising model .",
      "sentence": [
        "performance comparison of global fusion , fdr , and the max statistic in transform and canonical domains , for weak patterns generated according to a hidden multi-scale ising model ."
      ],
      "tokens": [
        "performance",
        "comparison",
        "of",
        "global",
        "fusion",
        ",",
        "fdr",
        ",",
        "and",
        "the",
        "max",
        "statistic",
        "in",
        "transform",
        "and",
        "canonical",
        "domains",
        ",",
        "for",
        "weak",
        "patterns",
        "generated",
        "according",
        "to",
        "a",
        "hidden",
        "multi-scale",
        "ising",
        "model",
        "."
      ]
    }
  }
}