{
  "contains-subfigure": false,
  "Img-text": [],
  "paper-ID": "1003.0190v1",
  "figure-ID": "1003.0190v1-Figure2-1.png",
  "figure-type": "Graph Plot",
  "0-originally-extracted": "Fig. 2. Experimental (dash), normal (dash-dot) and exponential (dot) CDFs, precise testing. Direction: tt01\u21d2tt143, W =1024 bytes",
  "1-lowercase-and-token-and-remove-figure-index": {
    "caption": "experimental ( dash ) , normal ( dash-dot ) and exponential ( dot ) cdfs , precise testing . direction : tt01\u21d2tt143 , w =104 bytes .",
    "sentence": [
      "experimental ( dash ) , normal ( dash-dot ) and exponential ( dot ) cdfs , precise testing .",
      "direction : tt01\u21d2tt143 , w =104 bytes ."
    ],
    "token": [
      "experimental",
      "(",
      "dash",
      ")",
      ",",
      "normal",
      "(",
      "dash-dot",
      ")",
      "and",
      "exponential",
      "(",
      "dot",
      ")",
      "cdfs",
      ",",
      "precise",
      "testing",
      ".",
      "direction",
      ":",
      "tt01\u21d2tt143",
      ",",
      "w",
      "=104",
      "bytes",
      "."
    ]
  },
  "2-normalized": {
    "2-1-basic-num": {
      "caption": "experimental ( dash ) , normal ( dash-dot ) and exponential ( dot ) cdfs , precise testing . direction : tt01\u21d2tt143 , w =104 bytes .",
      "sentence": [
        "experimental ( dash ) , normal ( dash-dot ) and exponential ( dot ) cdfs , precise testing .",
        "direction : tt01\u21d2tt143 , w =104 bytes ."
      ],
      "token": [
        "experimental",
        "(",
        "dash",
        ")",
        ",",
        "normal",
        "(",
        "dash-dot",
        ")",
        "and",
        "exponential",
        "(",
        "dot",
        ")",
        "cdfs",
        ",",
        "precise",
        "testing",
        ".",
        "direction",
        ":",
        "tt01\u21d2tt143",
        ",",
        "w",
        "=104",
        "bytes",
        "."
      ]
    },
    "2-2-advanced-euqation-bracket": {
      "caption": "experimental BRACKET-TK , normal BRACKET-TK and exponential BRACKET-TK cdfs , precise testing . direction : tt01\u21d2tt143 , w =104 bytes .",
      "sentence": [
        "experimental BRACKET-TK , normal BRACKET-TK and exponential BRACKET-TK cdfs , precise testing .",
        "direction : tt01\u21d2tt143 , w =104 bytes ."
      ],
      "tokens": [
        "experimental",
        "BRACKET-TK",
        ",",
        "normal",
        "BRACKET-TK",
        "and",
        "exponential",
        "BRACKET-TK",
        "cdfs",
        ",",
        "precise",
        "testing",
        ".",
        "direction",
        ":",
        "tt01\u21d2tt143",
        ",",
        "w",
        "=104",
        "bytes",
        "."
      ]
    }
  }
}