{
  "contains-subfigure": false,
  "Img-text": [],
  "paper-ID": "1003.0445v1",
  "figure-ID": "1003.0445v1-Figure1-1.png",
  "figure-type": "Graph Plot",
  "0-originally-extracted": "Fig. 1. Comparison of the achieved SMG with/without masking where users construct their spreading codes on {\u22121, 1} using a uniform PMF p1 = p\u22121 = 12 . It is assumed that K = n. In case masking is applied, we have \u03b5 = 1 2 .",
  "1-lowercase-and-token-and-remove-figure-index": {
    "caption": "comparison of the achieved smg with/without masking where users construct their spreading codes on { \u2212 , } using a uniform pmf p = p\u2212 = 2 . it is assumed that k = n. in case masking is applied , we have \u03b5 = 2 .",
    "sentence": [
      "comparison of the achieved smg with/without masking where users construct their spreading codes on { \u2212 , } using a uniform pmf p = p\u2212 = 2 .",
      "it is assumed that k = n. in case masking is applied , we have \u03b5 = 2 ."
    ],
    "token": [
      "comparison",
      "of",
      "the",
      "achieved",
      "smg",
      "with/without",
      "masking",
      "where",
      "users",
      "construct",
      "their",
      "spreading",
      "codes",
      "on",
      "{",
      "\u2212",
      ",",
      "}",
      "using",
      "a",
      "uniform",
      "pmf",
      "p",
      "=",
      "p\u2212",
      "=",
      "2",
      ".",
      "it",
      "is",
      "assumed",
      "that",
      "k",
      "=",
      "n.",
      "in",
      "case",
      "masking",
      "is",
      "applied",
      ",",
      "we",
      "have",
      "\u03b5",
      "=",
      "2",
      "."
    ]
  },
  "2-normalized": {
    "2-1-basic-num": {
      "caption": "comparison of the achieved smg with/without masking where users construct their spreading codes on { \u2212 , } using a uniform pmf p = p\u2212 = NUM-TK . it is assumed that k = n. in case masking is applied , we have \u03b5 = NUM-TK .",
      "sentence": [
        "comparison of the achieved smg with/without masking where users construct their spreading codes on { \u2212 , } using a uniform pmf p = p\u2212 = NUM-TK .",
        "it is assumed that k = n. in case masking is applied , we have \u03b5 = NUM-TK ."
      ],
      "token": [
        "comparison",
        "of",
        "the",
        "achieved",
        "smg",
        "with/without",
        "masking",
        "where",
        "users",
        "construct",
        "their",
        "spreading",
        "codes",
        "on",
        "{",
        "\u2212",
        ",",
        "}",
        "using",
        "a",
        "uniform",
        "pmf",
        "p",
        "=",
        "p\u2212",
        "=",
        "NUM-TK",
        ".",
        "it",
        "is",
        "assumed",
        "that",
        "k",
        "=",
        "n.",
        "in",
        "case",
        "masking",
        "is",
        "applied",
        ",",
        "we",
        "have",
        "\u03b5",
        "=",
        "NUM-TK",
        "."
      ]
    },
    "2-2-advanced-euqation-bracket": {
      "caption": "comparison of the achieved smg with/without masking where users construct their spreading codes on BRACKET-TK using a uniform pmf p = p\u2212 = NUM . it is assumed that k = n. in case masking is applied , we have EQUAT-TK .",
      "sentence": [
        "comparison of the achieved smg with/without masking where users construct their spreading codes on BRACKET-TK using a uniform pmf p = p\u2212 = NUM .",
        "it is assumed that k = n. in case masking is applied , we have EQUAT-TK ."
      ],
      "tokens": [
        "comparison",
        "of",
        "the",
        "achieved",
        "smg",
        "with/without",
        "masking",
        "where",
        "users",
        "construct",
        "their",
        "spreading",
        "codes",
        "on",
        "BRACKET-TK",
        "using",
        "a",
        "uniform",
        "pmf",
        "p",
        "=",
        "p\u2212",
        "=",
        "NUM",
        ".",
        "it",
        "is",
        "assumed",
        "that",
        "k",
        "=",
        "n.",
        "in",
        "case",
        "masking",
        "is",
        "applied",
        ",",
        "we",
        "have",
        "EQUAT-TK",
        "."
      ]
    }
  }
}