{
  "contains-subfigure": false,
  "Img-text": [
    "ec",
    ")",
    "e",
    "(S",
    "Ti",
    "m",
    "Resolution",
    "(MP)",
    "0.3",
    "0.45",
    "0.75",
    "1",
    "2",
    "3",
    "0.8",
    "0.6",
    "0.4",
    "0.2",
    "0",
    "0.6",
    "0.4",
    "0.06",
    "0.1",
    "0.16",
    "0.21"
  ],
  "paper-ID": "1003.0645v2",
  "figure-ID": "1003.0645v2-Figure3-1.png",
  "figure-type": "Graph Plot",
  "0-originally-extracted": "Fig. 3: Computation Time with Various Resolutions",
  "1-lowercase-and-token-and-remove-figure-index": {
    "caption": "computation time with various resolutions .",
    "sentence": [
      "computation time with various resolutions ."
    ],
    "token": [
      "computation",
      "time",
      "with",
      "various",
      "resolutions",
      "."
    ]
  },
  "2-normalized": {
    "2-1-basic-num": {
      "caption": "computation time with various resolutions .",
      "sentence": [
        "computation time with various resolutions ."
      ],
      "token": [
        "computation",
        "time",
        "with",
        "various",
        "resolutions",
        "."
      ]
    },
    "2-2-advanced-euqation-bracket": {
      "caption": "computation time with various resolutions .",
      "sentence": [
        "computation time with various resolutions ."
      ],
      "tokens": [
        "computation",
        "time",
        "with",
        "various",
        "resolutions",
        "."
      ]
    }
  }
}