{
  "contains-subfigure": false,
  "Img-text": [
    "at",
    "e",
    "or",
    "R",
    "E",
    "rr",
    "B",
    "it",
    "log\u03c1",
    "0",
    "5",
    "10",
    "15",
    "20",
    "25",
    "30",
    "35",
    "40",
    "10",
    "\u22123",
    "10",
    "\u22122",
    "10",
    "\u22121",
    "10",
    "0"
  ],
  "paper-ID": "1003.0064v2",
  "figure-ID": "1003.0064v2-Figure1-1.png",
  "figure-type": "Graph Plot",
  "0-originally-extracted": "Fig. 1. BER vs.log \u03c1 for a10\u00d710 uncoded system using 64-QAM,K = 20 and SNR per bit = 19 dB.",
  "1-lowercase-and-token-and-remove-figure-index": {
    "caption": "ber vs.log \u03c1 for a0\u00d70 uncoded system using 64-qam , k = 20 and snr per bit = 9 db .",
    "sentence": [
      "ber vs.log \u03c1 for a0\u00d70 uncoded system using 64-qam , k = 20 and snr per bit = 9 db ."
    ],
    "token": [
      "ber",
      "vs.log",
      "\u03c1",
      "for",
      "a0\u00d70",
      "uncoded",
      "system",
      "using",
      "64-qam",
      ",",
      "k",
      "=",
      "20",
      "and",
      "snr",
      "per",
      "bit",
      "=",
      "9",
      "db",
      "."
    ]
  },
  "2-normalized": {
    "2-1-basic-num": {
      "caption": "ber vs.log \u03c1 for a0\u00d70 uncoded system using 64-qam , k = NUM-TK and snr per bit = NUM-TK db .",
      "sentence": [
        "ber vs.log \u03c1 for a0\u00d70 uncoded system using 64-qam , k = NUM-TK and snr per bit = NUM-TK db ."
      ],
      "token": [
        "ber",
        "vs.log",
        "\u03c1",
        "for",
        "a0\u00d70",
        "uncoded",
        "system",
        "using",
        "64-qam",
        ",",
        "k",
        "=",
        "NUM-TK",
        "and",
        "snr",
        "per",
        "bit",
        "=",
        "NUM-TK",
        "db",
        "."
      ]
    },
    "2-2-advanced-euqation-bracket": {
      "caption": "ber vs.log \u03c1 for a0\u00d70 uncoded system using 64-qam , EQUAT-TK and snr per EQUAT-TK db .",
      "sentence": [
        "ber vs.log \u03c1 for a0\u00d70 uncoded system using 64-qam , EQUAT-TK and snr per EQUAT-TK db ."
      ],
      "tokens": [
        "ber",
        "vs.log",
        "\u03c1",
        "for",
        "a0\u00d70",
        "uncoded",
        "system",
        "using",
        "64-qam",
        ",",
        "EQUAT-TK",
        "and",
        "snr",
        "per",
        "EQUAT-TK",
        "db",
        "."
      ]
    }
  }
}